day,pnl,low,high,trades,halted
2016-01-05,34.89,0.0,34.89,1,
2016-01-06,-173.05,-173.05,0.0,1,
2016-01-07,-217.05,-217.05,0.0,1,
2016-01-08,19.3,0.0,19.3,1,
2016-01-11,0.0,0.0,0.0,0,weekend skip
2016-01-12,80.0,0.0,80.0,1,
2016-01-13,10.41,0.0,10.41,1,
2016-01-14,47.8,0.0,47.8,1,
2016-01-15,-321.89,-321.89,0.0,1,
2016-01-19,0.0,0.0,0.0,0,weekend skip
2016-01-20,-176.05,-176.05,0.0,1,
2016-01-21,10.89,0.0,10.89,1,
2016-01-22,196.37,0.0,196.37,1,
2016-01-25,0.0,0.0,0.0,0,weekend skip
2016-01-26,37.51,0.0,37.51,1,
2016-01-27,-68.82,-68.82,0.0,1,
2016-01-28,96.88,0.0,96.88,1,
2016-01-29,34.9,0.0,34.9,1,
2016-02-01,0.0,0.0,0.0,0,weekend skip
2016-02-02,-145.12,-145.12,0.0,1,
2016-02-03,83.74,0.0,83.74,1,
2016-02-04,-56.16,-56.16,0.0,1,
2016-02-05,-63.07,-63.07,0.0,1,
2016-02-08,0.0,0.0,0.0,0,weekend skip
2016-02-09,-166.73,-166.73,0.0,1,
2016-02-10,68.85,0.0,68.85,1,
2016-02-11,-222.91,-222.91,0.0,1,
2016-02-12,99.96,0.0,99.96,1,
2016-02-16,0.0,0.0,0.0,0,weekend skip
2016-02-17,71.56,0.0,71.56,1,
2016-02-18,0.0,0.0,0.0,1,
2016-02-19,-51.62,-51.62,0.0,1,
2016-02-22,0.0,0.0,0.0,0,weekend skip
2016-02-23,-50.78,-50.78,0.0,1,
2016-02-24,-129.92,-129.92,0.0,1,
2016-02-25,12.99,0.0,12.99,1,
2016-02-26,53.82,0.0,53.82,1,
2016-02-29,0.0,0.0,0.0,0,weekend skip
2016-03-01,93.39,0.0,93.39,1,
2016-03-02,-21.73,-21.73,0.0,1,
2016-03-03,-6.79,-6.79,0.0,1,
2016-03-04,-7.84,-7.84,0.0,1,
2016-03-07,0.0,0.0,0.0,0,weekend skip
2016-03-08,-77.1,-77.1,0.0,1,
2016-03-09,35.0,0.0,35.0,1,
2016-03-10,24.71,0.0,24.71,1,
2016-03-11,88.32,0.0,88.32,1,
2016-03-14,0.0,0.0,0.0,0,weekend skip
2016-03-15,-78.93,-78.93,0.0,1,
2016-03-16,-69.98,-69.98,0.0,1,
2016-03-17,-34.76,-34.76,0.0,1,
2016-03-18,8.84,0.0,8.84,1,
2016-03-21,0.0,0.0,0.0,0,weekend skip
2016-03-22,-69.12,-69.12,0.0,1,
2016-03-23,-84.56,-84.56,0.0,1,
2016-03-24,-76.35,-76.35,0.0,1,
2016-03-28,19.03,0.0,19.03,1,
2016-03-29,-38.01,-38.01,0.0,1,
2016-03-30,55.46,0.0,55.46,1,
2016-03-31,8.7,0.0,8.7,1,
2016-04-01,-114.93,-114.93,0.0,1,
2016-04-04,0.0,0.0,0.0,0,weekend skip
2016-04-05,-97.97,-97.97,0.0,1,
2016-04-06,-11.01,-11.01,0.0,1,
2016-04-07,-94.73,-94.73,0.0,1,
2016-04-08,94.93,0.0,94.93,1,
2016-04-11,0.0,0.0,0.0,0,weekend skip
2016-04-12,-3.31,-3.31,0.0,1,
2016-04-13,61.09,0.0,61.09,1,
2016-04-14,-13.88,-13.88,0.0,1,
2016-04-15,-39.56,-39.56,0.0,1,
2016-04-18,0.0,0.0,0.0,0,weekend skip
2016-04-19,14.82,0.0,14.82,1,
2016-04-20,-5.29,-5.29,0.0,1,
2016-04-21,-22.17,-22.17,0.0,1,
2016-04-22,-4.25,-4.25,0.0,1,
2016-04-25,0.0,0.0,0.0,0,weekend skip
2016-04-26,37.07,0.0,37.07,1,
2016-04-27,-5.24,-5.24,0.0,1,
2016-04-28,-65.82,-65.82,0.0,1,
2016-04-29,-56.03,-56.03,0.0,1,
2016-05-02,0.0,0.0,0.0,0,weekend skip
2016-05-03,-107.69,-107.69,0.0,1,
2016-05-04,-75.23,-75.23,0.0,1,
2016-05-05,41.18,0.0,41.18,1,
2016-05-06,-54.4,-54.4,0.0,1,
2016-05-09,0.0,0.0,0.0,0,weekend skip
2016-05-10,42.07,0.0,42.07,1,
2016-05-11,-28.84,-28.84,0.0,1,
2016-05-12,21.63,0.0,21.63,1,
2016-05-13,-41.3,-41.3,0.0,1,
2016-05-16,0.0,0.0,0.0,0,weekend skip
2016-05-17,-27.0,-27.0,0.0,1,
2016-05-18,-60.37,-60.37,0.0,1,
2016-05-19,-95.03,-95.03,0.0,1,
2016-05-20,30.28,0.0,30.28,1,
2016-05-23,0.0,0.0,0.0,0,weekend skip
2016-05-24,66.15,0.0,66.15,1,
2016-05-25,29.74,0.0,29.74,1,
2016-05-26,16.9,0.0,16.9,1,
2016-05-27,1.06,0.0,1.06,1,
2016-05-31,0.0,0.0,0.0,0,weekend skip
2016-06-01,-44.88,-44.88,0.0,1,
2016-06-02,-38.33,-38.33,0.0,1,
2016-06-03,-34.97,-34.97,0.0,1,
2016-06-06,0.0,0.0,0.0,0,weekend skip
2016-06-07,-1.02,-1.02,0.0,1,
2016-06-08,4.08,0.0,4.08,1,
2016-06-09,-58.74,-58.74,0.0,1,
2016-06-10,-117.25,-117.25,0.0,1,
2016-06-13,0.0,0.0,0.0,0,weekend skip
2016-06-14,-48.08,-48.08,0.0,1,
2016-06-15,37.73,0.0,37.73,1,
2016-06-16,-96.33,-96.33,0.0,1,
2016-06-17,-23.04,-23.04,0.0,1,
2016-06-20,0.0,0.0,0.0,0,weekend skip
2016-06-21,-6.24,-6.24,0.0,1,
2016-06-22,17.72,0.0,17.72,1,
2016-06-23,119.34,0.0,119.34,1,
2016-06-24,-513.24,-513.24,0.0,1,
2016-06-27,0.0,0.0,0.0,0,weekend skip
2016-06-28,101.55,0.0,101.55,1,
2016-06-29,133.65,0.0,133.65,1,
2016-06-30,15.94,0.0,15.94,1,
2016-07-01,-1.04,-1.04,0.0,1,
2016-07-05,0.0,0.0,0.0,0,weekend skip
2016-07-06,-130.83,-130.83,0.0,1,
2016-07-07,20.0,0.0,20.0,1,
2016-07-08,102.95,0.0,102.95,1,
2016-07-11,0.0,0.0,0.0,0,weekend skip
2016-07-12,78.18,0.0,78.18,1,
2016-07-13,54.11,0.0,54.11,1,
2016-07-14,98.59,0.0,98.59,1,
2016-07-15,45.22,0.0,45.22,1,
2016-07-18,0.0,0.0,0.0,0,weekend skip
2016-07-19,-21.01,-21.01,0.0,1,
2016-07-20,24.14,0.0,24.14,1,
2016-07-21,-16.98,-16.98,0.0,1,
2016-07-22,-1.0,-1.0,0.0,1,
2016-07-25,0.0,0.0,0.0,0,weekend skip
2016-07-26,-6.99,-6.99,0.0,1,
2016-07-27,10.92,0.0,10.92,1,
2016-07-28,-28.73,-28.73,0.0,1,
2016-07-29,-18.86,-18.86,0.0,1,
2016-08-01,0.0,0.0,0.0,0,weekend skip
2016-08-02,-5.94,-5.94,0.0,1,
2016-08-03,-16.07,-16.07,0.0,1,
2016-08-04,-10.95,-10.95,0.0,1,
2016-08-05,72.65,0.0,72.65,1,
2016-08-08,0.0,0.0,0.0,0,weekend skip
2016-08-09,-2.94,-2.94,0.0,1,
2016-08-10,-6.86,-6.86,0.0,1,
2016-08-11,45.42,0.0,45.42,1,
2016-08-12,-32.42,-32.42,0.0,1,
2016-08-15,0.0,0.0,0.0,0,weekend skip
2016-08-16,-38.88,-38.88,0.0,1,
2016-08-17,-1.96,-1.96,0.0,1,
2016-08-18,-2.95,-2.95,0.0,1,
2016-08-19,-27.32,-27.32,0.0,1,
2016-08-22,0.0,0.0,0.0,0,weekend skip
2016-08-23,33.11,0.0,33.11,1,
2016-08-24,-22.23,-22.23,0.0,1,
2016-08-25,-48.75,-48.75,0.0,1,
2016-08-26,3.89,0.0,3.89,1,
2016-08-29,0.0,0.0,0.0,0,weekend skip
2016-08-30,6.79,0.0,6.79,1,
2016-08-31,-21.3,-21.3,0.0,1,
2016-09-01,1.95,0.0,1.95,1,
2016-09-02,61.29,0.0,61.29,1,
2016-09-06,0.0,0.0,0.0,0,weekend skip
2016-09-07,-17.32,-17.32,0.0,1,
2016-09-08,-15.31,-15.31,0.0,1,
2016-09-09,-102.54,-102.54,0.0,1,
2016-09-12,0.0,0.0,0.0,0,weekend skip
2016-09-13,-90.76,-90.76,0.0,1,
2016-09-14,9.95,0.0,9.95,1,
2016-09-15,1.99,0.0,1.99,1,
2016-09-16,-65.84,-65.84,0.0,1,
2016-09-19,0.0,0.0,0.0,0,weekend skip
2016-09-20,44.0,0.0,44.0,1,
2016-09-21,32.4,0.0,32.4,1,
2016-09-22,68.73,0.0,68.73,1,
2016-09-23,-22.9,-22.9,0.0,1,
2016-09-26,0.0,0.0,0.0,0,weekend skip
2016-09-27,-14.6,-14.6,0.0,1,
2016-09-28,9.69,0.0,9.69,1,
2016-09-29,-13.47,-13.47,0.0,1,
2016-09-30,45.89,0.0,45.89,1,
2016-10-03,0.0,0.0,0.0,0,weekend skip
2016-10-04,13.56,0.0,13.56,1,
2016-10-05,37.0,0.0,37.0,1,
2016-10-06,-28.06,-28.06,0.0,1,
2016-10-07,13.56,0.0,13.56,1,
2016-10-10,0.0,0.0,0.0,0,weekend skip
2016-10-11,-28.96,-28.96,0.0,1,
2016-10-12,0.98,0.0,0.98,1,
2016-10-13,-97.42,-97.42,0.0,1,
2016-10-14,37.71,0.0,37.71,1,
2016-10-17,0.0,0.0,0.0,0,weekend skip
2016-10-18,115.69,0.0,115.69,1,
2016-10-19,17.86,0.0,17.86,1,
2016-10-20,-36.54,-36.54,0.0,1,
2016-10-21,-95.07,-95.07,0.0,1,
2016-10-24,0.0,0.0,0.0,0,weekend skip
2016-10-25,-10.83,-10.83,0.0,1,
2016-10-26,-85.34,-85.34,0.0,1,
2016-10-27,28.05,0.0,28.05,1,
2016-10-28,-13.18,-13.18,0.0,1,
2016-10-31,0.0,0.0,0.0,0,weekend skip
2016-11-01,10.12,0.0,10.12,1,
2016-11-02,-27.67,-27.67,0.0,1,
2016-11-03,25.95,0.0,25.95,1,
2016-11-04,22.95,0.0,22.95,1,
2016-11-07,0.0,0.0,0.0,0,weekend skip
2016-11-08,-31.37,-31.37,0.0,1,
2016-11-09,-84.79,-84.79,0.0,1,
2016-11-10,160.54,0.0,160.54,1,
2016-11-11,46.27,0.0,46.27,1,
2016-11-14,0.0,0.0,0.0,0,weekend skip
2016-11-15,-33.44,-33.44,0.0,1,
2016-11-16,-31.49,-31.49,0.0,1,
2016-11-17,26.85,0.0,26.85,1,
2016-11-18,31.31,0.0,31.31,1,
2016-11-21,0.0,0.0,0.0,0,weekend skip
2016-11-22,40.11,0.0,40.11,1,
2016-11-23,-37.03,-37.03,0.0,1,
2016-11-25,4.49,0.0,4.49,1,
2016-11-28,0.0,0.0,0.0,0,weekend skip
2016-11-29,5.44,0.0,5.44,1,
2016-11-30,51.69,0.0,51.69,1,
2016-12-01,51.96,0.0,51.96,1,
2016-12-02,-6.41,-6.41,0.0,1,
2016-12-05,0.0,0.0,0.0,0,weekend skip
2016-12-06,22.52,0.0,22.52,1,
2016-12-07,-8.91,-8.91,0.0,1,
2016-12-08,27.37,0.0,27.37,1,
2016-12-09,23.46,0.0,23.46,1,
2016-12-12,0.0,0.0,0.0,0,weekend skip
2016-12-13,56.99,0.0,56.99,1,
2016-12-14,-43.83,-43.83,0.0,1,
2016-12-15,15.98,0.0,15.98,1,
2016-12-16,8.81,0.0,8.81,1,
2016-12-19,0.0,0.0,0.0,0,weekend skip
2016-12-20,35.09,0.0,35.09,1,
2016-12-21,-13.05,-13.05,0.0,1,
2016-12-22,-48.15,-48.15,0.0,1,
2016-12-23,6.21,0.0,6.21,1,
2016-12-27,0.0,0.0,0.0,0,weekend skip
2016-12-28,14.04,0.0,14.04,1,
2016-12-29,0.89,0.0,0.89,1,
2016-12-30,13.29,0.0,13.29,1,
2017-01-03,0.0,0.0,0.0,0,weekend skip
2017-01-04,38.94,0.0,38.94,1,
2017-01-05,-36.55,-36.55,0.0,1,
2017-01-06,21.15,0.0,21.15,1,
2017-01-09,0.0,0.0,0.0,0,weekend skip
2017-01-10,15.13,0.0,15.13,1,
2017-01-11,6.17,0.0,6.17,1,
2017-01-12,-22.0,-22.0,0.0,1,
2017-01-13,27.49,0.0,27.49,1,
2017-01-17,0.0,0.0,0.0,0,weekend skip
2017-01-18,29.46,0.0,29.46,1,
2017-01-19,21.35,0.0,21.35,1,
2017-01-20,38.58,0.0,38.58,1,
2017-01-23,0.0,0.0,0.0,0,weekend skip
2017-01-24,34.05,0.0,34.05,1,
2017-01-25,96.24,0.0,96.24,1,
2017-01-26,-4.37,-4.37,0.0,1,
2017-01-27,-0.88,-0.88,0.0,1,
2017-01-30,0.0,0.0,0.0,0,weekend skip
2017-01-31,-49.12,-49.12,0.0,1,
2017-02-01,86.97,0.0,86.97,1,
2017-02-02,1.77,0.0,1.77,1,
2017-02-03,101.49,0.0,101.49,1,
2017-02-06,0.0,0.0,0.0,0,weekend skip
2017-02-07,-4.42,-4.42,0.0,1,
2017-02-08,-64.75,-64.75,0.0,1,
2017-02-09,15.1,0.0,15.1,1,
2017-02-10,70.1,0.0,70.1,1,
2017-02-13,0.0,0.0,0.0,0,weekend skip
2017-02-14,-41.63,-41.63,0.0,1,
2017-02-15,-59.64,-59.64,0.0,1,
2017-02-16,-17.19,-17.19,0.0,1,
2017-02-17,-69.83,-69.83,0.0,1,
2017-02-21,0.0,0.0,0.0,0,weekend skip
2017-02-22,-21.4,-21.4,0.0,1,
2017-02-23,24.92,0.0,24.92,1,
2017-02-24,-112.44,-112.44,0.0,1,
2017-02-27,0.0,0.0,0.0,0,weekend skip
2017-02-28,-56.57,-56.57,0.0,1,
2017-03-01,150.56,0.0,150.56,1,
2017-03-02,-11.96,-11.96,0.0,1,
2017-03-03,-5.19,-5.19,0.0,1,
2017-03-06,0.0,0.0,0.0,0,weekend skip
2017-03-07,-32.23,-32.23,0.0,1,
2017-03-08,40.36,0.0,40.36,1,
2017-03-09,-9.71,-9.71,0.0,1,
2017-03-10,78.01,0.0,78.01,1,
2017-03-13,0.0,0.0,0.0,0,weekend skip
2017-03-14,-57.2,-57.2,0.0,1,
2017-03-15,57.51,0.0,57.51,1,
2017-03-16,40.95,0.0,40.95,1,
2017-03-17,10.44,0.0,10.44,1,
2017-03-20,0.0,0.0,0.0,0,weekend skip
2017-03-21,53.97,0.0,53.97,1,
2017-03-22,-32.23,-32.23,0.0,1,
2017-03-23,-5.37,-5.37,0.0,1,
2017-03-24,11.57,0.0,11.57,1,
2017-03-27,0.0,0.0,0.0,0,weekend skip
2017-03-28,-47.19,-47.19,0.0,1,
2017-03-29,-12.37,-12.37,0.0,1,
2017-03-30,-2.64,-2.64,0.0,1,
2017-03-31,5.24,0.0,5.24,1,
2017-04-03,0.0,0.0,0.0,0,weekend skip
2017-04-04,-19.4,-19.4,0.0,1,
2017-04-05,76.81,0.0,76.81,1,
2017-04-06,11.61,0.0,11.61,1,
2017-04-07,-37.17,-37.17,0.0,1,
2017-04-10,0.0,0.0,0.0,0,weekend skip
2017-04-11,-53.88,-53.88,0.0,1,
2017-04-12,-28.04,-28.04,0.0,1,
2017-04-13,-24.87,-24.87,0.0,1,
2017-04-17,28.72,0.0,28.72,1,
2017-04-18,-54.1,-54.1,0.0,1,
2017-04-19,30.14,0.0,30.14,1,
2017-04-20,37.09,0.0,37.09,1,
2017-04-21,-29.66,-29.66,0.0,1,
2017-04-24,0.0,0.0,0.0,0,weekend skip
2017-04-25,107.08,0.0,107.08,1,
2017-04-26,-11.98,-11.98,0.0,1,
2017-04-27,26.38,0.0,26.38,1,
2017-04-28,-2.55,-2.55,0.0,1,
2017-05-01,0.0,0.0,0.0,0,weekend skip
2017-05-02,5.15,0.0,5.15,1,
2017-05-03,-62.08,-62.08,0.0,1,
2017-05-04,10.41,0.0,10.41,1,
2017-05-05,46.05,0.0,46.05,1,
2017-05-08,0.0,0.0,0.0,0,weekend skip
2017-05-09,11.27,0.0,11.27,1,
2017-05-10,-33.82,-33.82,0.0,1,
2017-05-11,-52.57,-52.57,0.0,1,
2017-05-12,-51.19,-51.19,0.0,1,
2017-05-15,0.0,0.0,0.0,0,weekend skip
2017-05-16,29.44,0.0,29.44,1,
2017-05-17,-207.65,-207.65,0.0,1,
2017-05-18,-35.57,-35.57,0.0,1,
2017-05-19,20.39,0.0,20.39,1,
2017-05-22,0.0,0.0,0.0,0,weekend skip
2017-05-23,21.9,0.0,21.9,1,
2017-05-24,2.62,0.0,2.62,1,
2017-05-25,50.61,0.0,50.61,1,
2017-05-26,-25.28,-25.28,0.0,1,
2017-05-30,0.0,0.0,0.0,0,weekend skip
2017-05-31,25.5,0.0,25.5,1,
2017-06-01,25.52,0.0,25.52,1,
2017-06-02,34.53,0.0,34.53,1,
2017-06-05,0.0,0.0,0.0,0,weekend skip
2017-06-06,-82.86,-82.86,0.0,1,
2017-06-07,-4.32,-4.32,0.0,1,
2017-06-08,-7.77,-7.77,0.0,1,
2017-06-09,43.44,0.0,43.44,1,
2017-06-12,0.0,0.0,0.0,0,weekend skip
2017-06-13,30.55,0.0,30.55,1,
2017-06-14,-11.82,-11.82,0.0,1,
2017-06-15,-138.43,-138.43,0.0,1,
2017-06-16,-50.36,-50.36,0.0,1,
2017-06-19,0.0,0.0,0.0,0,weekend skip
2017-06-20,-34.83,-34.83,0.0,1,
2017-06-21,17.17,0.0,17.17,1,
2017-06-22,-11.19,-11.19,0.0,1,
2017-06-23,8.57,0.0,8.57,1,
2017-06-26,0.0,0.0,0.0,0,weekend skip
2017-06-27,-3.4,-3.4,0.0,1,
2017-06-28,65.2,0.0,65.2,1,
2017-06-29,12.67,0.0,12.67,1,
2017-06-30,2.55,0.0,2.55,1,
2017-07-03,0.0,0.0,0.0,0,weekend skip
2017-07-05,-29.57,-29.57,0.0,1,
2017-07-06,-148.26,-148.26,0.0,1,
2017-07-07,19.83,0.0,19.83,1,
2017-07-10,0.0,0.0,0.0,0,weekend skip
2017-07-11,-14.58,-14.58,0.0,1,
2017-07-12,59.01,0.0,59.01,1,
2017-07-13,-17.82,-17.82,0.0,1,
2017-07-14,-39.85,-39.85,0.0,1,
2017-07-17,0.0,0.0,0.0,0,weekend skip
2017-07-18,-51.51,-51.51,0.0,1,
2017-07-19,11.01,0.0,11.01,1,
2017-07-20,-7.54,-7.54,0.0,1,
2017-07-21,-20.95,-20.95,0.0,1,
2017-07-24,0.0,0.0,0.0,0,weekend skip
2017-07-25,65.55,0.0,65.55,1,
2017-07-26,2.5,0.0,2.5,1,
2017-07-27,12.56,0.0,12.56,1,
2017-07-28,-32.87,-32.87,0.0,1,
2017-07-31,0.0,0.0,0.0,0,weekend skip
2017-08-01,50.87,0.0,50.87,1,
2017-08-02,-24.54,-24.54,0.0,1,
2017-08-03,7.7,0.0,7.7,1,
2017-08-04,24.93,0.0,24.93,1,
2017-08-07,0.0,0.0,0.0,0,weekend skip
2017-08-08,-11.1,-11.1,0.0,1,
2017-08-09,-83.11,-83.11,0.0,1,
2017-08-10,-51.86,-51.86,0.0,1,
2017-08-11,-14.96,-14.96,0.0,1,
2017-08-14,0.0,0.0,0.0,0,weekend skip
2017-08-15,17.32,0.0,17.32,1,
2017-08-16,16.59,0.0,16.59,1,
2017-08-17,-47.13,-47.13,0.0,1,
2017-08-18,-47.12,-47.12,0.0,1,
2017-08-21,0.0,0.0,0.0,0,weekend skip
2017-08-22,30.25,0.0,30.25,1,
2017-08-23,-73.06,-73.06,0.0,1,
2017-08-24,45.85,0.0,45.85,1,
2017-08-25,27.25,0.0,27.25,1,
2017-08-28,0.0,0.0,0.0,0,weekend skip
2017-08-29,-92.5,-92.5,0.0,1,
2017-08-30,-19.19,-19.19,0.0,1,
2017-08-31,42.49,0.0,42.49,1,
2017-09-01,13.74,0.0,13.74,1,
2017-09-05,0.0,0.0,0.0,0,weekend skip
2017-09-06,42.24,0.0,42.24,1,
2017-09-07,6.02,0.0,6.02,1,
2017-09-08,-20.7,-20.7,0.0,1,
2017-09-11,0.0,0.0,0.0,0,weekend skip
2017-09-12,23.88,0.0,23.88,1,
2017-09-13,-16.95,-16.95,0.0,1,
2017-09-14,-21.97,-21.97,0.0,1,
2017-09-15,-22.84,-22.84,0.0,1,
2017-09-18,0.0,0.0,0.0,0,weekend skip
2017-09-19,7.53,0.0,7.53,1,
2017-09-20,8.37,0.0,8.37,1,
2017-09-21,7.51,0.0,7.51,1,
2017-09-22,-9.6,-9.6,0.0,1,
2017-09-25,0.0,0.0,0.0,0,weekend skip
2017-09-26,-26.57,-26.57,0.0,1,
2017-09-27,78.81,0.0,78.81,1,
2017-09-28,-22.78,-22.78,0.0,1,
2017-09-29,-0.81,-0.81,0.0,1,
2017-10-02,0.0,0.0,0.0,0,weekend skip
2017-10-03,4.8,0.0,4.8,1,
2017-10-04,-25.54,-25.54,0.0,1,
2017-10-05,29.62,0.0,29.62,1,
2017-10-06,-47.12,-47.12,0.0,1,
2017-10-09,0.0,0.0,0.0,0,weekend skip
2017-10-10,35.33,0.0,35.33,1,
2017-10-11,1.6,0.0,1.6,1,
2017-10-12,-26.44,-26.44,0.0,1,
2017-10-13,17.64,0.0,17.64,1,
2017-10-16,0.0,0.0,0.0,0,weekend skip
2017-10-17,-4.02,-4.02,0.0,1,
2017-10-18,51.6,0.0,51.6,1,
2017-10-19,-67.4,-67.4,0.0,1,
2017-10-20,76.34,0.0,76.34,1,
2017-10-23,0.0,0.0,0.0,0,weekend skip
2017-10-24,37.88,0.0,37.88,1,
2017-10-25,-24.13,-24.13,0.0,1,
2017-10-26,35.56,0.0,35.56,1,
2017-10-27,1.61,0.0,1.61,1,
2017-10-30,0.0,0.0,0.0,0,weekend skip
2017-10-31,42.91,0.0,42.91,1,
2017-11-01,92.42,0.0,92.42,1,
2017-11-02,-12.13,-12.13,0.0,1,
2017-11-03,-26.62,-26.62,0.0,1,
2017-11-06,0.0,0.0,0.0,0,weekend skip
2017-11-07,-6.45,-6.45,0.0,1,
2017-11-08,-35.9,-35.9,0.0,1,
2017-11-09,-82.31,-82.31,0.0,1,
2017-11-10,-1.64,-1.64,0.0,1,
2017-11-13,0.0,0.0,0.0,0,weekend skip
2017-11-14,-53.19,-53.19,0.0,1,
2017-11-15,-77.94,-77.94,0.0,1,
2017-11-16,42.01,0.0,42.01,1,
2017-11-17,-49.52,-49.52,0.0,1,
2017-11-20,0.0,0.0,0.0,0,weekend skip
2017-11-21,48.14,0.0,48.14,1,
2017-11-22,9.53,0.0,9.53,1,
2017-11-24,20.67,0.0,20.67,1,
2017-11-27,0.0,0.0,0.0,0,weekend skip
2017-11-28,39.07,0.0,39.07,1,
2017-11-29,29.82,0.0,29.82,1,
2017-11-30,50.84,0.0,50.84,1,
2017-12-01,-0.78,-0.78,0.0,1,
2017-12-04,0.0,0.0,0.0,0,weekend skip
2017-12-05,34.63,0.0,34.63,1,
2017-12-06,-14.31,-14.31,0.0,1,
2017-12-07,1.6,0.0,1.6,1,
2017-12-08,43.62,0.0,43.62,1,
2017-12-11,0.0,0.0,0.0,0,weekend skip
2017-12-12,23.78,0.0,23.78,1,
2017-12-13,-11.93,-11.93,0.0,1,
2017-12-14,0.79,0.0,0.79,1,
2017-12-15,73.54,0.0,73.54,1,
2017-12-18,0.0,0.0,0.0,0,weekend skip
2017-12-19,30.33,0.0,30.33,1,
2017-12-20,46.24,0.0,46.24,1,
2017-12-21,-16.43,-16.43,0.0,1,
2017-12-22,-11.73,-11.73,0.0,1,
2017-12-26,0.0,0.0,0.0,0,weekend skip
2017-12-27,-10.96,-10.96,0.0,1,
2017-12-28,4.7,0.0,4.7,1,
2017-12-29,26.53,0.0,26.53,1,
2018-01-02,0.0,0.0,0.0,0,weekend skip
2018-01-03,-12.47,-12.47,0.0,1,
2018-01-04,65.41,0.0,65.41,1,
2018-01-05,27.96,0.0,27.96,1,
2018-01-08,0.0,0.0,0.0,0,weekend skip
2018-01-09,12.38,0.0,12.38,1,
2018-01-10,-34.09,-34.09,0.0,1,
2018-01-11,13.95,0.0,13.95,1,
2018-01-12,9.14,0.0,9.14,1,
2018-01-16,0.0,0.0,0.0,0,weekend skip
2018-01-17,46.11,0.0,46.11,1,
2018-01-18,-35.77,-35.77,0.0,1,
2018-01-19,9.2,0.0,9.2,1,
2018-01-22,0.0,0.0,0.0,0,weekend skip
2018-01-23,-19.57,-19.57,0.0,1,
2018-01-24,27.0,0.0,27.0,1,
2018-01-25,46.8,0.0,46.8,1,
2018-01-26,32.44,0.0,32.44,1,
2018-01-29,0.0,0.0,0.0,0,weekend skip
2018-01-30,-83.91,-83.91,0.0,1,
2018-01-31,36.64,0.0,36.64,1,
2018-02-01,-54.47,-54.47,0.0,1,
2018-02-02,-62.71,-62.71,0.0,1,
2018-02-05,0.0,0.0,0.0,0,weekend skip
2018-02-06,-205.09,-205.09,0.0,1,
2018-02-07,-12.82,-12.82,0.0,1,
2018-02-08,8.81,0.0,8.81,1,
2018-02-09,102.28,0.0,102.28,1,
2018-02-12,0.0,0.0,0.0,0,weekend skip
2018-02-13,-70.45,-70.45,0.0,1,
2018-02-14,-75.14,-75.14,0.0,1,
2018-02-15,80.17,0.0,80.17,1,
2018-02-16,-14.13,-14.13,0.0,1,
2018-02-20,0.0,0.0,0.0,0,weekend skip
2018-02-21,23.67,0.0,23.67,1,
2018-02-22,39.01,0.0,39.01,1,
2018-02-23,72.62,0.0,72.62,1,
2018-02-26,0.0,0.0,0.0,0,weekend skip
2018-02-27,11.61,0.0,11.61,1,
2018-02-28,25.13,0.0,25.13,1,
2018-03-01,-32.71,-32.71,0.0,1,
2018-03-02,-104.81,-104.81,0.0,1,
2018-03-05,0.0,0.0,0.0,0,weekend skip
2018-03-06,55.43,0.0,55.43,1,
2018-03-07,-74.91,-74.91,0.0,1,
2018-03-08,8.42,0.0,8.42,1,
2018-03-09,62.89,0.0,62.89,1,
2018-03-12,0.0,0.0,0.0,0,weekend skip
2018-03-13,54.26,0.0,54.26,1,
2018-03-14,53.77,0.0,53.77,1,
2018-03-15,25.11,0.0,25.11,1,
2018-03-16,0.0,0.0,0.0,1,
2018-03-19,0.0,0.0,0.0,0,weekend skip
2018-03-20,23.03,0.0,23.03,1,
2018-03-21,0.0,0.0,0.0,1,
2018-03-22,-118.72,-118.72,0.0,1,
2018-03-23,10.17,0.0,10.17,1,
2018-03-26,0.0,0.0,0.0,0,weekend skip
2018-03-27,19.56,0.0,19.56,1,
2018-03-28,24.73,0.0,24.73,1,
2018-03-29,54.27,0.0,54.27,1,
2018-04-02,-31.41,-31.41,0.0,1,
2018-04-03,59.09,0.0,59.09,1,
2018-04-04,-142.95,-142.95,0.0,1,
2018-04-05,64.66,0.0,64.66,1,
2018-04-06,-82.92,-82.92,0.0,1,
2018-04-09,0.0,0.0,0.0,0,weekend skip
2018-04-10,123.54,0.0,123.54,1,
2018-04-11,-49.29,-49.29,0.0,1,
2018-04-12,52.29,0.0,52.29,1,
2018-04-13,37.22,0.0,37.22,1,
2018-04-16,0.0,0.0,0.0,0,weekend skip
2018-04-17,60.23,0.0,60.23,1,
2018-04-18,33.62,0.0,33.62,1,
2018-04-19,-27.43,-27.43,0.0,1,
2018-04-20,-32.98,-32.98,0.0,1,
2018-04-23,0.0,0.0,0.0,0,weekend skip
2018-04-24,40.17,0.0,40.17,1,
2018-04-25,-11.65,-11.65,0.0,1,
2018-04-26,12.45,0.0,12.45,1,
2018-04-27,-9.29,-9.29,0.0,1,
2018-04-30,0.0,0.0,0.0,0,weekend skip
2018-05-01,-28.95,-28.95,0.0,1,
2018-05-02,-25.7,-25.7,0.0,1,
2018-05-03,-46.55,-46.55,0.0,1,
2018-05-04,-48.36,-48.36,0.0,1,
2018-05-07,0.0,0.0,0.0,0,weekend skip
2018-05-08,-14.52,-14.52,0.0,1,
2018-05-09,6.84,0.0,6.84,1,
2018-05-10,10.58,0.0,10.58,1,
2018-05-11,-0.75,-0.75,0.0,1,
2018-05-14,0.0,0.0,0.0,0,weekend skip
2018-05-15,-42.94,-42.94,0.0,1,
2018-05-16,8.29,0.0,8.29,1,
2018-05-17,1.49,0.0,1.49,1,
2018-05-18,16.33,0.0,16.33,1,
2018-05-21,0.0,0.0,0.0,0,weekend skip
2018-05-22,17.67,0.0,17.67,1,
2018-05-23,-33.38,-33.38,0.0,1,
2018-05-24,-9.63,-9.63,0.0,1,
2018-05-25,-25.92,-25.92,0.0,1,
2018-05-29,0.0,0.0,0.0,0,weekend skip
2018-05-30,55.7,0.0,55.7,1,
2018-05-31,-0.73,-0.73,0.0,1,
2018-06-01,84.1,0.0,84.1,1,
2018-06-04,0.0,0.0,0.0,0,weekend skip
2018-06-05,-15.3,-15.3,0.0,1,
2018-06-06,-5.07,-5.07,0.0,1,
2018-06-07,7.91,0.0,7.91,1,
2018-06-08,-0.72,-0.72,0.0,1,
2018-06-11,0.0,0.0,0.0,0,weekend skip
2018-06-12,5.04,0.0,5.04,1,
2018-06-13,13.61,0.0,13.61,1,
2018-06-14,37.38,0.0,37.38,1,
2018-06-15,-45.77,-45.77,0.0,1,
2018-06-18,0.0,0.0,0.0,0,weekend skip
2018-06-19,-78.99,-78.99,0.0,1,
2018-06-20,51.93,0.0,51.93,1,
2018-06-21,-5.65,-5.65,0.0,1,
2018-06-22,42.76,0.0,42.76,1,
2018-06-25,0.0,0.0,0.0,0,weekend skip
2018-06-26,5.09,0.0,5.09,1,
2018-06-27,3.61,0.0,3.61,1,
2018-06-28,-16.16,-16.16,0.0,1,
2018-06-29,27.82,0.0,27.82,1,
2018-07-02,0.0,0.0,0.0,0,weekend skip
2018-07-03,-18.19,-18.19,0.0,1,
2018-07-05,60.37,0.0,60.37,1,
2018-07-06,5.75,0.0,5.75,1,
2018-07-09,0.0,0.0,0.0,0,weekend skip
2018-07-10,15.59,0.0,15.59,1,
2018-07-11,-66.23,-66.23,0.0,1,
2018-07-12,60.29,0.0,60.29,1,
2018-07-13,-6.43,-6.43,0.0,1,
2018-07-16,0.0,0.0,0.0,0,weekend skip
2018-07-17,-5.76,-5.76,0.0,1,
2018-07-18,-15.76,-15.76,0.0,1,
2018-07-19,-20.0,-20.0,0.0,1,
2018-07-20,-28.37,-28.37,0.0,1,
2018-07-23,0.0,0.0,0.0,0,weekend skip
2018-07-24,48.36,0.0,48.36,1,
2018-07-25,-0.72,-0.72,0.0,1,
2018-07-26,10.75,0.0,10.75,1,
2018-07-27,4.99,0.0,4.99,1,
2018-07-30,0.0,0.0,0.0,0,weekend skip
2018-07-31,19.0,0.0,19.0,1,
2018-08-01,-19.53,-19.53,0.0,1,
2018-08-02,-63.69,-63.69,0.0,1,
2018-08-03,5.75,0.0,5.75,1,
2018-08-06,0.0,0.0,0.0,0,weekend skip
2018-08-07,34.41,0.0,34.41,1,
2018-08-08,-4.29,-4.29,0.0,1,
2018-08-09,0.0,0.0,0.0,1,
2018-08-10,-72.84,-72.84,0.0,1,
2018-08-13,0.0,0.0,0.0,0,weekend skip
2018-08-14,18.73,0.0,18.73,1,
2018-08-15,-42.08,-42.08,0.0,1,
2018-08-16,50.56,0.0,50.56,1,
2018-08-17,-12.17,-12.17,0.0,1,
2018-08-20,0.0,0.0,0.0,0,weekend skip
2018-08-21,19.9,0.0,19.9,1,
2018-08-22,-14.76,-14.76,0.0,1,
2018-08-23,-11.21,-11.21,0.0,1,
2018-08-24,28.82,0.0,28.82,1,
2018-08-27,0.0,0.0,0.0,0,weekend skip
2018-08-28,16.06,0.0,16.06,1,
2018-08-29,2.44,0.0,2.44,1,
2018-08-30,-27.82,-27.82,0.0,1,
2018-08-31,-32.02,-32.02,0.0,1,
2018-09-04,0.0,0.0,0.0,0,weekend skip
2018-09-05,-13.93,-13.93,0.0,1,
2018-09-06,17.45,0.0,17.45,1,
2018-09-07,-34.45,-34.45,0.0,1,
2018-09-10,0.0,0.0,0.0,0,weekend skip
2018-09-11,-21.77,-21.77,0.0,1,
2018-09-12,-21.05,-21.05,0.0,1,
2018-09-13,41.49,0.0,41.49,1,
2018-09-14,7.03,0.0,7.03,1,
2018-09-17,0.0,0.0,0.0,0,weekend skip
2018-09-18,17.7,0.0,17.7,1,
2018-09-19,-1.41,-1.41,0.0,1,
2018-09-20,46.68,0.0,46.68,1,
2018-09-21,32.23,0.0,32.23,1,
2018-09-24,0.0,0.0,0.0,0,weekend skip
2018-09-25,17.67,0.0,17.67,1,
2018-09-26,-10.58,-10.58,0.0,1,
2018-09-27,22.86,0.0,22.86,1,
2018-09-28,-42.85,-42.85,0.0,1,
2018-10-01,0.0,0.0,0.0,0,weekend skip
2018-10-02,-10.1,-10.1,0.0,1,
2018-10-03,40.83,0.0,40.83,1,
2018-10-04,-44.81,-44.81,0.0,1,
2018-10-05,0.0,0.0,0.0,1,
2018-10-08,0.0,0.0,0.0,0,weekend skip
2018-10-09,-22.98,-22.98,0.0,1,
2018-10-10,-32.75,-32.75,0.0,1,
2018-10-11,-70.46,-70.46,0.0,1,
2018-10-12,148.97,0.0,148.97,1,
2018-10-15,0.0,0.0,0.0,0,weekend skip
2018-10-16,75.45,0.0,75.45,1,
2018-10-17,-34.0,-34.0,0.0,1,
2018-10-18,-52.38,-52.38,0.0,1,
2018-10-19,25.53,0.0,25.53,1,
2018-10-22,0.0,0.0,0.0,0,weekend skip
2018-10-23,-168.58,-168.58,0.0,1,
2018-10-24,-26.89,-26.89,0.0,1,
2018-10-25,60.85,0.0,60.85,1,
2018-10-26,-127.97,-127.97,0.0,1,
2018-10-29,0.0,0.0,0.0,0,weekend skip
2018-10-30,3.27,0.0,3.27,1,
2018-10-31,124.27,0.0,124.27,1,
2018-11-01,47.92,0.0,47.92,1,
2018-11-02,43.0,0.0,43.0,1,
2018-11-05,0.0,0.0,0.0,0,weekend skip
2018-11-06,-23.39,-23.39,0.0,1,
2018-11-07,51.21,0.0,51.21,1,
2018-11-08,-58.72,-58.72,0.0,1,
2018-11-09,-81.01,-81.01,0.0,1,
2018-11-12,0.0,0.0,0.0,0,weekend skip
2018-11-13,36.53,0.0,36.53,1,
2018-11-14,96.43,0.0,96.43,1,
2018-11-15,-81.89,-81.89,0.0,1,
2018-11-16,-84.67,-84.67,0.0,1,
2018-11-19,0.0,0.0,0.0,0,weekend skip
2018-11-20,-135.4,-135.4,0.0,1,
2018-11-21,53.39,0.0,53.39,1,
2018-11-23,-98.91,-98.91,0.0,1,
2018-11-26,0.0,0.0,0.0,0,weekend skip
2018-11-27,-55.26,-55.26,0.0,1,
2018-11-28,43.6,0.0,43.6,1,
2018-11-29,-57.52,-57.52,0.0,1,
2018-11-30,-33.98,-33.98,0.0,1,
2018-12-03,0.0,0.0,0.0,0,weekend skip
2018-12-04,-34.25,-34.25,0.0,1,
2018-12-06,-177.24,-177.24,0.0,1,
2018-12-07,-3.26,-3.26,0.0,1,
2018-12-10,0.0,0.0,0.0,0,weekend skip
2018-12-11,163.7,0.0,163.7,1,
2018-12-12,117.95,0.0,117.95,1,
2018-12-13,29.82,0.0,29.82,1,
2018-12-14,-93.27,-93.27,0.0,1,
2018-12-17,0.0,0.0,0.0,0,weekend skip
2018-12-18,105.97,0.0,105.97,1,
2018-12-19,-4.39,-4.39,0.0,1,
2018-12-20,-42.07,-42.07,0.0,1,
2018-12-21,47.34,0.0,47.34,1,
2018-12-24,0.0,0.0,0.0,0,weekend skip
2018-12-26,81.34,0.0,81.34,1,
2018-12-27,-157.31,-157.31,0.0,1,
2018-12-28,3.63,0.0,3.63,1,
2018-12-31,0.0,0.0,0.0,0,weekend skip
2019-01-02,-163.04,-163.04,0.0,1,
2019-01-03,-76.59,-76.59,0.0,1,
2019-01-04,147.9,0.0,147.9,1,
2019-01-07,0.0,0.0,0.0,0,weekend skip
2019-01-08,95.38,0.0,95.38,1,
2019-01-09,38.94,0.0,38.94,1,
2019-01-10,-77.24,-77.24,0.0,1,
2019-01-11,-56.8,-56.8,0.0,1,
2019-01-14,0.0,0.0,0.0,0,weekend skip
2019-01-15,25.3,0.0,25.3,1,
2019-01-16,6.69,0.0,6.69,1,
2019-01-17,-47.32,-47.32,0.0,1,
2019-01-18,55.11,0.0,55.11,1,
2019-01-22,0.0,0.0,0.0,0,weekend skip
2019-01-23,25.66,0.0,25.66,1,
2019-01-24,-17.42,-17.42,0.0,1,
2019-01-25,86.58,0.0,86.58,1,
2019-01-28,0.0,0.0,0.0,0,weekend skip
2019-01-29,9.01,0.0,9.01,1,
2019-01-30,58.26,0.0,58.26,1,
2019-01-31,-20.29,-20.29,0.0,1,
2019-02-01,24.16,0.0,24.16,1,
2019-02-04,0.0,0.0,0.0,0,weekend skip
2019-02-05,-0.79,-0.79,0.0,1,
2019-02-06,-12.7,-12.7,0.0,1,
2019-02-07,-85.06,-85.06,0.0,1,
2019-02-08,-59.3,-59.3,0.0,1,
2019-02-11,0.0,0.0,0.0,0,weekend skip
2019-02-12,59.55,0.0,59.55,1,
2019-02-13,29.8,0.0,29.8,1,
2019-02-14,-71.94,-71.94,0.0,1,
2019-02-15,73.34,0.0,73.34,1,
2019-02-19,0.0,0.0,0.0,0,weekend skip
2019-02-20,-5.36,-5.36,0.0,1,
2019-02-21,-25.92,-25.92,0.0,1,
2019-02-22,31.37,0.0,31.37,1,
2019-02-25,0.0,0.0,0.0,0,weekend skip
2019-02-26,-18.96,-18.96,0.0,1,
2019-02-27,-46.61,-46.61,0.0,1,
2019-02-28,-23.64,-23.64,0.0,1,
2019-03-01,88.8,0.0,88.8,1,
2019-03-04,0.0,0.0,0.0,0,weekend skip
2019-03-05,3.06,0.0,3.06,1,
2019-03-06,-10.76,-10.76,0.0,1,
2019-03-07,-5.49,-5.49,0.0,1,
2019-03-08,-71.98,-71.98,0.0,1,
2019-03-11,0.0,0.0,0.0,0,weekend skip
2019-03-12,7.78,0.0,7.78,1,
2019-03-13,38.86,0.0,38.86,1,
2019-03-14,-11.61,-11.61,0.0,1,
2019-03-15,10.11,0.0,10.11,1,
2019-03-18,0.0,0.0,0.0,0,weekend skip
2019-03-19,50.07,0.0,50.07,1,
2019-03-20,-37.16,-37.16,0.0,1,
2019-03-21,-49.31,-49.31,0.0,1,
2019-03-22,-88.85,-88.85,0.0,1,
2019-03-25,0.0,0.0,0.0,0,weekend skip
2019-03-26,90.22,0.0,90.22,1,
2019-03-27,-16.59,-16.59,0.0,1,
2019-03-28,35.69,0.0,35.69,1,
2019-03-29,78.61,0.0,78.61,1,
2019-04-01,0.0,0.0,0.0,0,weekend skip
2019-04-02,3.1,0.0,3.1,1,
2019-04-03,101.82,0.0,101.82,1,
2019-04-04,3.87,0.0,3.87,1,
2019-04-05,24.62,0.0,24.62,1,
2019-04-08,0.0,0.0,0.0,0,weekend skip
2019-04-09,-54.98,-54.98,0.0,1,
2019-04-10,15.46,0.0,15.46,1,
2019-04-11,10.68,0.0,10.68,1,
2019-04-12,72.54,0.0,72.54,1,
2019-04-15,0.0,0.0,0.0,0,weekend skip
2019-04-16,39.71,0.0,39.71,1,
2019-04-17,39.61,0.0,39.61,1,
2019-04-18,0.77,0.0,0.77,1,
2019-04-22,-31.6,-31.6,0.0,1,
2019-04-23,6.96,0.0,6.96,1,
2019-04-24,-1.52,-1.52,0.0,1,
2019-04-25,-60.72,-60.72,0.0,1,
2019-04-26,10.72,0.0,10.72,1,
2019-04-29,0.0,0.0,0.0,0,weekend skip
2019-04-30,1.51,0.0,1.51,1,
2019-05-01,28.05,0.0,28.05,1,
2019-05-02,-13.01,-13.01,0.0,1,
2019-05-03,55.6,0.0,55.6,1,
2019-05-06,0.0,0.0,0.0,0,weekend skip
2019-05-07,-110.48,-110.48,0.0,1,
2019-05-08,-25.13,-25.13,0.0,1,
2019-05-09,-99.12,-99.12,0.0,1,
2019-05-10,-51.46,-51.46,0.0,1,
2019-05-13,0.0,0.0,0.0,0,weekend skip
2019-05-14,19.78,0.0,19.78,1,
2019-05-15,-97.65,-97.65,0.0,1,
2019-05-16,29.59,0.0,29.59,1,
2019-05-17,-101.36,-101.36,0.0,1,
2019-05-20,0.0,0.0,0.0,0,weekend skip
2019-05-21,61.26,0.0,61.26,1,
2019-05-22,-56.91,-56.91,0.0,1,
2019-05-23,-117.23,-117.23,0.0,1,
2019-05-24,68.23,0.0,68.23,1,
2019-05-28,0.0,0.0,0.0,0,weekend skip
2019-05-29,-68.95,-68.95,0.0,1,
2019-05-30,29.12,0.0,29.12,1,
2019-05-31,-149.21,-149.21,0.0,1,
2019-06-03,0.0,0.0,0.0,0,weekend skip
2019-06-04,124.62,0.0,124.62,1,
2019-06-05,43.15,0.0,43.15,1,
2019-06-06,-7.19,-7.19,0.0,1,
2019-06-07,36.84,0.0,36.84,1,
2019-06-10,0.0,0.0,0.0,0,weekend skip
2019-06-11,84.59,0.0,84.59,1,
2019-06-12,-13.48,-13.48,0.0,1,
2019-06-13,65.77,0.0,65.77,1,
2019-06-14,-18.03,-18.03,0.0,1,
2019-06-17,0.0,0.0,0.0,0,weekend skip
2019-06-18,74.07,0.0,74.07,1,
2019-06-19,13.25,0.0,13.25,1,
2019-06-20,113.36,0.0,113.36,1,
2019-06-21,-18.54,-18.54,0.0,1,
2019-06-24,0.0,0.0,0.0,0,weekend skip
2019-06-25,17.36,0.0,17.36,1,
2019-06-26,38.1,0.0,38.1,1,
2019-06-27,26.25,0.0,26.25,1,
2019-06-28,14.05,0.0,14.05,1,
2019-07-01,0.0,0.0,0.0,0,weekend skip
2019-07-02,-12.3,-12.3,0.0,1,
2019-07-03,27.06,0.0,27.06,1,
2019-07-05,-69.07,-69.07,0.0,1,
2019-07-08,0.0,0.0,0.0,0,weekend skip
2019-07-09,-58.74,-58.74,0.0,1,
2019-07-10,58.69,0.0,58.69,1,
2019-07-11,11.56,0.0,11.56,1,
2019-07-12,14.72,0.0,14.72,1,
2019-07-15,0.0,0.0,0.0,0,weekend skip
2019-07-16,-14.68,-14.68,0.0,1,
2019-07-17,-7.73,-7.73,0.0,1,
2019-07-18,-12.45,-12.45,0.0,1,
2019-07-19,13.18,0.0,13.18,1,
2019-07-22,0.0,0.0,0.0,0,weekend skip
2019-07-23,42.94,0.0,42.94,1,
2019-07-24,-36.45,-36.45,0.0,1,
2019-07-25,-11.44,-11.44,0.0,1,
2019-07-26,13.9,0.0,13.9,1,
2019-07-29,0.0,0.0,0.0,0,weekend skip
2019-07-30,-88.36,-88.36,0.0,1,
2019-07-31,-8.36,-8.36,0.0,1,
2019-08-01,20.69,0.0,20.69,1,
2019-08-02,-79.32,-79.32,0.0,1,
2019-08-05,0.0,0.0,0.0,0,weekend skip
2019-08-06,68.92,0.0,68.92,1,
2019-08-07,-121.29,-121.29,0.0,1,
2019-08-08,60.26,0.0,60.26,1,
2019-08-09,-40.9,-40.9,0.0,1,
2019-08-12,0.0,0.0,0.0,0,weekend skip
2019-08-13,-31.47,-31.47,0.0,1,
2019-08-14,-193.18,-193.18,0.0,1,
2019-08-15,38.6,0.0,38.6,1,
2019-08-16,42.04,0.0,42.04,1,
2019-08-19,0.0,0.0,0.0,0,weekend skip
2019-08-20,-24.77,-24.77,0.0,1,
2019-08-21,114.24,0.0,114.24,1,
2019-08-22,19.15,0.0,19.15,1,
2019-08-23,-67.19,-67.19,0.0,1,
2019-08-26,0.0,0.0,0.0,0,weekend skip
2019-08-27,70.17,0.0,70.17,1,
2019-08-28,-28.16,-28.16,0.0,1,
2019-08-29,125.27,0.0,125.27,1,
2019-08-30,57.13,0.0,57.13,1,
2019-09-03,0.0,0.0,0.0,0,weekend skip
2019-09-04,105.53,0.0,105.53,1,
2019-09-05,155.77,0.0,155.77,1,
2019-09-06,6.38,0.0,6.38,1,
2019-09-09,0.0,0.0,0.0,0,weekend skip
2019-09-10,-22.12,-22.12,0.0,1,
2019-09-11,49.14,0.0,49.14,1,
2019-09-12,11.47,0.0,11.47,1,
2019-09-13,60.37,0.0,60.37,1,
2019-09-16,0.0,0.0,0.0,0,weekend skip
2019-09-17,-44.83,-44.83,0.0,1,
2019-09-18,-2.29,-2.29,0.0,1,
2019-09-19,21.47,0.0,21.47,1,
2019-09-20,-11.56,-11.56,0.0,1,
2019-09-23,0.0,0.0,0.0,0,weekend skip
2019-09-24,-17.77,-17.77,0.0,1,
2019-09-25,-16.53,-16.53,0.0,1,
2019-09-26,-14.8,-14.8,0.0,1,
2019-09-27,27.55,0.0,27.55,1,
2019-09-30,0.0,0.0,0.0,0,weekend skip
2019-10-01,53.91,0.0,53.91,1,
2019-10-02,-70.33,-70.33,0.0,1,
2019-10-03,-48.89,-48.89,0.0,1,
2019-10-04,12.99,0.0,12.99,1,
2019-10-07,0.0,0.0,0.0,0,weekend skip
2019-10-08,-124.89,-124.89,0.0,1,
2019-10-09,84.37,0.0,84.37,1,
2019-10-10,12.23,0.0,12.23,1,
2019-10-11,160.8,0.0,160.8,1,
2019-10-14,0.0,0.0,0.0,0,weekend skip
2019-10-15,32.86,0.0,32.86,1,
2019-10-16,-26.94,-26.94,0.0,1,
2019-10-17,52.24,0.0,52.24,1,
2019-10-18,-36.78,-36.78,0.0,1,
2019-10-21,0.0,0.0,0.0,0,weekend skip
2019-10-22,3.11,0.0,3.11,1,
2019-10-23,8.56,0.0,8.56,1,
2019-10-24,37.3,0.0,37.3,1,
2019-10-25,-25.68,-25.68,0.0,1,
2019-10-28,0.0,0.0,0.0,0,weekend skip
2019-10-29,-29.16,-29.16,0.0,1,
2019-10-30,-10.71,-10.71,0.0,1,
2019-10-31,-23.79,-23.79,0.0,1,
2019-11-01,71.02,0.0,71.02,1,
2019-11-04,0.0,0.0,0.0,0,weekend skip
2019-11-05,33.22,0.0,33.22,1,
2019-11-06,-14.33,-14.33,0.0,1,
2019-11-07,110.71,0.0,110.71,1,
2019-11-08,-34.78,-34.78,0.0,1,
2019-11-11,0.0,0.0,0.0,0,weekend skip
2019-11-12,9.83,0.0,9.83,1,
2019-11-13,-83.87,-83.87,0.0,1,
2019-11-14,-25.79,-25.79,0.0,1,
2019-11-15,78.14,0.0,78.14,1,
2019-11-18,0.0,0.0,0.0,0,weekend skip
2019-11-19,43.15,0.0,43.15,1,
2019-11-20,-49.01,-49.01,0.0,1,
2019-11-21,12.1,0.0,12.1,1,
2019-11-22,38.03,0.0,38.03,1,
2019-11-25,0.0,0.0,0.0,0,weekend skip
2019-11-26,7.43,0.0,7.43,1,
2019-11-27,43.78,0.0,43.78,1,
2019-11-29,-33.9,-33.9,0.0,1,
2019-12-02,0.0,0.0,0.0,0,weekend skip
2019-12-03,-104.88,-104.88,0.0,1,
2019-12-04,52.59,0.0,52.59,1,
2019-12-05,43.27,0.0,43.27,1,
2019-12-06,118.54,0.0,118.54,1,
2019-12-09,0.0,0.0,0.0,0,weekend skip
2019-12-10,-11.08,-11.08,0.0,1,
2019-12-11,15.49,0.0,15.49,1,
2019-12-12,8.12,0.0,8.12,1,
2019-12-13,-26.34,-26.34,0.0,1,
2019-12-16,0.0,0.0,0.0,0,weekend skip
2019-12-17,15.38,0.0,15.38,1,
2019-12-18,26.23,0.0,26.23,1,
2019-12-19,10.9,0.0,10.9,1,
2019-12-20,30.42,0.0,30.42,1,
2019-12-23,0.0,0.0,0.0,0,weekend skip
2019-12-24,5.05,0.0,5.05,1,
2019-12-26,11.52,0.0,11.52,1,
2019-12-27,25.19,0.0,25.19,1,
2019-12-30,0.0,0.0,0.0,0,weekend skip
2019-12-31,-35.52,-35.52,0.0,1,
2020-01-02,68.06,0.0,68.06,1,
2020-01-03,-151.28,-151.28,0.0,1,
2020-01-06,0.0,0.0,0.0,0,weekend skip
2020-01-07,-45.71,-45.71,0.0,1,
2020-01-08,-4.37,-4.37,0.0,1,
2020-01-09,46.42,0.0,46.42,1,
2020-01-10,-5.07,-5.07,0.0,1,
2020-01-13,0.0,0.0,0.0,0,weekend skip
2020-01-14,-63.62,-63.62,0.0,1,
2020-01-15,-36.37,-36.37,0.0,1,
2020-01-16,83.16,0.0,83.16,1,
2020-01-17,46.7,0.0,46.7,1,
2020-01-21,0.0,0.0,0.0,0,weekend skip
2020-01-22,35.07,0.0,35.07,1,
2020-01-23,-35.09,-35.09,0.0,1,
2020-01-24,30.08,0.0,30.08,1,
2020-01-27,0.0,0.0,0.0,0,weekend skip
2020-01-28,68.24,0.0,68.24,1,
2020-01-29,10.91,0.0,10.91,1,
2020-01-30,-87.82,-87.82,0.0,1,
2020-01-31,-51.95,-51.95,0.0,1,
2020-02-03,0.0,0.0,0.0,0,weekend skip
2020-02-04,142.65,0.0,142.65,1,
2020-02-05,122.35,0.0,122.35,1,
2020-02-06,40.17,0.0,40.17,1,
2020-02-07,-51.03,-51.03,0.0,1,
2020-02-10,0.0,0.0,0.0,0,weekend skip
2020-02-11,62.21,0.0,62.21,1,
2020-02-12,70.42,0.0,70.42,1,
2020-02-13,-66.38,-66.38,0.0,1,
2020-02-14,7.12,0.0,7.12,1,
2020-02-18,0.0,0.0,0.0,0,weekend skip
2020-02-19,40.1,0.0,40.1,1,
2020-02-20,-38.48,-38.48,0.0,1,
2020-02-21,-51.88,-51.88,0.0,1,
2020-02-24,0.0,0.0,0.0,0,weekend skip
2020-02-25,35.56,0.0,35.56,1,
2020-02-26,44.49,0.0,44.49,1,
2020-02-27,-256.9,-256.9,0.0,1,
2020-02-28,-344.48,-344.48,0.0,1,
2020-03-02,0.0,0.0,0.0,0,weekend skip
2020-03-03,-9.53,-9.53,0.0,1,
2020-03-04,179.97,0.0,179.97,1,
2020-03-05,-271.89,-271.89,0.0,1,
2020-03-06,-377.18,-377.18,0.0,1,
2020-03-09,0.0,0.0,0.0,0,weekend skip
2020-03-10,382.81,0.0,382.81,1,
2020-03-11,-319.49,-319.49,0.0,1,
2020-03-12,-878.41,-878.41,0.0,1,
2020-03-13,694.73,0.0,694.73,1,
2020-03-16,0.0,0.0,0.0,0,weekend skip
2020-03-17,184.64,0.0,184.64,1,
2020-03-18,-646.92,-646.92,0.0,1,
2020-03-19,-147.54,-147.54,0.0,1,
2020-03-20,252.95,0.0,252.95,1,
2020-03-23,0.0,0.0,0.0,0,weekend skip
2020-03-24,664.5,0.0,664.5,1,
2020-03-25,27.47,0.0,27.47,1,
2020-03-26,159.21,0.0,159.21,1,
2020-03-27,-481.42,-481.42,0.0,1,
2020-03-30,0.0,0.0,0.0,0,weekend skip
2020-03-31,-58.36,-58.36,0.0,1,
2020-04-01,-609.04,-609.04,0.0,1,
2020-04-02,-106.86,-106.86,0.0,1,
2020-04-03,-138.07,-138.07,0.0,1,
2020-04-06,0.0,0.0,0.0,0,weekend skip
2020-04-07,447.42,0.0,447.42,1,
2020-04-08,187.99,0.0,187.99,1,
2020-04-09,373.59,0.0,373.59,1,
2020-04-13,-90.19,-90.19,0.0,1,
2020-04-14,330.53,0.0,330.53,1,
2020-04-15,-499.74,-499.74,0.0,1,
2020-04-16,23.42,0.0,23.42,1,
2020-04-17,500.58,0.0,500.58,1,
2020-04-20,0.0,0.0,0.0,0,weekend skip
2020-04-21,-321.35,-321.35,0.0,1,
2020-04-22,258.93,0.0,258.93,1,
2020-04-23,75.42,0.0,75.42,1,
2020-04-24,95.63,0.0,95.63,1,
2020-04-27,0.0,0.0,0.0,0,weekend skip
2020-04-28,344.67,0.0,344.67,1,
2020-04-29,388.97,0.0,388.97,1,
2020-04-30,-312.0,-312.0,0.0,1,
2020-05-01,-298.26,-298.26,0.0,1,
2020-05-04,0.0,0.0,0.0,0,weekend skip
2020-05-05,222.43,0.0,222.43,1,
2020-05-06,78.66,0.0,78.66,1,
2020-05-07,164.29,0.0,164.29,1,
2020-05-08,243.7,0.0,243.7,1,
2020-05-11,0.0,0.0,0.0,0,weekend skip
2020-05-12,52.87,0.0,52.87,1,
2020-05-13,-120.06,-120.06,0.0,1,
2020-05-14,-268.98,-268.98,0.0,1,
2020-05-15,-129.49,-129.49,0.0,1,
2020-05-18,0.0,0.0,0.0,0,weekend skip
2020-05-19,-53.32,-53.32,0.0,1,
2020-05-20,231.43,0.0,231.43,1,
2020-05-21,1.79,0.0,1.79,1,
2020-05-22,25.91,0.0,25.91,1,
2020-05-26,0.0,0.0,0.0,0,weekend skip
2020-05-27,241.31,0.0,241.31,1,
2020-05-28,135.02,0.0,135.02,1,
2020-05-29,-133.07,-133.07,0.0,1,
2020-06-01,0.0,0.0,0.0,0,weekend skip
2020-06-02,67.6,0.0,67.6,1,
2020-06-03,188.41,0.0,188.41,1,
2020-06-04,-79.58,-79.58,0.0,1,
2020-06-05,520.13,0.0,520.13,1,
2020-06-08,0.0,0.0,0.0,0,weekend skip
2020-06-09,-178.7,-178.7,0.0,1,
2020-06-10,-27.14,-27.14,0.0,1,
2020-06-11,-496.7,-496.7,0.0,1,
2020-06-12,449.92,0.0,449.92,1,
2020-06-15,0.0,0.0,0.0,0,weekend skip
2020-06-16,466.04,0.0,466.04,1,
2020-06-17,9.14,0.0,9.14,1,
2020-06-18,-119.37,-119.37,0.0,1,
2020-06-19,216.6,0.0,216.6,1,
2020-06-22,0.0,0.0,0.0,0,weekend skip
2020-06-23,145.68,0.0,145.68,1,
2020-06-24,-166.93,-166.93,0.0,1,
2020-06-25,-63.31,-63.31,0.0,1,
2020-06-26,-85.44,-85.44,0.0,1,
2020-06-29,0.0,0.0,0.0,0,weekend skip
2020-06-30,-67.06,-67.06,0.0,1,
2020-07-01,39.4,0.0,39.4,1,
2020-07-02,226.73,0.0,226.73,1,
2020-07-06,240.97,0.0,240.97,1,
2020-07-07,-109.58,-109.58,0.0,1,
2020-07-08,-10.22,-10.22,0.0,1,
2020-07-09,-0.85,-0.85,0.0,1,
2020-07-10,0.0,0.0,0.0,1,
2020-07-13,0.0,0.0,0.0,0,weekend skip
2020-07-14,-13.76,-13.76,0.0,1,
2020-07-15,289.17,0.0,289.17,1,
2020-07-16,-79.97,-79.97,0.0,1,
2020-07-17,41.88,0.0,41.88,1,
2020-07-20,0.0,0.0,0.0,0,weekend skip
2020-07-21,119.19,0.0,119.19,1,
2020-07-22,-79.44,-79.44,0.0,1,
2020-07-23,-21.05,-21.05,0.0,1,
2020-07-24,-87.62,-87.62,0.0,1,
2020-07-27,0.0,0.0,0.0,0,weekend skip
2020-07-28,-51.2,-51.2,0.0,1,
2020-07-29,64.85,0.0,64.85,1,
2020-07-30,-179.99,-179.99,0.0,1,
2020-07-31,-58.05,-58.05,0.0,1,
2020-08-03,0.0,0.0,0.0,0,weekend skip
2020-08-04,-39.24,-39.24,0.0,1,
2020-08-05,115.35,0.0,115.35,1,
2020-08-06,-3.12,-3.12,0.0,1,
2020-08-07,-28.09,-28.09,0.0,1,
2020-08-10,0.0,0.0,0.0,0,weekend skip
2020-08-11,106.06,0.0,106.06,1,
2020-08-12,134.63,0.0,134.63,1,
2020-08-13,-48.74,-48.74,0.0,1,
2020-08-14,-77.07,-77.07,0.0,1,
2020-08-17,0.0,0.0,0.0,0,weekend skip
2020-08-18,-12.16,-12.16,0.0,1,
2020-08-19,36.06,0.0,36.06,1,
2020-08-20,-125.81,-125.81,0.0,1,
2020-08-21,-50.84,-50.84,0.0,1,
2020-08-24,0.0,0.0,0.0,0,weekend skip
2020-08-25,38.39,0.0,38.39,1,
2020-08-26,2.3,0.0,2.3,1,
2020-08-27,50.96,0.0,50.96,1,
2020-08-28,53.13,0.0,53.13,1,
2020-08-31,0.0,0.0,0.0,0,weekend skip
2020-09-01,-15.45,-15.45,0.0,1,
2020-09-02,51.13,0.0,51.13,1,
2020-09-03,-28.02,-28.02,0.0,1,
2020-09-04,143.52,0.0,143.52,1,
2020-09-08,0.0,0.0,0.0,0,weekend skip
2020-09-09,118.47,0.0,118.47,1,
2020-09-10,48.9,0.0,48.9,1,
2020-09-11,51.13,0.0,51.13,1,
2020-09-14,0.0,0.0,0.0,0,weekend skip
2020-09-15,98.77,0.0,98.77,1,
2020-09-16,50.84,0.0,50.84,1,
2020-09-17,-175.13,-175.13,0.0,1,
2020-09-18,16.39,0.0,16.39,1,
2020-09-21,0.0,0.0,0.0,0,weekend skip
2020-09-22,46.2,0.0,46.2,1,
2020-09-23,-57.15,-57.15,0.0,1,
2020-09-24,-12.49,-12.49,0.0,1,
2020-09-25,-57.46,-57.46,0.0,1,
2020-09-28,0.0,0.0,0.0,0,weekend skip
2020-09-29,-24.78,-24.78,0.0,1,
2020-09-30,40.98,0.0,40.98,1,
2020-10-01,73.67,0.0,73.67,1,
2020-10-02,-222.35,-222.35,0.0,1,
2020-10-05,0.0,0.0,0.0,0,weekend skip
2020-10-06,106.19,0.0,106.19,1,
2020-10-07,146.3,0.0,146.3,1,
2020-10-08,120.69,0.0,120.69,1,
2020-10-09,108.23,0.0,108.23,1,
2020-10-12,0.0,0.0,0.0,0,weekend skip
2020-10-13,-99.61,-99.61,0.0,1,
2020-10-14,19.91,0.0,19.91,1,
2020-10-15,-142.95,-142.95,0.0,1,
2020-10-16,27.27,0.0,27.27,1,
2020-10-19,0.0,0.0,0.0,0,weekend skip
2020-10-20,80.02,0.0,80.02,1,
2020-10-21,4.48,0.0,4.48,1,
2020-10-22,56.48,0.0,56.48,1,
2020-10-23,65.85,0.0,65.85,1,
2020-10-26,0.0,0.0,0.0,0,weekend skip
2020-10-27,-14.29,-14.29,0.0,1,
2020-10-28,-272.29,-272.29,0.0,1,
2020-10-29,-48.51,-48.51,0.0,1,
2020-10-30,-68.84,-68.84,0.0,1,
2020-11-02,0.0,0.0,0.0,0,weekend skip
2020-11-03,197.9,0.0,197.9,1,
2020-11-04,-193.14,-193.14,0.0,1,
2020-11-05,110.66,0.0,110.66,1,
2020-11-06,44.36,0.0,44.36,1,
2020-11-09,0.0,0.0,0.0,0,weekend skip
2020-11-10,103.92,0.0,103.92,1,
2020-11-11,40.31,0.0,40.31,1,
2020-11-12,-92.42,-92.42,0.0,1,
2020-11-13,91.06,0.0,91.06,1,
2020-11-16,0.0,0.0,0.0,0,weekend skip
2020-11-17,-109.44,-109.44,0.0,1,
2020-11-18,29.25,0.0,29.25,1,
2020-11-19,-22.51,-22.51,0.0,1,
2020-11-20,-50.07,-50.07,0.0,1,
2020-11-23,0.0,0.0,0.0,0,weekend skip
2020-11-24,165.22,0.0,165.22,1,
2020-11-25,-53.08,-53.08,0.0,1,
2020-11-27,6.54,0.0,6.54,1,
2020-11-30,0.0,0.0,0.0,0,weekend skip
2020-12-01,162.35,0.0,162.35,1,
2020-12-02,-50.58,-50.58,0.0,1,
2020-12-03,24.93,0.0,24.93,1,
2020-12-04,67.19,0.0,67.19,1,
2020-12-07,0.0,0.0,0.0,0,weekend skip
2020-12-08,-82.82,-82.82,0.0,1,
2020-12-09,74.21,0.0,74.21,1,
2020-12-10,-105.18,-105.18,0.0,1,
2020-12-11,-84.07,-84.07,0.0,1,
2020-12-14,0.0,0.0,0.0,0,weekend skip
2020-12-15,113.07,0.0,113.07,1,
2020-12-16,24.04,0.0,24.04,1,
2020-12-17,42.05,0.0,42.05,1,
2020-12-18,11.0,0.0,11.0,1,
2020-12-21,0.0,0.0,0.0,0,weekend skip
2020-12-22,36.86,0.0,36.86,1,
2020-12-23,66.25,0.0,66.25,1,
2020-12-24,43.98,0.0,43.98,1,
2020-12-28,120.52,0.0,120.52,1,
2020-12-29,19.97,0.0,19.97,1,
2020-12-30,37.65,0.0,37.65,1,
2020-12-31,4.89,0.0,4.89,1,
2021-01-04,78.91,0.0,78.91,1,
2021-01-05,-26.67,-26.67,0.0,1,
2021-01-06,177.68,0.0,177.68,1,
2021-01-07,65.7,0.0,65.7,1,
2021-01-08,62.25,0.0,62.25,1,
2021-01-11,0.0,0.0,0.0,0,weekend skip
2021-01-12,52.62,0.0,52.62,1,
2021-01-13,5.68,0.0,5.68,1,
2021-01-14,82.95,0.0,82.95,1,
2021-01-15,-178.36,-178.36,0.0,1,
2021-01-19,0.0,0.0,0.0,0,weekend skip
2021-01-20,48.35,0.0,48.35,1,
2021-01-21,15.95,0.0,15.95,1,
2021-01-22,-120.23,-120.23,0.0,1,
2021-01-25,0.0,0.0,0.0,0,weekend skip
2021-01-26,83.25,0.0,83.25,1,
2021-01-27,-217.15,-217.15,0.0,1,
2021-01-28,77.34,0.0,77.34,1,
2021-01-29,55.2,0.0,55.2,1,
2021-02-01,0.0,0.0,0.0,0,weekend skip
2021-02-02,138.41,0.0,138.41,1,
2021-02-03,1.12,0.0,1.12,1,
2021-02-04,43.68,0.0,43.68,1,
2021-02-05,121.82,0.0,121.82,1,
2021-02-08,0.0,0.0,0.0,0,weekend skip
2021-02-09,-11.09,-11.09,0.0,1,
2021-02-10,75.11,0.0,75.11,1,
2021-02-11,62.93,0.0,62.93,1,
2021-02-12,-40.24,-40.24,0.0,1,
2021-02-16,0.0,0.0,0.0,0,weekend skip
2021-02-17,-115.32,-115.32,0.0,1,
2021-02-18,-97.98,-97.98,0.0,1,
2021-02-19,101.74,0.0,101.74,1,
2021-02-22,0.0,0.0,0.0,0,weekend skip
2021-02-23,-151.77,-151.77,0.0,1,
2021-02-24,41.12,0.0,41.12,1,
2021-02-25,-17.44,-17.44,0.0,1,
2021-02-26,51.61,0.0,51.61,1,
2021-03-01,0.0,0.0,0.0,0,weekend skip
2021-03-02,-21.22,-21.22,0.0,1,
2021-03-03,40.05,0.0,40.05,1,
2021-03-04,-45.97,-45.97,0.0,1,
2021-03-05,200.28,0.0,200.28,1,
2021-03-08,0.0,0.0,0.0,0,weekend skip
2021-03-09,196.31,0.0,196.31,1,
2021-03-10,122.53,0.0,122.53,1,
2021-03-11,119.33,0.0,119.33,1,
2021-03-12,-11.89,-11.89,0.0,1,
2021-03-15,0.0,0.0,0.0,0,weekend skip
2021-03-16,-25.09,-25.09,0.0,1,
2021-03-17,-82.77,-82.77,0.0,1,
2021-03-18,-85.71,-85.71,0.0,1,
2021-03-19,-43.14,-43.14,0.0,1,
2021-03-22,0.0,0.0,0.0,0,weekend skip
2021-03-23,-115.06,-115.06,0.0,1,
2021-03-24,148.66,0.0,148.66,1,
2021-03-25,-161.25,-161.25,0.0,1,
2021-03-26,121.81,0.0,121.81,1,
2021-03-29,0.0,0.0,0.0,0,weekend skip
2021-03-30,-7.83,-7.83,0.0,1,
2021-03-31,58.33,0.0,58.33,1,
2021-04-01,77.67,0.0,77.67,1,
2021-04-05,135.09,0.0,135.09,1,
2021-04-06,0.0,0.0,0.0,1,
2021-04-07,-8.83,-8.83,0.0,1,
2021-04-08,63.1,0.0,63.1,1,
2021-04-09,-11.32,-11.32,0.0,1,
2021-04-12,0.0,0.0,0.0,0,weekend skip
2021-04-13,-16.78,-16.78,0.0,1,
2021-04-14,35.26,0.0,35.26,1,
2021-04-15,90.79,0.0,90.79,1,
2021-04-16,57.78,0.0,57.78,1,
2021-04-19,0.0,0.0,0.0,0,weekend skip
2021-04-20,-56.81,-56.81,0.0,1,
2021-04-21,-21.53,-21.53,0.0,1,
2021-04-22,35.58,0.0,35.58,1,
2021-04-23,61.18,0.0,61.18,1,
2021-04-26,0.0,0.0,0.0,0,weekend skip
2021-04-27,31.04,0.0,31.04,1,
2021-04-28,-24.68,-24.68,0.0,1,
2021-04-29,100.66,0.0,100.66,1,
2021-04-30,-126.27,-126.27,0.0,1,
2021-05-03,0.0,0.0,0.0,0,weekend skip
2021-05-04,-80.15,-80.15,0.0,1,
2021-05-05,49.43,0.0,49.43,1,
2021-05-06,9.17,0.0,9.17,1,
2021-05-07,-9.16,-9.16,0.0,1,
2021-05-10,0.0,0.0,0.0,0,weekend skip
2021-05-11,-261.12,-261.12,0.0,1,
2021-05-12,-110.65,-110.65,0.0,1,
2021-05-13,78.15,0.0,78.15,1,
2021-05-14,117.9,0.0,117.9,1,
2021-05-17,0.0,0.0,0.0,0,weekend skip
2021-05-18,-0.54,-0.54,0.0,1,
2021-05-19,-202.67,-202.67,0.0,1,
2021-05-20,13.21,0.0,13.21,1,
2021-05-21,99.53,0.0,99.53,1,
2021-05-24,0.0,0.0,0.0,0,weekend skip
2021-05-25,41.18,0.0,41.18,1,
2021-05-26,43.78,0.0,43.78,1,
2021-05-27,84.3,0.0,84.3,1,
2021-05-28,70.71,0.0,70.71,1,
2021-06-01,0.0,0.0,0.0,0,weekend skip
2021-06-02,35.23,0.0,35.23,1,
2021-06-03,-84.59,-84.59,0.0,1,
2021-06-04,54.05,0.0,54.05,1,
2021-06-07,0.0,0.0,0.0,0,weekend skip
2021-06-08,34.88,0.0,34.88,1,
2021-06-09,29.88,0.0,29.88,1,
2021-06-10,12.45,0.0,12.45,1,
2021-06-11,49.19,0.0,49.19,1,
2021-06-14,0.0,0.0,0.0,0,weekend skip
2021-06-15,1.04,0.0,1.04,1,
2021-06-16,-40.1,-40.1,0.0,1,
2021-06-17,-37.06,-37.06,0.0,1,
2021-06-18,-192.16,-192.16,0.0,1,
2021-06-21,0.0,0.0,0.0,0,weekend skip
2021-06-22,-34.91,-34.91,0.0,1,
2021-06-23,-6.31,-6.31,0.0,1,
2021-06-24,64.5,0.0,64.5,1,
2021-06-25,16.56,0.0,16.56,1,
2021-06-28,0.0,0.0,0.0,0,weekend skip
2021-06-29,38.53,0.0,38.53,1,
2021-06-30,-40.81,-40.81,0.0,1,
2021-07-01,71.14,0.0,71.14,1,
2021-07-02,26.96,0.0,26.96,1,
2021-07-06,0.0,0.0,0.0,0,weekend skip
2021-07-07,-21.25,-21.25,0.0,1,
2021-07-08,-242.9,-242.9,0.0,1,
2021-07-09,123.88,0.0,123.88,1,
2021-07-12,0.0,0.0,0.0,0,weekend skip
2021-07-13,-77.82,-77.82,0.0,1,
2021-07-14,70.14,0.0,70.14,1,
2021-07-15,-60.85,-60.85,0.0,1,
2021-07-16,114.65,0.0,114.65,1,
2021-07-19,0.0,0.0,0.0,0,weekend skip
2021-07-20,18.13,0.0,18.13,1,
2021-07-21,63.23,0.0,63.23,1,
2021-07-22,-38.35,-38.35,0.0,1,
2021-07-23,72.49,0.0,72.49,1,
2021-07-26,0.0,0.0,0.0,0,weekend skip
2021-07-27,-68.65,-68.65,0.0,1,
2021-07-28,65.05,0.0,65.05,1,
2021-07-29,99.4,0.0,99.4,1,
2021-07-30,-49.59,-49.59,0.0,1,
2021-08-02,0.0,0.0,0.0,0,weekend skip
2021-08-03,34.37,0.0,34.37,1,
2021-08-04,-101.57,-101.57,0.0,1,
2021-08-05,51.72,0.0,51.72,1,
2021-08-06,84.81,0.0,84.81,1,
2021-08-09,0.0,0.0,0.0,0,weekend skip
2021-08-10,22.68,0.0,22.68,1,
2021-08-11,18.86,0.0,18.86,1,
2021-08-12,1.07,0.0,1.07,1,
2021-08-13,-10.76,-10.76,0.0,1,
2021-08-16,0.0,0.0,0.0,0,weekend skip
2021-08-17,-135.28,-135.28,0.0,1,
2021-08-18,-19.96,-19.96,0.0,1,
2021-08-19,-120.81,-120.81,0.0,1,
2021-08-20,5.66,0.0,5.66,1,
2021-08-23,0.0,0.0,0.0,0,weekend skip
2021-08-24,33.87,0.0,33.87,1,
2021-08-25,-3.79,-3.79,0.0,1,
2021-08-26,-28.03,-28.03,0.0,1,
2021-08-27,15.8,0.0,15.8,1,
2021-08-30,0.0,0.0,0.0,0,weekend skip
2021-08-31,-16.5,-16.5,0.0,1,
2021-09-01,44.61,0.0,44.61,1,
2021-09-02,42.73,0.0,42.73,1,
2021-09-03,-44.01,-44.01,0.0,1,
2021-09-07,0.0,0.0,0.0,0,weekend skip
2021-09-08,-46.11,-46.11,0.0,1,
2021-09-09,-23.58,-23.58,0.0,1,
2021-09-10,64.31,0.0,64.31,1,
2021-09-13,0.0,0.0,0.0,0,weekend skip
2021-09-14,41.99,0.0,41.99,1,
2021-09-15,-9.81,-9.81,0.0,1,
2021-09-16,-12.96,-12.96,0.0,1,
2021-09-17,-34.02,-34.02,0.0,1,
2021-09-20,0.0,0.0,0.0,0,weekend skip
2021-09-21,86.2,0.0,86.2,1,
2021-09-22,68.38,0.0,68.38,1,
2021-09-23,69.54,0.0,69.54,1,
2021-09-24,-104.07,-104.07,0.0,1,
2021-09-27,0.0,0.0,0.0,0,weekend skip
2021-09-28,-54.05,-54.05,0.0,1,
2021-09-29,50.43,0.0,50.43,1,
2021-09-30,65.74,0.0,65.74,1,
2021-10-01,68.57,0.0,68.57,1,
2021-10-04,0.0,0.0,0.0,0,weekend skip
2021-10-05,35.96,0.0,35.96,1,
2021-10-06,-127.02,-127.02,0.0,1,
2021-10-07,87.31,0.0,87.31,1,
2021-10-08,-1.07,-1.07,0.0,1,
2021-10-11,0.0,0.0,0.0,0,weekend skip
2021-10-12,25.6,0.0,25.6,1,
2021-10-13,15.16,0.0,15.16,1,
2021-10-14,114.29,0.0,114.29,1,
2021-10-15,112.13,0.0,112.13,1,
2021-10-18,0.0,0.0,0.0,0,weekend skip
2021-10-19,44.25,0.0,44.25,1,
2021-10-20,2.12,0.0,2.12,1,
2021-10-21,-11.61,-11.61,0.0,1,
2021-10-22,-11.05,-11.05,0.0,1,
2021-10-25,0.0,0.0,0.0,0,weekend skip
2021-10-26,18.81,0.0,18.81,1,
2021-10-27,-41.59,-41.59,0.0,1,
2021-10-28,62.25,0.0,62.25,1,
2021-10-29,-16.84,-16.84,0.0,1,
2021-11-01,0.0,0.0,0.0,0,weekend skip
2021-11-02,18.46,0.0,18.46,1,
2021-11-03,-20.47,-20.47,0.0,1,
2021-11-04,39.72,0.0,39.72,1,
2021-11-05,130.29,0.0,130.29,1,
2021-11-08,0.0,0.0,0.0,0,weekend skip
2021-11-09,-33.63,-33.63,0.0,1,
2021-11-10,-57.22,-57.22,0.0,1,
2021-11-11,43.98,0.0,43.98,1,
2021-11-12,30.09,0.0,30.09,1,
2021-11-15,0.0,0.0,0.0,0,weekend skip
2021-11-16,-42.75,-42.75,0.0,1,
2021-11-17,-49.71,-49.71,0.0,1,
2021-11-18,48.84,0.0,48.84,1,
2021-11-19,-85.31,-85.31,0.0,1,
2021-11-22,0.0,0.0,0.0,0,weekend skip
2021-11-23,-21.23,-21.23,0.0,1,
2021-11-24,-104.76,-104.76,0.0,1,
2021-11-26,-346.11,-346.11,0.0,1,
2021-11-29,0.0,0.0,0.0,0,weekend skip
2021-11-30,-113.68,-113.68,0.0,1,
2021-12-01,268.31,0.0,268.31,1,
2021-12-02,57.38,0.0,57.38,1,
2021-12-03,52.53,0.0,52.53,1,
2021-12-06,0.0,0.0,0.0,0,weekend skip
2021-12-07,166.53,0.0,166.53,1,
2021-12-08,25.7,0.0,25.7,1,
2021-12-09,-93.59,-93.59,0.0,1,
2021-12-10,87.05,0.0,87.05,1,
2021-12-13,0.0,0.0,0.0,0,weekend skip
2021-12-14,-89.94,-89.94,0.0,1,
2021-12-15,-5.04,-5.04,0.0,1,
2021-12-16,86.25,0.0,86.25,1,
2021-12-17,-58.54,-58.54,0.0,1,
2021-12-20,0.0,0.0,0.0,0,weekend skip
2021-12-21,115.4,0.0,115.4,1,
2021-12-22,-18.7,-18.7,0.0,1,
2021-12-23,35.4,0.0,35.4,1,
2021-12-27,11.35,0.0,11.35,1,
2021-12-28,-24.62,-24.62,0.0,1,
2021-12-29,-7.0,-7.0,0.0,1,
2021-12-30,-6.46,-6.46,0.0,1,
2021-12-31,-25.3,-25.3,0.0,1,
2022-01-03,0.0,0.0,0.0,0,weekend skip
2022-01-04,31.41,0.0,31.41,1,
2022-01-05,-10.13,-10.13,0.0,1,
2022-01-06,19.32,0.0,19.32,1,
2022-01-07,-4.66,-4.66,0.0,1,
2022-01-10,0.0,0.0,0.0,0,weekend skip
2022-01-11,6.13,0.0,6.13,1,
2022-01-12,47.97,0.0,47.97,1,
2022-01-13,45.57,0.0,45.57,1,
2022-01-14,-117.73,-117.73,0.0,1,
2022-01-18,0.0,0.0,0.0,0,weekend skip
2022-01-19,54.85,0.0,54.85,1,
2022-01-20,45.76,0.0,45.76,1,
2022-01-21,-63.35,-63.35,0.0,1,
2022-01-24,0.0,0.0,0.0,0,weekend skip
2022-01-25,-204.47,-204.47,0.0,1,
2022-01-26,171.34,0.0,171.34,1,
2022-01-27,99.78,0.0,99.78,1,
2022-01-28,11.91,0.0,11.91,1,
2022-01-31,0.0,0.0,0.0,0,weekend skip
2022-02-01,29.23,0.0,29.23,1,
2022-02-02,15.94,0.0,15.94,1,
2022-02-03,-150.78,-150.78,0.0,1,
2022-02-04,-29.77,-29.77,0.0,1,
2022-02-07,0.0,0.0,0.0,0,weekend skip
2022-02-08,-4.81,-4.81,0.0,1,
2022-02-09,104.15,0.0,104.15,1,
2022-02-10,-220.65,-220.65,0.0,1,
2022-02-11,5.31,0.0,5.31,1,
2022-02-14,0.0,0.0,0.0,0,weekend skip
2022-02-15,120.76,0.0,120.76,1,
2022-02-16,-48.33,-48.33,0.0,1,
2022-02-17,-109.86,-109.86,0.0,1,
2022-02-18,-17.29,-17.29,0.0,1,
2022-02-22,0.0,0.0,0.0,0,weekend skip
2022-02-23,92.12,0.0,92.12,1,
2022-02-24,-295.39,-295.39,0.0,1,
2022-02-25,27.24,0.0,27.24,1,
2022-02-28,0.0,0.0,0.0,0,weekend skip
2022-03-01,-28.36,-28.36,0.0,1,
2022-03-02,80.62,0.0,80.62,1,
2022-03-03,37.58,0.0,37.58,1,
2022-03-04,-128.43,-128.43,0.0,1,
2022-03-07,0.0,0.0,0.0,0,weekend skip
2022-03-08,25.38,0.0,25.38,1,
2022-03-09,201.99,0.0,201.99,1,
2022-03-10,-173.76,-173.76,0.0,1,
2022-03-11,48.62,0.0,48.62,1,
2022-03-14,0.0,0.0,0.0,0,weekend skip
2022-03-15,29.23,0.0,29.23,1,
2022-03-16,110.96,0.0,110.96,1,
2022-03-17,-70.72,-70.72,0.0,1,
2022-03-18,-60.81,-60.81,0.0,1,
2022-03-21,0.0,0.0,0.0,0,weekend skip
2022-03-22,43.22,0.0,43.22,1,
2022-03-23,-75.21,-75.21,0.0,1,
2022-03-24,25.3,0.0,25.3,1,
2022-03-25,9.33,0.0,9.33,1,
2022-03-28,0.0,0.0,0.0,0,weekend skip
2022-03-29,101.25,0.0,101.25,1,
2022-03-30,-24.37,-24.37,0.0,1,
2022-03-31,-28.33,-28.33,0.0,1,
2022-04-01,52.04,0.0,52.04,1,
2022-04-04,0.0,0.0,0.0,0,weekend skip
2022-04-05,-8.65,-8.65,0.0,1,
2022-04-06,-108.72,-108.72,0.0,1,
2022-04-07,-8.39,-8.39,0.0,1,
2022-04-08,-15.64,-15.64,0.0,1,
2022-04-11,0.0,0.0,0.0,0,weekend skip
2022-04-12,130.05,0.0,130.05,1,
2022-04-13,29.21,0.0,29.21,1,
2022-04-14,5.37,0.0,5.37,1,
2022-04-18,-32.27,-32.27,0.0,1,
2022-04-19,10.32,0.0,10.32,1,
2022-04-20,79.73,0.0,79.73,1,
2022-04-21,107.92,0.0,107.92,1,
2022-04-22,-54.61,-54.61,0.0,1,
2022-04-25,0.0,0.0,0.0,0,weekend skip
2022-04-26,-102.71,-102.71,0.0,1,
2022-04-27,-1.92,-1.92,0.0,1,
2022-04-28,139.93,0.0,139.93,1,
2022-04-29,-55.45,-55.45,0.0,1,
2022-05-02,0.0,0.0,0.0,0,weekend skip
2022-05-03,-1.28,-1.28,0.0,1,
2022-05-04,30.55,0.0,30.55,1,
2022-05-05,-134.46,-134.46,0.0,1,
2022-05-06,-53.62,-53.62,0.0,1,
2022-05-09,0.0,0.0,0.0,0,weekend skip
2022-05-10,175.58,0.0,175.58,1,
2022-05-11,6.86,0.0,6.86,1,
2022-05-12,-62.57,-62.57,0.0,1,
2022-05-13,150.66,0.0,150.66,1,
2022-05-16,0.0,0.0,0.0,0,weekend skip
2022-05-17,210.53,0.0,210.53,1,
2022-05-18,-158.81,-158.81,0.0,1,
2022-05-19,-95.99,-95.99,0.0,1,
2022-05-20,128.44,0.0,128.44,1,
2022-05-23,0.0,0.0,0.0,0,weekend skip
2022-05-24,-113.1,-113.1,0.0,1,
2022-05-25,-51.25,-51.25,0.0,1,
2022-05-26,64.41,0.0,64.41,1,
2022-05-27,65.03,0.0,65.03,1,
2022-05-31,0.0,0.0,0.0,0,weekend skip
2022-06-01,60.88,0.0,60.88,1,
2022-06-02,14.32,0.0,14.32,1,
2022-06-03,-93.47,-93.47,0.0,1,
2022-06-06,0.0,0.0,0.0,0,weekend skip
2022-06-07,-104.1,-104.1,0.0,1,
2022-06-08,-62.23,-62.23,0.0,1,
2022-06-09,-96.37,-96.37,0.0,1,
2022-06-10,-205.81,-205.81,0.0,1,
2022-06-13,0.0,0.0,0.0,0,weekend skip
2022-06-14,30.32,0.0,30.32,1,
2022-06-15,114.65,0.0,114.65,1,
2022-06-16,-284.16,-284.16,0.0,1,
2022-06-17,36.6,0.0,36.6,1,
2022-06-21,0.0,0.0,0.0,0,weekend skip
2022-06-22,-159.84,-159.84,0.0,1,
2022-06-23,22.16,0.0,22.16,1,
2022-06-24,91.83,0.0,91.83,1,
2022-06-27,0.0,0.0,0.0,0,weekend skip
2022-06-28,73.03,0.0,73.03,1,
2022-06-29,-3.48,-3.48,0.0,1,
2022-06-30,-179.94,-179.94,0.0,1,
2022-07-01,-36.09,-36.09,0.0,1,
2022-07-05,0.0,0.0,0.0,0,weekend skip
2022-07-06,-32.62,-32.62,0.0,1,
2022-07-07,86.72,0.0,86.72,1,
2022-07-08,-43.72,-43.72,0.0,1,
2022-07-11,0.0,0.0,0.0,0,weekend skip
2022-07-12,-38.36,-38.36,0.0,1,
2022-07-13,-169.98,-169.98,0.0,1,
2022-07-14,-187.67,-187.67,0.0,1,
2022-07-15,130.14,0.0,130.14,1,
2022-07-18,0.0,0.0,0.0,0,weekend skip
2022-07-19,145.29,0.0,145.29,1,
2022-07-20,-6.71,-6.71,0.0,1,
2022-07-21,-74.69,-74.69,0.0,1,
2022-07-22,22.36,0.0,22.36,1,
2022-07-25,0.0,0.0,0.0,0,weekend skip
2022-07-26,-48.54,-48.54,0.0,1,
2022-07-27,74.27,0.0,74.27,1,
2022-07-28,58.89,0.0,58.89,1,
2022-07-29,0.65,0.0,0.65,1,
2022-08-01,0.0,0.0,0.0,0,weekend skip
2022-08-02,-49.36,-49.36,0.0,1,
2022-08-03,80.84,0.0,80.84,1,
2022-08-04,1.9,0.0,1.9,1,
2022-08-05,-125.41,-125.41,0.0,1,
2022-08-08,0.0,0.0,0.0,0,weekend skip
2022-08-09,-53.51,-53.51,0.0,1,
2022-08-10,211.95,0.0,211.95,1,
2022-08-11,104.25,0.0,104.25,1,
2022-08-12,53.15,0.0,53.15,1,
2022-08-15,0.0,0.0,0.0,0,weekend skip
2022-08-16,-38.19,-38.19,0.0,1,
2022-08-17,-138.49,-138.49,0.0,1,
2022-08-18,12.75,0.0,12.75,1,
2022-08-19,-127.25,-127.25,0.0,1,
2022-08-22,0.0,0.0,0.0,0,weekend skip
2022-08-23,14.47,0.0,14.47,1,
2022-08-24,-11.31,-11.31,0.0,1,
2022-08-25,54.87,0.0,54.87,1,
2022-08-26,-8.6,-8.6,0.0,1,
2022-08-29,0.0,0.0,0.0,0,weekend skip
2022-08-30,32.68,0.0,32.68,1,
2022-08-31,18.2,0.0,18.2,1,
2022-09-01,-115.09,-115.09,0.0,1,
2022-09-02,133.53,0.0,133.53,1,
2022-09-06,0.0,0.0,0.0,0,weekend skip
2022-09-07,-32.28,-32.28,0.0,1,
2022-09-08,-103.39,-103.39,0.0,1,
2022-09-09,99.91,0.0,99.91,1,
2022-09-12,0.0,0.0,0.0,0,weekend skip
2022-09-13,-311.77,-311.77,0.0,1,
2022-09-14,19.09,0.0,19.09,1,
2022-09-15,-79.95,-79.95,0.0,1,
2022-09-16,-172.4,-172.4,0.0,1,
2022-09-19,0.0,0.0,0.0,0,weekend skip
2022-09-20,-121.62,-121.62,0.0,1,
2022-09-21,82.19,0.0,82.19,1,
2022-09-22,-28.05,-28.05,0.0,1,
2022-09-23,-173.58,-173.58,0.0,1,
2022-09-26,0.0,0.0,0.0,0,weekend skip
2022-09-27,154.98,0.0,154.98,1,
2022-09-28,70.65,0.0,70.65,1,
2022-09-29,-158.13,-158.13,0.0,1,
2022-09-30,-28.17,-28.17,0.0,1,
2022-10-03,0.0,0.0,0.0,0,weekend skip
2022-10-04,216.68,0.0,216.68,1,
2022-10-05,-185.35,-185.35,0.0,1,
2022-10-06,-65.91,-65.91,0.0,1,
2022-10-07,-128.46,-128.46,0.0,1,
2022-10-10,0.0,0.0,0.0,0,weekend skip
2022-10-11,-55.1,-55.1,0.0,1,
2022-10-12,7.87,0.0,7.87,1,
2022-10-13,-243.16,-243.16,0.0,1,
2022-10-14,89.6,0.0,89.6,1,
2022-10-17,0.0,0.0,0.0,0,weekend skip
2022-10-18,253.68,0.0,253.68,1,
2022-10-19,-121.91,-121.91,0.0,1,
2022-10-20,10.51,0.0,10.51,1,
2022-10-21,22.0,0.0,22.0,1,
2022-10-24,0.0,0.0,0.0,0,weekend skip
2022-10-25,2.77,0.0,2.77,1,
2022-10-26,63.31,0.0,63.31,1,
2022-10-27,98.5,0.0,98.5,1,
2022-10-28,46.91,0.0,46.91,1,
2022-10-31,0.0,0.0,0.0,0,weekend skip
2022-11-01,119.77,0.0,119.77,1,
2022-11-02,-56.19,-56.19,0.0,1,
2022-11-03,-153.44,-153.44,0.0,1,
2022-11-04,163.19,0.0,163.19,1,
2022-11-07,0.0,0.0,0.0,0,weekend skip
2022-11-08,36.07,0.0,36.07,1,
2022-11-09,-108.92,-108.92,0.0,1,
2022-11-10,491.83,0.0,491.83,1,
2022-11-11,22.66,0.0,22.66,1,
2022-11-14,0.0,0.0,0.0,0,weekend skip
2022-11-15,184.25,0.0,184.25,1,
2022-11-16,-70.97,-70.97,0.0,1,
2022-11-17,-173.89,-173.89,0.0,1,
2022-11-18,125.49,0.0,125.49,1,
2022-11-21,0.0,0.0,0.0,0,weekend skip
2022-11-22,61.72,0.0,61.72,1,
2022-11-23,-36.36,-36.36,0.0,1,
2022-11-25,-10.37,-10.37,0.0,1,
2022-11-28,0.0,0.0,0.0,0,weekend skip
2022-11-29,5.28,0.0,5.28,1,
2022-11-30,14.47,0.0,14.47,1,
2022-12-01,45.53,0.0,45.53,1,
2022-12-02,-171.33,-171.33,0.0,1,
2022-12-05,0.0,0.0,0.0,0,weekend skip
2022-12-06,-1.97,-1.97,0.0,1,
2022-12-07,-26.65,-26.65,0.0,1,
2022-12-08,71.46,0.0,71.46,1,
2022-12-09,-74.31,-74.31,0.0,1,
2022-12-12,0.0,0.0,0.0,0,weekend skip
2022-12-13,322.5,0.0,322.5,1,
2022-12-14,-9.92,-9.92,0.0,1,
2022-12-15,-145.19,-145.19,0.0,1,
2022-12-16,-122.21,-122.21,0.0,1,
2022-12-19,0.0,0.0,0.0,0,weekend skip
2022-12-20,-29.99,-29.99,0.0,1,
2022-12-21,99.22,0.0,99.22,1,
2022-12-22,-106.45,-106.45,0.0,1,
2022-12-23,-13.82,-13.82,0.0,1,
2022-12-27,0.0,0.0,0.0,0,weekend skip
2022-12-28,-9.0,-9.0,0.0,1,
2022-12-29,78.8,0.0,78.8,1,
2022-12-30,-109.09,-109.09,0.0,1,
2023-01-03,0.0,0.0,0.0,0,weekend skip
2023-01-04,83.05,0.0,83.05,1,
2023-01-05,-71.75,-71.75,0.0,1,
2023-01-06,107.77,0.0,107.77,1,
2023-01-09,0.0,0.0,0.0,0,weekend skip
2023-01-10,-20.91,-20.91,0.0,1,
2023-01-11,42.53,0.0,42.53,1,
2023-01-12,50.88,0.0,50.88,1,
2023-01-13,-91.03,-91.03,0.0,1,
2023-01-17,0.0,0.0,0.0,0,weekend skip
2023-01-18,35.96,0.0,35.96,1,
2023-01-19,-74.41,-74.41,0.0,1,
2023-01-20,40.21,0.0,40.21,1,
2023-01-23,0.0,0.0,0.0,0,weekend skip
2023-01-24,-55.06,-55.06,0.0,1,
2023-01-25,-99.51,-99.51,0.0,1,
2023-01-26,92.81,0.0,92.81,1,
2023-01-27,-41.36,-41.36,0.0,1,
2023-01-30,0.0,0.0,0.0,0,weekend skip
2023-01-31,23.1,0.0,23.1,1,
2023-02-01,-23.81,-23.81,0.0,1,
2023-02-02,88.83,0.0,88.83,1,
2023-02-03,-141.52,-141.52,0.0,1,
2023-02-06,0.0,0.0,0.0,0,weekend skip
2023-02-07,-50.06,-50.06,0.0,1,
2023-02-08,-78.53,-78.53,0.0,1,
2023-02-09,92.16,0.0,92.16,1,
2023-02-10,-47.37,-47.37,0.0,1,
2023-02-13,0.0,0.0,0.0,0,weekend skip
2023-02-14,-87.21,-87.21,0.0,1,
2023-02-15,-100.33,-100.33,0.0,1,
2023-02-16,-171.48,-171.48,0.0,1,
2023-02-17,-51.08,-51.08,0.0,1,
2023-02-21,0.0,0.0,0.0,0,weekend skip
2023-02-22,18.56,0.0,18.56,1,
2023-02-23,81.69,0.0,81.69,1,
2023-02-24,-174.91,-174.91,0.0,1,
2023-02-27,0.0,0.0,0.0,0,weekend skip
2023-02-28,-10.2,-10.2,0.0,1,
2023-03-01,1.28,0.0,1.28,1,
2023-03-02,-106.32,-106.32,0.0,1,
2023-03-03,43.18,0.0,43.18,1,
2023-03-06,0.0,0.0,0.0,0,weekend skip
2023-03-07,-7.63,-7.63,0.0,1,
2023-03-08,11.58,0.0,11.58,1,
2023-03-09,3.21,0.0,3.21,1,
2023-03-10,-72.09,-72.09,0.0,1,
2023-03-13,0.0,0.0,0.0,0,weekend skip
2023-03-14,364.93,0.0,364.93,1,
2023-03-15,-321.36,-321.36,0.0,1,
2023-03-16,-160.23,-160.23,0.0,1,
2023-03-17,-141.76,-141.76,0.0,1,
2023-03-20,0.0,0.0,0.0,0,weekend skip
2023-03-21,205.36,0.0,205.36,1,
2023-03-22,-20.36,-20.36,0.0,1,
2023-03-23,46.86,0.0,46.86,1,
2023-03-24,-107.15,-107.15,0.0,1,
2023-03-27,0.0,0.0,0.0,0,weekend skip
2023-03-28,-51.78,-51.78,0.0,1,
2023-03-29,122.42,0.0,122.42,1,
2023-03-30,93.69,0.0,93.69,1,
2023-03-31,80.14,0.0,80.14,1,
2023-04-03,0.0,0.0,0.0,0,weekend skip
2023-04-04,24.2,0.0,24.2,1,
2023-04-05,-76.65,-76.65,0.0,1,
2023-04-06,2.07,0.0,2.07,1,
2023-04-10,-65.53,-65.53,0.0,1,
2023-04-11,47.09,0.0,47.09,1,
2023-04-12,111.75,0.0,111.75,1,
2023-04-13,42.3,0.0,42.3,1,
2023-04-14,6.73,0.0,6.73,1,
2023-04-17,0.0,0.0,0.0,0,weekend skip
2023-04-18,50.33,0.0,50.33,1,
2023-04-19,-65.39,-65.39,0.0,1,
2023-04-20,-84.1,-84.1,0.0,1,
2023-04-21,27.06,0.0,27.06,1,
2023-04-24,0.0,0.0,0.0,0,weekend skip
2023-04-25,-126.45,-126.45,0.0,1,
2023-04-26,-63.08,-63.08,0.0,1,
2023-04-27,36.39,0.0,36.39,1,
2023-04-28,-30.4,-30.4,0.0,1,
2023-05-01,0.0,0.0,0.0,0,weekend skip
2023-05-02,-69.11,-69.11,0.0,1,
2023-05-03,32.15,0.0,32.15,1,
2023-05-04,-78.99,-78.99,0.0,1,
2023-05-05,194.98,0.0,194.98,1,
2023-05-08,0.0,0.0,0.0,0,weekend skip
2023-05-09,-78.58,-78.58,0.0,1,
2023-05-10,164.57,0.0,164.57,1,
2023-05-11,-87.36,-87.36,0.0,1,
2023-05-12,36.74,0.0,36.74,1,
2023-05-15,0.0,0.0,0.0,0,weekend skip
2023-05-16,-91.25,-91.25,0.0,1,
2023-05-17,73.13,0.0,73.13,1,
2023-05-18,-49.02,-49.02,0.0,1,
2023-05-19,81.91,0.0,81.91,1,
2023-05-22,0.0,0.0,0.0,0,weekend skip
2023-05-23,-27.6,-27.6,0.0,1,
2023-05-24,-65.58,-65.58,0.0,1,
2023-05-25,-25.29,-25.29,0.0,1,
2023-05-26,2.07,0.0,2.07,1,
2023-05-30,0.0,0.0,0.0,0,weekend skip
2023-05-31,-58.8,-58.8,0.0,1,
2023-06-01,9.67,0.0,9.67,1,
2023-06-02,157.11,0.0,157.11,1,
2023-06-05,0.0,0.0,0.0,0,weekend skip
2023-06-06,-45.44,-45.44,0.0,1,
2023-06-07,37.76,0.0,37.76,1,
2023-06-08,-37.17,-37.17,0.0,1,
2023-06-09,-14.16,-14.16,0.0,1,
2023-06-12,0.0,0.0,0.0,0,weekend skip
2023-06-13,33.57,0.0,33.57,1,
2023-06-14,19.79,0.0,19.79,1,
2023-06-15,-60.01,-60.01,0.0,1,
2023-06-16,24.32,0.0,24.32,1,
2023-06-20,0.0,0.0,0.0,0,weekend skip
2023-06-21,-49.9,-49.9,0.0,1,
2023-06-22,-35.07,-35.07,0.0,1,
2023-06-23,-170.83,-170.83,0.0,1,
2023-06-26,0.0,0.0,0.0,0,weekend skip
2023-06-27,23.56,0.0,23.56,1,
2023-06-28,-28.79,-28.79,0.0,1,
2023-06-29,22.78,0.0,22.78,1,
2023-06-30,99.64,0.0,99.64,1,
2023-07-03,0.0,0.0,0.0,0,weekend skip
2023-07-05,-66.34,-66.34,0.0,1,
2023-07-06,-143.37,-143.37,0.0,1,
2023-07-07,8.86,0.0,8.86,1,
2023-07-10,0.0,0.0,0.0,0,weekend skip
2023-07-11,24.25,0.0,24.25,1,
2023-07-12,185.25,0.0,185.25,1,
2023-07-13,36.27,0.0,36.27,1,
2023-07-14,-11.79,-11.79,0.0,1,
2023-07-17,0.0,0.0,0.0,0,weekend skip
2023-07-18,1.86,0.0,1.86,1,
2023-07-19,35.49,0.0,35.49,1,
2023-07-20,6.1,0.0,6.1,1,
2023-07-21,74.41,0.0,74.41,1,
2023-07-24,0.0,0.0,0.0,0,weekend skip
2023-07-25,-25.85,-25.85,0.0,1,
2023-07-26,-16.61,-16.61,0.0,1,
2023-07-27,65.95,0.0,65.95,1,
2023-07-28,125.6,0.0,125.6,1,
2023-07-31,0.0,0.0,0.0,0,weekend skip
2023-08-01,-80.91,-80.91,0.0,1,
2023-08-02,-137.7,-137.7,0.0,1,
2023-08-03,-53.5,-53.5,0.0,1,
2023-08-04,11.72,0.0,11.72,1,
2023-08-07,0.0,0.0,0.0,0,weekend skip
2023-08-08,-142.61,-142.61,0.0,1,
2023-08-09,-21.12,-21.12,0.0,1,
2023-08-10,41.02,0.0,41.02,1,
2023-08-11,-55.36,-55.36,0.0,1,
2023-08-14,0.0,0.0,0.0,0,weekend skip
2023-08-15,-77.39,-77.39,0.0,1,
2023-08-16,-16.58,-16.58,0.0,1,
2023-08-17,27.76,0.0,27.76,1,
2023-08-18,-99.93,-99.93,0.0,1,
2023-08-21,0.0,0.0,0.0,0,weekend skip
2023-08-22,40.35,0.0,40.35,1,
2023-08-23,4.57,0.0,4.57,1,
2023-08-24,-36.17,-36.17,0.0,1,
2023-08-25,48.45,0.0,48.45,1,
2023-08-28,0.0,0.0,0.0,0,weekend skip
2023-08-29,-9.05,-9.05,0.0,1,
2023-08-30,-31.57,-31.57,0.0,1,
2023-08-31,10.16,0.0,10.16,1,
2023-09-01,91.62,0.0,91.62,1,
2023-09-05,0.0,0.0,0.0,0,weekend skip
2023-09-06,9.63,0.0,9.63,1,
2023-09-07,-70.89,-70.89,0.0,1,
2023-09-08,7.81,0.0,7.81,1,
2023-09-11,0.0,0.0,0.0,0,weekend skip
2023-09-12,-26.68,-26.68,0.0,1,
2023-09-13,13.68,0.0,13.68,1,
2023-09-14,97.04,0.0,97.04,1,
2023-09-15,-55.6,-55.6,0.0,1,
2023-09-18,0.0,0.0,0.0,0,weekend skip
2023-09-19,2.63,0.0,2.63,1,
2023-09-20,42.92,0.0,42.92,1,
2023-09-21,-96.05,-96.05,0.0,1,
2023-09-22,25.74,0.0,25.74,1,
2023-09-25,0.0,0.0,0.0,0,weekend skip
2023-09-26,-139.25,-139.25,0.0,1,
2023-09-27,67.42,0.0,67.42,1,
2023-09-28,-2.73,-2.73,0.0,1,
2023-09-29,83.74,0.0,83.74,1,
2023-10-02,0.0,0.0,0.0,0,weekend skip
2023-10-03,-79.28,-79.28,0.0,1,
2023-10-04,-14.02,-14.02,0.0,1,
2023-10-05,-30.84,-30.84,0.0,1,
2023-10-06,-77.0,-77.0,0.0,1,
2023-10-09,0.0,0.0,0.0,0,weekend skip
2023-10-10,15.86,0.0,15.86,1,
2023-10-11,6.82,0.0,6.82,1,
2023-10-12,9.56,0.0,9.56,1,
2023-10-13,35.62,0.0,35.62,1,
2023-10-16,0.0,0.0,0.0,0,weekend skip
2023-10-17,-76.99,-76.99,0.0,1,
2023-10-18,-96.68,-96.68,0.0,1,
2023-10-19,-35.02,-35.02,0.0,1,
2023-10-20,-4.98,-4.98,0.0,1,
2023-10-23,0.0,0.0,0.0,0,weekend skip
2023-10-24,93.75,0.0,93.75,1,
2023-10-25,-107.41,-107.41,0.0,1,
2023-10-26,31.51,0.0,31.51,1,
2023-10-27,21.93,0.0,21.93,1,
2023-10-30,0.0,0.0,0.0,0,weekend skip
2023-10-31,13.97,0.0,13.97,1,
2023-11-01,-15.31,-15.31,0.0,1,
2023-11-02,163.18,0.0,163.18,1,
2023-11-03,201.28,0.0,201.28,1,
2023-11-06,0.0,0.0,0.0,0,weekend skip
2023-11-07,-60.56,-60.56,0.0,1,
2023-11-08,-16.06,-16.06,0.0,1,
2023-11-09,76.27,0.0,76.27,1,
2023-11-10,60.23,0.0,60.23,1,
2023-11-13,0.0,0.0,0.0,0,weekend skip
2023-11-14,354.62,0.0,354.62,1,
2023-11-15,-10.09,-10.09,0.0,1,
2023-11-16,-47.65,-47.65,0.0,1,
2023-11-17,94.07,0.0,94.07,1,
2023-11-20,0.0,0.0,0.0,0,weekend skip
2023-11-21,-76.94,-76.94,0.0,1,
2023-11-22,73.19,0.0,73.19,1,
2023-11-24,-10.1,-10.1,0.0,1,
2023-11-27,0.0,0.0,0.0,0,weekend skip
2023-11-28,-17.45,-17.45,0.0,1,
2023-11-29,99.08,0.0,99.08,1,
2023-11-30,69.06,0.0,69.06,1,
2023-12-01,-30.07,-30.07,0.0,1,
2023-12-04,0.0,0.0,0.0,0,weekend skip
2023-12-05,-57.46,-57.46,0.0,1,
2023-12-06,81.33,0.0,81.33,1,
2023-12-07,18.91,0.0,18.91,1,
2023-12-08,-25.23,-25.23,0.0,1,
2023-12-11,0.0,0.0,0.0,0,weekend skip
2023-12-12,-16.03,-16.03,0.0,1,
2023-12-13,3.21,0.0,3.21,1,
2023-12-14,198.31,0.0,198.31,1,
2023-12-15,9.06,0.0,9.06,1,
2023-12-18,0.0,0.0,0.0,0,weekend skip
2023-12-19,80.97,0.0,80.97,1,
2023-12-20,-71.04,-71.04,0.0,1,
2023-12-21,131.43,0.0,131.43,1,
2023-12-22,63.67,0.0,63.67,1,
2023-12-26,0.0,0.0,0.0,0,weekend skip
2023-12-27,22.94,0.0,22.94,1,
2023-12-28,-59.19,-59.19,0.0,1,
2023-12-29,-33.53,-33.53,0.0,1,
2024-01-02,0.0,0.0,0.0,0,weekend skip
2024-01-03,-134.07,-134.07,0.0,1,
2024-01-04,-9.89,-9.89,0.0,1,
2024-01-05,-77.36,-77.36,0.0,1,
2024-01-08,0.0,0.0,0.0,0,weekend skip
2024-01-09,-161.45,-161.45,0.0,1,
2024-01-10,-18.46,-18.46,0.0,1,
2024-01-11,-39.37,-39.37,0.0,1,
2024-01-12,136.94,0.0,136.94,1,
2024-01-16,0.0,0.0,0.0,0,weekend skip
2024-01-17,-178.48,-178.48,0.0,1,
2024-01-18,74.72,0.0,74.72,1,
2024-01-19,36.5,0.0,36.5,1,
2024-01-22,0.0,0.0,0.0,0,weekend skip
2024-01-23,95.81,0.0,95.81,1,
2024-01-24,146.3,0.0,146.3,1,
2024-01-25,168.57,0.0,168.57,1,
2024-01-26,56.95,0.0,56.95,1,
2024-01-29,0.0,0.0,0.0,0,weekend skip
2024-01-30,-63.19,-63.19,0.0,1,
2024-01-31,-33.38,-33.38,0.0,1,
2024-02-01,89.61,0.0,89.61,1,
2024-02-02,-149.05,-149.05,0.0,1,
2024-02-05,0.0,0.0,0.0,0,weekend skip
2024-02-06,-16.26,-16.26,0.0,1,
2024-02-07,23.55,0.0,23.55,1,
2024-02-08,4.35,0.0,4.35,1,
2024-02-09,39.13,0.0,39.13,1,
2024-02-12,0.0,0.0,0.0,0,weekend skip
2024-02-13,-400.86,-400.86,0.0,1,
2024-02-14,180.57,0.0,180.57,1,
2024-02-15,104.8,0.0,104.8,1,
2024-02-16,-136.78,-136.78,0.0,1,
2024-02-20,0.0,0.0,0.0,0,weekend skip
2024-02-21,-77.22,-77.22,0.0,1,
2024-02-22,36.97,0.0,36.97,1,
2024-02-23,2.41,0.0,2.41,1,
2024-02-26,0.0,0.0,0.0,0,weekend skip
2024-02-27,108.53,0.0,108.53,1,
2024-02-28,-92.36,-92.36,0.0,1,
2024-02-29,160.94,0.0,160.94,1,
2024-03-01,48.9,0.0,48.9,1,
2024-03-04,0.0,0.0,0.0,0,weekend skip
2024-03-05,-84.58,-84.58,0.0,1,
2024-03-06,130.16,0.0,130.16,1,
2024-03-07,84.2,0.0,84.2,1,
2024-03-08,106.13,0.0,106.13,1,
2024-03-11,0.0,0.0,0.0,0,weekend skip
2024-03-12,-7.6,-7.6,0.0,1,
2024-03-13,-9.95,-9.95,0.0,1,
2024-03-14,-43.74,-43.74,0.0,1,
2024-03-15,-46.34,-46.34,0.0,1,
2024-03-18,0.0,0.0,0.0,0,weekend skip
2024-03-19,-88.85,-88.85,0.0,1,
2024-03-20,-40.96,-40.96,0.0,1,
2024-03-21,52.41,0.0,52.41,1,
2024-03-22,-8.08,-8.08,0.0,1,
2024-03-25,0.0,0.0,0.0,0,weekend skip
2024-03-26,85.82,0.0,85.82,1,
2024-03-27,92.99,0.0,92.99,1,
2024-03-28,22.32,0.0,22.32,1,
2024-04-01,23.39,0.0,23.39,1,
2024-04-02,-150.34,-150.34,0.0,1,
2024-04-03,-72.15,-72.15,0.0,1,
2024-04-04,127.69,0.0,127.69,1,
2024-04-05,-37.69,-37.69,0.0,1,
2024-04-08,0.0,0.0,0.0,0,weekend skip
2024-04-09,32.1,0.0,32.1,1,
2024-04-10,-306.37,-306.37,0.0,1,
2024-04-11,59.12,0.0,59.12,1,
2024-04-12,-69.38,-69.38,0.0,1,
2024-04-15,0.0,0.0,0.0,0,weekend skip
2024-04-16,-89.46,-89.46,0.0,1,
2024-04-17,80.56,0.0,80.56,1,
2024-04-18,36.67,0.0,36.67,1,
2024-04-19,-57.26,-57.26,0.0,1,
2024-04-22,0.0,0.0,0.0,0,weekend skip
2024-04-23,-2.46,-2.46,0.0,1,
2024-04-24,-25.38,-25.38,0.0,1,
2024-04-25,-140.2,-140.2,0.0,1,
2024-04-26,26.87,0.0,26.87,1,
2024-04-29,0.0,0.0,0.0,0,weekend skip
2024-04-30,-114.02,-114.02,0.0,1,
2024-05-01,-2.45,-2.45,0.0,1,
2024-05-02,149.47,0.0,149.47,1,
2024-05-03,201.58,0.0,201.58,1,
2024-05-06,0.0,0.0,0.0,0,weekend skip
2024-05-07,15.26,0.0,15.26,1,
2024-05-08,-131.74,-131.74,0.0,1,
2024-05-09,7.65,0.0,7.65,1,
2024-05-10,27.98,0.0,27.98,1,
2024-05-13,0.0,0.0,0.0,0,weekend skip
2024-05-14,136.55,0.0,136.55,1,
2024-05-15,131.65,0.0,131.65,1,
2024-05-16,-29.23,-29.23,0.0,1,
2024-05-17,-3.46,-3.46,0.0,1,
2024-05-20,0.0,0.0,0.0,0,weekend skip
2024-05-21,-48.89,-48.89,0.0,1,
2024-05-22,-46.65,-46.65,0.0,1,
2024-05-23,47.62,0.0,47.62,1,
2024-05-24,86.77,0.0,86.77,1,
2024-05-28,0.0,0.0,0.0,0,weekend skip
2024-05-29,-160.22,-160.22,0.0,1,
2024-05-30,75.96,0.0,75.96,1,
2024-05-31,48.8,0.0,48.8,1,
2024-06-03,0.0,0.0,0.0,0,weekend skip
2024-06-04,-89.11,-89.11,0.0,1,
2024-06-05,76.06,0.0,76.06,1,
2024-06-06,-53.26,-53.26,0.0,1,
2024-06-07,-124.37,-124.37,0.0,1,
2024-06-10,0.0,0.0,0.0,0,weekend skip
2024-06-11,-140.81,-140.81,0.0,1,
2024-06-12,311.03,0.0,311.03,1,
2024-06-13,-34.74,-34.74,0.0,1,
2024-06-14,-143.21,-143.21,0.0,1,
2024-06-17,0.0,0.0,0.0,0,weekend skip
2024-06-18,-4.19,-4.19,0.0,1,
2024-06-20,-33.46,-33.46,0.0,1,
2024-06-21,-1.2,-1.2,0.0,1,
2024-06-24,0.0,0.0,0.0,0,weekend skip
2024-06-25,-8.95,-8.95,0.0,1,
2024-06-26,-75.39,-75.39,0.0,1,
2024-06-27,29.98,0.0,29.98,1,
2024-06-28,101.52,0.0,101.52,1,
2024-07-01,0.0,0.0,0.0,0,weekend skip
2024-07-02,13.12,0.0,13.12,1,
2024-07-03,23.78,0.0,23.78,1,
2024-07-05,-48.12,-48.12,0.0,1,
2024-07-08,0.0,0.0,0.0,0,weekend skip
2024-07-09,-22.54,-22.54,0.0,1,
2024-07-10,51.24,0.0,51.24,1,
2024-07-11,261.91,0.0,261.91,1,
2024-07-12,120.13,0.0,120.13,1,
2024-07-15,0.0,0.0,0.0,0,weekend skip
2024-07-16,107.2,0.0,107.2,1,
2024-07-17,-120.75,-120.75,0.0,1,
2024-07-18,-52.89,-52.89,0.0,1,
2024-07-19,-22.02,-22.02,0.0,1,
2024-07-22,0.0,0.0,0.0,0,weekend skip
2024-07-23,-61.01,-61.01,0.0,1,
2024-07-24,-85.71,-85.71,0.0,1,
2024-07-25,26.98,0.0,26.98,1,
2024-07-26,181.2,0.0,181.2,1,
2024-07-29,0.0,0.0,0.0,0,weekend skip
2024-07-30,47.07,0.0,47.07,1,
2024-07-31,59.85,0.0,59.85,1,
2024-08-01,-12.32,-12.32,0.0,1,
2024-08-02,-435.31,-435.31,0.0,1,
2024-08-05,0.0,0.0,0.0,0,weekend skip
2024-08-06,37.36,0.0,37.36,1,
2024-08-07,195.42,0.0,195.42,1,
2024-08-08,136.58,0.0,136.58,1,
2024-08-09,6.96,0.0,6.96,1,
2024-08-12,0.0,0.0,0.0,0,weekend skip
2024-08-13,82.09,0.0,82.09,1,
2024-08-14,38.09,0.0,38.09,1,
2024-08-15,263.0,0.0,263.0,1,
2024-08-16,-41.87,-41.87,0.0,1,
2024-08-19,0.0,0.0,0.0,0,weekend skip
2024-08-20,-20.63,-20.63,0.0,1,
2024-08-21,82.34,0.0,82.34,1,
2024-08-22,1.67,0.0,1.67,1,
2024-08-23,85.38,0.0,85.38,1,
2024-08-26,0.0,0.0,0.0,0,weekend skip
2024-08-27,-86.0,-86.0,0.0,1,
2024-08-28,-52.65,-52.65,0.0,1,
2024-08-29,77.3,0.0,77.3,1,
2024-08-30,49.37,0.0,49.37,1,
2024-09-03,0.0,0.0,0.0,0,weekend skip
2024-09-04,-39.36,-39.36,0.0,1,
2024-09-05,28.73,0.0,28.73,1,
2024-09-06,-0.57,-0.57,0.0,1,
2024-09-09,0.0,0.0,0.0,0,weekend skip
2024-09-10,9.78,0.0,9.78,1,
2024-09-11,-55.86,-55.86,0.0,1,
2024-09-12,54.57,0.0,54.57,1,
2024-09-13,132.1,0.0,132.1,1,
2024-09-16,0.0,0.0,0.0,0,weekend skip
2024-09-17,101.98,0.0,101.98,1,
2024-09-18,-10.39,-10.39,0.0,1,
2024-09-19,283.82,0.0,283.82,1,
2024-09-20,-31.61,-31.61,0.0,1,
2024-09-23,0.0,0.0,0.0,0,weekend skip
2024-09-24,42.93,0.0,42.93,1,
2024-09-25,-47.21,-47.21,0.0,1,
2024-09-26,148.23,0.0,148.23,1,
2024-09-27,108.02,0.0,108.02,1,
2024-09-30,0.0,0.0,0.0,0,weekend skip
2024-10-01,-46.16,-46.16,0.0,1,
2024-10-02,-52.32,-52.32,0.0,1,
2024-10-03,-77.76,-77.76,0.0,1,
2024-10-04,172.66,0.0,172.66,1,
2024-10-07,0.0,0.0,0.0,0,weekend skip
2024-10-08,6.07,0.0,6.07,1,
2024-10-09,-8.27,-8.27,0.0,1,
2024-10-10,-124.88,-124.88,0.0,1,
2024-10-11,-5.53,-5.53,0.0,1,
2024-10-14,0.0,0.0,0.0,0,weekend skip
2024-10-15,-24.22,-24.22,0.0,1,
2024-10-16,94.13,0.0,94.13,1,
2024-10-17,6.35,0.0,6.35,1,
2024-10-18,27.07,0.0,27.07,1,
2024-10-21,0.0,0.0,0.0,0,weekend skip
2024-10-22,-37.28,-37.28,0.0,1,
2024-10-23,-68.88,-68.88,0.0,1,
2024-10-24,59.09,0.0,59.09,1,
2024-10-25,81.35,0.0,81.35,1,
2024-10-28,0.0,0.0,0.0,0,weekend skip
2024-10-29,-98.15,-98.15,0.0,1,
2024-10-30,-43.28,-43.28,0.0,1,
2024-10-31,-18.42,-18.42,0.0,1,
2024-11-01,94.79,0.0,94.79,1,
2024-11-04,0.0,0.0,0.0,0,weekend skip
2024-11-05,-44.7,-44.7,0.0,1,
2024-11-06,656.99,0.0,656.99,1,
2024-11-07,-20.74,-20.74,0.0,1,
2024-11-08,-22.85,-22.85,0.0,1,
2024-11-11,0.0,0.0,0.0,0,weekend skip
2024-11-12,-88.86,-88.86,0.0,1,
2024-11-13,73.78,0.0,73.78,1,
2024-11-14,34.19,0.0,34.19,1,
2024-11-15,9.83,0.0,9.83,1,
2024-11-18,0.0,0.0,0.0,0,weekend skip
2024-11-19,-127.34,-127.34,0.0,1,
2024-11-20,-24.97,-24.97,0.0,1,
2024-11-21,63.4,0.0,63.4,1,
2024-11-22,54.23,0.0,54.23,1,
2024-11-25,0.0,0.0,0.0,0,weekend skip
2024-11-26,-61.88,-61.88,0.0,1,
2024-11-27,66.82,0.0,66.82,1,
2024-11-29,67.22,0.0,67.22,1,
2024-12-02,0.0,0.0,0.0,0,weekend skip
2024-12-03,-17.12,-17.12,0.0,1,
2024-12-04,6.0,0.0,6.0,1,
2024-12-05,-23.41,-23.41,0.0,1,
2024-12-06,84.17,0.0,84.17,1,
2024-12-09,0.0,0.0,0.0,0,weekend skip
2024-12-10,-10.6,-10.6,0.0,1,
2024-12-11,94.76,0.0,94.76,1,
2024-12-12,-36.33,-36.33,0.0,1,
2024-12-13,-17.9,-17.9,0.0,1,
2024-12-16,0.0,0.0,0.0,0,weekend skip
2024-12-17,-96.71,-96.71,0.0,1,
2024-12-18,57.64,0.0,57.64,1,
2024-12-19,122.68,0.0,122.68,1,
2024-12-20,-75.83,-75.83,0.0,1,
2024-12-23,0.0,0.0,0.0,0,weekend skip
2024-12-24,31.44,0.0,31.44,1,
2024-12-26,-45.69,-45.69,0.0,1,
2024-12-27,-81.86,-81.86,0.0,1,
2024-12-30,0.0,0.0,0.0,0,weekend skip
2024-12-31,75.03,0.0,75.03,1,
2025-01-02,103.72,0.0,103.72,1,
2025-01-03,47.2,0.0,47.2,1,
2025-01-06,0.0,0.0,0.0,0,weekend skip
2025-01-07,50.23,0.0,50.23,1,
2025-01-08,-102.88,-102.88,0.0,1,
2025-01-10,-188.32,-188.32,0.0,1,
2025-01-13,0.0,0.0,0.0,0,weekend skip
2025-01-14,99.94,0.0,99.94,1,
2025-01-15,306.29,0.0,306.29,1,
2025-01-16,1.61,0.0,1.61,1,
2025-01-17,127.75,0.0,127.75,1,
2025-01-21,0.0,0.0,0.0,0,weekend skip
2025-01-22,-29.23,-29.23,0.0,1,
2025-01-23,-73.59,-73.59,0.0,1,
2025-01-24,-29.31,-29.31,0.0,1,
2025-01-27,0.0,0.0,0.0,0,weekend skip
2025-01-28,7.41,0.0,7.41,1,
2025-01-29,-8.47,-8.47,0.0,1,
2025-01-30,116.67,0.0,116.67,1,
2025-01-31,8.4,0.0,8.4,1,
2025-02-03,0.0,0.0,0.0,0,weekend skip
2025-02-04,-17.15,-17.15,0.0,1,
2025-02-05,57.64,0.0,57.64,1,
2025-02-06,52.29,0.0,52.29,1,
2025-02-07,5.77,0.0,5.77,1,
2025-02-10,0.0,0.0,0.0,0,weekend skip
2025-02-11,-108.34,-108.34,0.0,1,
2025-02-12,-186.85,-186.85,0.0,1,
2025-02-13,69.73,0.0,69.73,1,
2025-02-14,57.84,0.0,57.84,1,
2025-02-18,0.0,0.0,0.0,0,weekend skip
2025-02-19,-99.27,-99.27,0.0,1,
2025-02-20,-24.91,-24.91,0.0,1,
2025-02-21,87.73,0.0,87.73,1,
2025-02-24,0.0,0.0,0.0,0,weekend skip
2025-02-25,4.44,0.0,4.44,1,
2025-02-26,31.19,0.0,31.19,1,
2025-02-27,-7.23,-7.23,0.0,1,
2025-02-28,-46.88,-46.88,0.0,1,
2025-03-03,0.0,0.0,0.0,0,weekend skip
2025-03-04,-168.37,-168.37,0.0,1,
2025-03-05,-2.91,-2.91,0.0,1,
2025-03-06,-162.25,-162.25,0.0,1,
2025-03-07,-21.04,-21.04,0.0,1,
2025-03-10,0.0,0.0,0.0,0,weekend skip
2025-03-11,20.32,0.0,20.32,1,
2025-03-12,130.86,0.0,130.86,1,
2025-03-13,4.77,0.0,4.77,1,
2025-03-14,129.02,0.0,129.02,1,
2025-03-17,0.0,0.0,0.0,0,weekend skip
2025-03-18,-92.89,-92.89,0.0,1,
2025-03-19,1.77,0.0,1.77,1,
2025-03-20,-124.4,-124.4,0.0,1,
2025-03-21,-140.4,-140.4,0.0,1,
2025-03-24,0.0,0.0,0.0,0,weekend skip
2025-03-25,-16.66,-16.66,0.0,1,
2025-03-26,8.66,0.0,8.66,1,
2025-03-27,-15.76,-15.76,0.0,1,
2025-03-28,-9.38,-9.38,0.0,1,
2025-03-31,0.0,0.0,0.0,0,weekend skip
2025-04-01,-37.28,-37.28,0.0,1,
2025-04-02,-168.98,-168.98,0.0,1,
2025-04-03,-571.78,-571.78,0.0,1,
2025-04-04,-445.53,-445.53,0.0,1,
2025-04-07,0.0,0.0,0.0,0,weekend skip
2025-04-08,402.84,0.0,402.84,1,
2025-04-09,-149.6,-149.6,0.0,1,
2025-04-10,-334.43,-334.43,0.0,1,
2025-04-11,-48.83,-48.83,0.0,1,
2025-04-14,0.0,0.0,0.0,0,weekend skip
2025-04-15,-18.65,-18.65,0.0,1,
2025-04-16,-71.32,-71.32,0.0,1,
2025-04-17,-0.65,-0.65,0.0,1,
2025-04-21,-105.46,-105.46,0.0,1,
2025-04-22,153.63,0.0,153.63,1,
2025-04-23,342.32,0.0,342.32,1,
2025-04-24,32.17,0.0,32.17,1,
2025-04-25,-86.56,-86.56,0.0,1,
2025-04-28,0.0,0.0,0.0,0,weekend skip
2025-04-29,-33.24,-33.24,0.0,1,
2025-04-30,-183.58,-183.58,0.0,1,
2025-05-01,56.07,0.0,56.07,1,
2025-05-02,133.7,0.0,133.7,1,
2025-05-05,0.0,0.0,0.0,0,weekend skip
2025-05-06,-148.93,-148.93,0.0,1,
2025-05-07,76.21,0.0,76.21,1,
2025-05-08,139.79,0.0,139.79,1,
2025-05-09,14.31,0.0,14.31,1,
2025-05-12,0.0,0.0,0.0,0,weekend skip
2025-05-13,54.82,0.0,54.82,1,
2025-05-14,-40.25,-40.25,0.0,1,
2025-05-15,-17.98,-17.98,0.0,1,
2025-05-16,11.53,0.0,11.53,1,
2025-05-19,0.0,0.0,0.0,0,weekend skip
2025-05-20,-21.82,-21.82,0.0,1,
2025-05-21,-144.33,-144.33,0.0,1,
2025-05-22,-58.45,-58.45,0.0,1,
2025-05-23,-207.81,-207.81,0.0,1,
2025-05-27,0.0,0.0,0.0,0,weekend skip
2025-05-28,-4.04,-4.04,0.0,1,
2025-05-29,79.39,0.0,79.39,1,
2025-05-30,-62.86,-62.86,0.0,1,
2025-06-02,0.0,0.0,0.0,0,weekend skip
2025-06-03,36.74,0.0,36.74,1,
2025-06-04,2.87,0.0,2.87,1,
2025-06-05,10.36,0.0,10.36,1,
2025-06-06,167.73,0.0,167.73,1,
2025-06-09,0.0,0.0,0.0,0,weekend skip
2025-06-10,60.75,0.0,60.75,1,
2025-06-11,55.93,0.0,55.93,1,
2025-06-12,-86.49,-86.49,0.0,1,
2025-06-13,-170.84,-170.84,0.0,1,
2025-06-16,0.0,0.0,0.0,0,weekend skip
2025-06-17,-99.63,-99.63,0.0,1,
2025-06-18,-8.06,-8.06,0.0,1,
2025-06-20,80.7,0.0,80.7,1,
2025-06-23,0.0,0.0,0.0,0,weekend skip
2025-06-24,82.72,0.0,82.72,1,
2025-06-25,8.95,0.0,8.95,1,
2025-06-26,41.31,0.0,41.31,1,
2025-06-27,32.86,0.0,32.86,1,
2025-06-30,0.0,0.0,0.0,0,weekend skip
2025-07-01,-70.05,-70.05,0.0,1,
2025-07-02,14.86,0.0,14.86,1,
2025-07-03,49.94,0.0,49.94,1,
2025-07-07,-85.51,-85.51,0.0,1,
2025-07-08,40.13,0.0,40.13,1,
2025-07-09,66.7,0.0,66.7,1,
2025-07-10,-17.17,-17.17,0.0,1,
2025-07-11,-89.67,-89.67,0.0,1,
2025-07-14,0.0,0.0,0.0,0,weekend skip
2025-07-15,42.46,0.0,42.46,1,
2025-07-16,70.17,0.0,70.17,1,
2025-07-17,-0.54,-0.54,0.0,1,
2025-07-18,72.35,0.0,72.35,1,
2025-07-21,0.0,0.0,0.0,0,weekend skip
2025-07-22,5.39,0.0,5.39,1,
2025-07-23,80.07,0.0,80.07,1,
2025-07-24,-65.37,-65.37,0.0,1,
2025-07-25,41.32,0.0,41.32,1,
2025-07-28,0.0,0.0,0.0,0,weekend skip
2025-07-29,73.86,0.0,73.86,1,
2025-07-30,49.03,0.0,49.03,1,
2025-07-31,-64.71,-64.71,0.0,1,
2025-08-01,-179.35,-179.35,0.0,1,
2025-08-04,0.0,0.0,0.0,0,weekend skip
2025-08-05,43.69,0.0,43.69,1,
2025-08-06,1.09,0.0,1.09,1,
2025-08-07,114.77,0.0,114.77,1,
2025-08-08,62.21,0.0,62.21,1,
2025-08-11,0.0,0.0,0.0,0,weekend skip
2025-08-12,81.15,0.0,81.15,1,
2025-08-13,74.6,0.0,74.6,1,
2025-08-14,-149.43,-149.43,0.0,1,
2025-08-15,18.93,0.0,18.93,1,
2025-08-18,0.0,0.0,0.0,0,weekend skip
2025-08-19,-2.11,-2.11,0.0,1,
2025-08-20,-18.03,-18.03,0.0,1,
2025-08-21,-58.01,-58.01,0.0,1,
2025-08-22,69.55,0.0,69.55,1,
2025-08-25,0.0,0.0,0.0,0,weekend skip
2025-08-26,19.1,0.0,19.1,1,
2025-08-27,-30.73,-30.73,0.0,1,
2025-08-28,48.31,0.0,48.31,1,
2025-08-29,22.35,0.0,22.35,1,
2025-09-02,0.0,0.0,0.0,0,weekend skip
2025-09-03,-36.42,-36.42,0.0,1,
2025-09-04,24.64,0.0,24.64,1,
2025-09-05,54.27,0.0,54.27,1,
2025-09-08,0.0,0.0,0.0,0,weekend skip
2025-09-09,-21.65,-21.65,0.0,1,
2025-09-10,20.77,0.0,20.77,1,
2025-09-11,18.78,0.0,18.78,1,
2025-09-12,-31.4,-31.4,0.0,1,
2025-09-15,0.0,0.0,0.0,0,weekend skip
2025-09-16,-48.13,-48.13,0.0,1,
2025-09-17,24.17,0.0,24.17,1,
2025-09-18,91.4,0.0,91.4,1,
2025-09-19,30.88,0.0,30.88,1,
2025-09-22,0.0,0.0,0.0,0,weekend skip
2025-09-23,27.49,0.0,27.49,1,
2025-09-24,-1.97,-1.97,0.0,1,
2025-09-25,-134.08,-134.08,0.0,1,
2025-09-26,12.53,0.0,12.53,1,
2025-09-29,0.0,0.0,0.0,0,weekend skip
2025-09-30,-27.32,-27.32,0.0,1,
2025-10-01,-72.4,-72.4,0.0,1,
2025-10-02,19.79,0.0,19.79,1,
2025-10-03,62.94,0.0,62.94,1,
2025-10-06,0.0,0.0,0.0,0,weekend skip
2025-10-07,23.82,0.0,23.82,1,
2025-10-08,52.09,0.0,52.09,1,
2025-10-09,-21.4,-21.4,0.0,1,
2025-10-10,27.41,0.0,27.41,1,
2025-10-13,0.0,0.0,0.0,0,weekend skip
2025-10-14,-157.61,-157.61,0.0,1,
2025-10-15,117.14,0.0,117.14,1,
2025-10-16,26.84,0.0,26.84,1,
2025-10-17,-89.59,-89.59,0.0,1,
2025-10-20,0.0,0.0,0.0,0,weekend skip
2025-10-21,-37.23,-37.23,0.0,1,
2025-10-22,-50.52,-50.52,0.0,1,
2025-10-23,42.4,0.0,42.4,1,
2025-10-24,163.13,0.0,163.13,1,
2025-10-27,0.0,0.0,0.0,0,weekend skip
2025-10-28,-39.79,-39.79,0.0,1,
2025-10-29,-7.71,-7.71,0.0,1,
2025-10-30,-81.16,-81.16,0.0,1,
2025-10-31,3.92,0.0,3.92,1,
2025-11-03,0.0,0.0,0.0,0,weekend skip
2025-11-04,-180.89,-180.89,0.0,1,
2025-11-05,33.33,0.0,33.33,1,
2025-11-06,-25.5,-25.5,0.0,1,
2025-11-07,-100.34,-100.34,0.0,1,
2025-11-10,0.0,0.0,0.0,0,weekend skip
2025-11-11,-35.16,-35.16,0.0,1,
2025-11-12,25.54,0.0,25.54,1,
2025-11-13,-92.58,-92.58,0.0,1,
2025-11-14,-178.86,-178.86,0.0,1,
2025-11-17,0.0,0.0,0.0,0,weekend skip
2025-11-18,-79.38,-79.38,0.0,1,
2025-11-19,13.36,0.0,13.36,1,
2025-11-20,190.67,0.0,190.67,1,
2025-11-21,39.8,0.0,39.8,1,
2025-11-24,0.0,0.0,0.0,0,weekend skip
2025-11-25,38.76,0.0,38.76,1,
2025-11-26,-7.34,-7.34,0.0,1,
2025-11-28,30.08,0.0,30.08,1,
2025-12-01,0.0,0.0,0.0,0,weekend skip
2025-12-02,80.59,0.0,80.59,1,
2025-12-03,35.23,0.0,35.23,1,
2025-12-04,-35.09,-35.09,0.0,1,
2025-12-05,-19.3,-19.3,0.0,1,
2025-12-08,0.0,0.0,0.0,0,weekend skip
2025-12-09,-33.95,-33.95,0.0,1,
2025-12-10,-26.25,-26.25,0.0,1,
2025-12-11,-10.36,-10.36,0.0,1,
2025-12-12,3.26,0.0,3.26,1,
2025-12-15,0.0,0.0,0.0,0,weekend skip
2025-12-16,-79.53,-79.53,0.0,1,
2025-12-17,19.93,0.0,19.93,1,
2025-12-18,141.24,0.0,141.24,1,
2025-12-19,23.64,0.0,23.64,1,
2025-12-22,0.0,0.0,0.0,0,weekend skip
2025-12-23,-58.67,-58.67,0.0,1,
2025-12-24,-8.09,-8.09,0.0,1,
2025-12-26,9.99,0.0,9.99,1,
2025-12-29,0.0,0.0,0.0,0,weekend skip
2025-12-30,1.44,0.0,1.44,1,
2025-12-31,2.9,0.0,2.9,1,
2026-01-02,66.28,0.0,66.28,1,
2026-01-05,0.0,0.0,0.0,0,weekend skip
2026-01-06,-27.06,-27.06,0.0,1,
2026-01-07,11.71,0.0,11.71,1,
2026-01-08,-39.45,-39.45,0.0,1,
2026-01-09,57.14,0.0,57.14,1,
2026-01-12,0.0,0.0,0.0,0,weekend skip
2026-01-13,39.0,0.0,39.0,1,
2026-01-14,-13.77,-13.77,0.0,1,
2026-01-15,35.33,0.0,35.33,1,
2026-01-16,13.56,0.0,13.56,1,
2026-01-20,0.0,0.0,0.0,0,weekend skip
2026-01-21,88.17,0.0,88.17,1,
2026-01-22,89.62,0.0,89.62,1,
2026-01-23,-37.35,-37.35,0.0,1,
2026-01-26,0.0,0.0,0.0,0,weekend skip
2026-01-27,0.45,0.0,0.45,1,
2026-01-28,54.39,0.0,54.39,1,
2026-01-29,31.44,0.0,31.44,1,
2026-01-30,-107.97,-107.97,0.0,1,
2026-02-02,0.0,0.0,0.0,0,weekend skip
2026-02-03,38.45,0.0,38.45,1,
2026-02-04,59.35,0.0,59.35,1,
2026-02-05,-96.26,-96.26,0.0,1,
2026-02-06,180.09,0.0,180.09,1,
2026-02-09,0.0,0.0,0.0,0,weekend skip
2026-02-10,13.49,0.0,13.49,1,
2026-02-11,100.52,0.0,100.52,1,
2026-02-12,90.57,0.0,90.57,1,
2026-02-13,44.84,0.0,44.84,1,
2026-02-17,0.0,0.0,0.0,0,weekend skip
2026-02-18,-3.65,-3.65,0.0,1,
2026-02-19,-68.17,-68.17,0.0,1,
2026-02-20,-82.98,-82.98,0.0,1,
2026-02-23,0.0,0.0,0.0,0,weekend skip
2026-02-24,-7.83,-7.83,0.0,1,
2026-02-25,84.75,0.0,84.75,1,
2026-02-26,17.01,0.0,17.01,1,
2026-02-27,-176.63,-176.63,0.0,1,
2026-03-02,0.0,0.0,0.0,0,weekend skip
2026-03-03,-322.45,-322.45,0.0,1,
2026-03-04,87.01,0.0,87.01,1,
2026-03-05,-129.27,-129.27,0.0,1,
2026-03-06,-251.37,-251.37,0.0,1,
2026-03-09,0.0,0.0,0.0,0,weekend skip
2026-03-10,-34.06,-34.06,0.0,1,
2026-03-11,-52.56,-52.56,0.0,1,
2026-03-12,-188.86,-188.86,0.0,1,
2026-03-13,84.86,0.0,84.86,1,
2026-03-16,0.0,0.0,0.0,0,weekend skip
2026-03-17,44.35,0.0,44.35,1,
2026-03-18,-83.48,-83.48,0.0,1,
2026-03-19,-150.2,-150.2,0.0,1,
2026-03-20,-34.89,-34.89,0.0,1,
2026-03-23,0.0,0.0,0.0,0,weekend skip
2026-03-24,-97.46,-97.46,0.0,1,
2026-03-25,138.89,0.0,138.89,1,
2026-03-26,-144.35,-144.35,0.0,1,
2026-03-27,-71.29,-71.29,0.0,1,
2026-03-30,0.0,0.0,0.0,0,weekend skip
2026-03-31,168.76,0.0,168.76,1,
2026-04-01,91.45,0.0,91.45,1,
2026-04-02,-224.54,-224.54,0.0,1,
2026-04-06,-15.76,-15.76,0.0,1,
2026-04-07,-58.48,-58.48,0.0,1,
2026-04-08,404.17,0.0,404.17,1,
2026-04-09,-79.7,-79.7,0.0,1,
2026-04-10,17.86,0.0,17.86,1,
2026-04-13,0.0,0.0,0.0,0,weekend skip
2026-04-14,89.18,0.0,89.18,1,
2026-04-15,0.89,0.0,0.89,1,
2026-04-16,-1.34,-1.34,0.0,1,
2026-04-17,164.89,0.0,164.89,1,
2026-04-20,0.0,0.0,0.0,0,weekend skip
2026-04-21,33.31,0.0,33.31,1,
2026-04-22,132.66,0.0,132.66,1,
2026-04-23,7.81,0.0,7.81,1,
2026-04-24,46.16,0.0,46.16,1,
2026-04-27,0.0,0.0,0.0,0,weekend skip
2026-04-28,-48.93,-48.93,0.0,1,
2026-04-29,-3.07,-3.07,0.0,1,
2026-04-30,43.66,0.0,43.66,1,
2026-05-01,28.93,0.0,28.93,1,
2026-05-04,0.0,0.0,0.0,0,weekend skip
2026-05-05,92.39,0.0,92.39,1,
2026-05-06,115.07,0.0,115.07,1,
2026-05-07,27.61,0.0,27.61,1,
2026-05-08,71.19,0.0,71.19,1,
2026-05-11,0.0,0.0,0.0,0,weekend skip
2026-05-12,-59.28,-59.28,0.0,1,
2026-05-13,11.89,0.0,11.89,1,
2026-05-14,46.27,0.0,46.27,1,
2026-05-15,-178.0,-178.0,0.0,1,
2026-05-18,0.0,0.0,0.0,0,weekend skip
2026-05-19,-98.03,-98.03,0.0,1,
2026-05-20,80.43,0.0,80.43,1,
2026-05-21,-54.02,-54.02,0.0,1,
2026-05-22,64.77,0.0,64.77,1,
2026-05-26,0.0,0.0,0.0,0,weekend skip
2026-05-27,24.57,0.0,24.57,1,
2026-05-28,-32.65,-32.65,0.0,1,
2026-05-29,-29.79,-29.79,0.0,1,
2026-06-01,0.0,0.0,0.0,0,weekend skip
2026-06-02,-24.5,-24.5,0.0,1,
2026-06-03,-70.76,-70.76,0.0,1,
2026-06-04,-6.67,-6.67,0.0,1,
2026-06-05,-122.05,-122.05,0.0,1,
2026-06-08,0.0,0.0,0.0,0,weekend skip
2026-06-09,126.27,0.0,126.27,1,
2026-06-10,-18.95,-18.95,0.0,1,
2026-06-11,100.41,0.0,100.41,1,
2026-06-12,48.76,0.0,48.76,1,
2026-06-15,0.0,0.0,0.0,0,weekend skip
2026-06-16,30.13,0.0,30.13,1,
2026-06-17,11.09,0.0,11.09,1,
2026-06-18,191.66,0.0,191.66,1,
2026-06-22,60.09,0.0,60.09,1,
2026-06-23,-201.19,-201.19,0.0,1,
2026-06-24,20.32,0.0,20.32,1,
2026-06-25,110.39,0.0,110.39,1,
2026-06-26,-92.35,-92.35,0.0,1,
2026-06-29,0.0,0.0,0.0,0,weekend skip
2026-06-30,-18.46,-18.46,0.0,1,
2026-07-01,-26.76,-26.76,0.0,1,
2026-07-02,46.5,0.0,46.5,1,
2026-07-06,6.05,0.0,6.05,1,
2026-07-07,8.83,0.0,8.83,1,
2026-07-08,-90.74,-90.74,0.0,1,
2026-07-09,70.73,0.0,70.73,1,
2026-07-10,14.53,0.0,14.53,1,
2026-07-13,0.0,0.0,0.0,0,weekend skip
2026-07-14,81.77,0.0,81.77,1,
2026-07-15,28.11,0.0,28.11,1,
2026-07-16,-48.28,-48.28,0.0,1,
2026-07-17,-148.55,-148.55,0.0,1,
2026-07-20,0.0,0.0,0.0,0,weekend skip
2026-07-21,43.1,0.0,43.1,1,
2026-07-22,-35.61,-35.61,0.0,1,
2026-07-23,-120.08,-120.08,0.0,1,
2026-07-24,50.94,0.0,50.94,1,
2026-07-27,0.0,0.0,0.0,0,weekend skip
2026-07-28,6.96,0.0,6.96,1,
2026-07-29,-38.45,-38.45,0.0,1,
2026-07-30,103.11,0.0,103.11,1,
2026-07-31,38.96,0.0,38.96,1,
2026-08-03,0.0,0.0,0.0,0,weekend skip
2026-08-04,53.06,0.0,53.06,1,
2026-08-05,27.05,0.0,27.05,1,
2026-08-06,-9.21,-9.21,0.0,1,
2026-08-07,86.29,0.0,86.29,1,
2026-08-10,0.0,0.0,0.0,0,weekend skip
2026-08-11,35.2,0.0,35.2,1,
2026-08-12,77.73,0.0,77.73,1,
2026-08-13,50.34,0.0,50.34,1,
2026-08-14,-11.07,-11.07,0.0,1,
2026-08-17,0.0,0.0,0.0,0,weekend skip
2026-08-18,-67.08,-67.08,0.0,1,
2026-08-19,102.3,0.0,102.3,1,
2026-08-20,-100.21,-100.21,0.0,1,
2026-08-21,85.05,0.0,85.05,1,
2026-08-24,0.0,0.0,0.0,0,weekend skip
2026-08-25,63.22,0.0,63.22,1,
2026-08-26,-27.26,-27.26,0.0,1,
2026-08-27,-8.83,-8.83,0.0,1,
2026-08-28,-7.6,-7.6,0.0,1,
2026-08-31,0.0,0.0,0.0,0,weekend skip
2026-09-01,-82.06,-82.06,0.0,1,
2026-09-02,36.33,0.0,36.33,1,
2026-09-03,70.6,0.0,70.6,1,
2026-09-04,-63.0,-63.0,0.0,1,
