,ONA,ONB,combined
2016-01-05,34.89,45.65,80.53999999999999
2016-01-06,-173.05,-340.78,-513.8299999999999
2016-01-07,-217.05,-417.81,-634.86
2016-01-08,19.3,126.83,146.13
2016-01-11,0.0,0.0,0.0
2016-01-12,80.0,182.47,262.47
2016-01-13,10.41,64.1,74.50999999999999
2016-01-14,47.8,82.65,130.45
2016-01-15,-321.89,-613.0,-934.89
2016-01-19,0.0,0.0,0.0
2016-01-20,-176.05,-401.04,-577.09
2016-01-21,10.89,24.81,35.7
2016-01-22,196.37,315.94,512.31
2016-01-25,0.0,0.0,0.0
2016-01-26,37.51,97.04,134.55
2016-01-27,-68.82,-150.87,-219.69
2016-01-28,96.88,193.44,290.32
2016-01-29,34.9,144.67,179.57
2016-02-01,0.0,0.0,0.0
2016-02-02,-145.12,-232.34,-377.46000000000004
2016-02-03,83.74,132.48,216.21999999999997
2016-02-04,-56.16,-67.62,-123.78
2016-02-05,-63.07,-42.04,-105.11
2016-02-08,0.0,0.0,0.0
2016-02-09,-166.73,-266.76,-433.49
2016-02-10,68.85,94.7,163.55
2016-02-11,-222.91,-388.0,-610.91
2016-02-12,99.96,180.31,280.27
2016-02-16,0.0,0.0,0.0
2016-02-17,71.56,164.42,235.98
2016-02-18,0.0,48.8,48.8
2016-02-19,-51.62,-192.91,-244.53
2016-02-22,0.0,0.0,0.0
2016-02-23,-50.78,-56.81,-107.59
2016-02-24,-129.92,-221.38,-351.29999999999995
2016-02-25,12.99,44.69,57.68
2016-02-26,53.82,130.95,184.76999999999998
2016-02-29,0.0,0.0,0.0
2016-03-01,93.39,128.2,221.58999999999997
2016-03-02,-21.73,-70.97,-92.7
2016-03-03,-6.79,-28.6,-35.39
2016-03-04,-7.84,12.22,4.380000000000001
2016-03-07,0.0,0.0,0.0
2016-03-08,-77.1,-117.26,-194.36
2016-03-09,35.0,90.8,125.8
2016-03-10,24.71,75.73,100.44
2016-03-11,88.32,181.19,269.51
2016-03-14,0.0,0.0,0.0
2016-03-15,-78.93,-114.71,-193.64
2016-03-16,-69.98,-66.6,-136.57999999999998
2016-03-17,-34.76,-7.95,-42.71
2016-03-18,8.84,35.49,44.33
2016-03-21,0.0,0.0,0.0
2016-03-22,-69.12,-98.0,-167.12
2016-03-23,-84.56,-62.85,-147.41
2016-03-24,-76.35,-135.49,-211.84
2016-03-28,19.03,21.04,40.07
2016-03-29,-38.01,-90.61,-128.62
2016-03-30,55.46,125.36,180.82
2016-03-31,8.7,-7.8,0.8999999999999995
2016-04-01,-114.93,-127.59,-242.52
2016-04-04,0.0,0.0,0.0
2016-04-05,-97.97,-146.69,-244.66
2016-04-06,-11.01,-2.62,-13.629999999999999
2016-04-07,-94.73,-166.28,-261.01
2016-04-08,94.93,120.68,215.61
2016-04-11,0.0,0.0,0.0
2016-04-12,-3.31,28.84,25.53
2016-04-13,61.09,115.6,176.69
2016-04-14,-13.88,9.0,-4.880000000000001
2016-04-15,-39.56,-24.39,-63.95
2016-04-18,0.0,0.0,0.0
2016-04-19,14.82,37.09,51.910000000000004
2016-04-20,-5.29,-44.64,-49.93
2016-04-21,-22.17,-22.9,-45.07
2016-04-22,-4.25,-15.36,-19.61
2016-04-25,0.0,0.0,0.0
2016-04-26,37.07,25.61,62.68
2016-04-27,-5.24,-78.07,-83.30999999999999
2016-04-28,-65.82,-159.47,-225.29
2016-04-29,-56.03,-109.7,-165.73000000000002
2016-05-02,0.0,0.0,0.0
2016-05-03,-107.69,-173.73,-281.41999999999996
2016-05-04,-75.23,-124.53,-199.76
2016-05-05,41.18,57.38,98.56
2016-05-06,-54.4,-106.87,-161.27
2016-05-09,0.0,0.0,0.0
2016-05-10,42.07,83.14,125.21000000000001
2016-05-11,-28.84,-70.58,-99.42
2016-05-12,21.63,57.07,78.7
2016-05-13,-41.3,-72.59,-113.89
2016-05-16,0.0,0.0,0.0
2016-05-17,-27.0,-44.11,-71.11
2016-05-18,-60.37,-69.43,-129.8
2016-05-19,-95.03,-92.98,-188.01
2016-05-20,30.28,-6.58,23.700000000000003
2016-05-23,0.0,0.0,0.0
2016-05-24,66.15,119.72,185.87
2016-05-25,29.74,85.83,115.57
2016-05-26,16.9,21.93,38.83
2016-05-27,1.06,10.33,11.39
2016-05-31,0.0,0.0,0.0
2016-06-01,-44.88,-100.94,-145.82
2016-06-02,-38.33,-65.98,-104.31
2016-06-03,-34.97,-61.91,-96.88
2016-06-06,0.0,0.0,0.0
2016-06-07,-1.02,30.81,29.79
2016-06-08,4.08,28.2,32.28
2016-06-09,-58.74,-93.24,-151.98
2016-06-10,-117.25,-154.71,-271.96000000000004
2016-06-13,0.0,0.0,0.0
2016-06-14,-48.08,-60.92,-109.0
2016-06-15,37.73,48.12,85.85
2016-06-16,-96.33,-117.21,-213.54
2016-06-17,-23.04,-55.72,-78.75999999999999
2016-06-20,0.0,0.0,0.0
2016-06-21,-6.24,33.63,27.39
2016-06-22,17.72,18.08,35.8
2016-06-23,119.34,182.62,301.96000000000004
2016-06-24,-513.24,-684.14,-1197.38
2016-06-27,0.0,0.0,0.0
2016-06-28,101.55,212.22,313.77
2016-06-29,133.65,170.67,304.32
2016-06-30,15.94,46.86,62.8
2016-07-01,-1.04,-41.1,-42.14
2016-07-05,0.0,0.0,0.0
2016-07-06,-130.83,-83.88,-214.71
2016-07-07,20.0,6.42,26.42
2016-07-08,102.95,146.61,249.56
2016-07-11,0.0,0.0,0.0
2016-07-12,78.18,104.8,182.98000000000002
2016-07-13,54.11,30.1,84.21000000000001
2016-07-14,98.59,177.88,276.47
2016-07-15,45.22,46.01,91.22999999999999
2016-07-18,0.0,0.0,0.0
2016-07-19,-21.01,-19.88,-40.89
2016-07-20,24.14,54.58,78.72
2016-07-21,-16.98,-39.61,-56.59
2016-07-22,-1.0,-6.22,-7.22
2016-07-25,0.0,0.0,0.0
2016-07-26,-6.99,-28.62,-35.61
2016-07-27,10.92,61.04,71.96
2016-07-28,-28.73,-46.09,-74.82000000000001
2016-07-29,-18.86,-74.83,-93.69
2016-08-01,0.0,0.0,0.0
2016-08-02,-5.94,-30.01,-35.95
2016-08-03,-16.07,-23.88,-39.95
2016-08-04,-10.95,10.03,-0.9199999999999999
2016-08-05,72.65,111.57,184.22
2016-08-08,0.0,0.0,0.0
2016-08-09,-2.94,4.96,2.02
2016-08-10,-6.86,2.48,-4.380000000000001
2016-08-11,45.42,62.11,107.53
2016-08-12,-32.42,-28.39,-60.81
2016-08-15,0.0,0.0,0.0
2016-08-16,-38.88,-53.01,-91.89
2016-08-17,-1.96,-9.9,-11.86
2016-08-18,-2.95,-22.24,-25.189999999999998
2016-08-19,-27.32,-138.2,-165.51999999999998
2016-08-22,0.0,0.0,0.0
2016-08-23,33.11,67.09,100.2
2016-08-24,-22.23,-35.99,-58.22
2016-08-25,-48.75,-53.55,-102.3
2016-08-26,3.89,28.69,32.58
2016-08-29,0.0,0.0,0.0
2016-08-30,6.79,2.49,9.280000000000001
2016-08-31,-21.3,-38.64,-59.94
2016-09-01,1.95,-36.25,-34.3
2016-09-02,61.29,93.67,154.96
2016-09-06,0.0,0.0,0.0
2016-09-07,-17.32,-4.96,-22.28
2016-09-08,-15.31,-84.39,-99.7
2016-09-09,-102.54,-161.76,-264.3
2016-09-12,0.0,0.0,0.0
2016-09-13,-90.76,-165.64,-256.4
2016-09-14,9.95,0.0,9.95
2016-09-15,1.99,-17.84,-15.85
2016-09-16,-65.84,-100.95,-166.79000000000002
2016-09-19,0.0,0.0,0.0
2016-09-20,44.0,100.39,144.39
2016-09-21,32.4,71.13,103.53
2016-09-22,68.73,117.08,185.81
2016-09-23,-22.9,-36.32,-59.22
2016-09-26,0.0,0.0,0.0
2016-09-27,-14.6,-31.8,-46.4
2016-09-28,9.69,34.11,43.8
2016-09-29,-13.47,-42.7,-56.17
2016-09-30,45.89,111.69,157.57999999999998
2016-10-03,0.0,0.0,0.0
2016-10-04,13.56,31.53,45.09
2016-10-05,37.0,77.29,114.29
2016-10-06,-28.06,-44.07,-72.13
2016-10-07,13.56,22.67,36.230000000000004
2016-10-10,0.0,0.0,0.0
2016-10-11,-28.96,-42.69,-71.65
2016-10-12,0.98,-31.73,-30.75
2016-10-13,-97.42,-157.27,-254.69
2016-10-14,37.71,141.14,178.85
2016-10-17,0.0,0.0,0.0
2016-10-18,115.69,162.89,278.58
2016-10-19,17.86,45.63,63.49
2016-10-20,-36.54,-36.65,-73.19
2016-10-21,-95.07,-139.31,-234.38
2016-10-24,0.0,0.0,0.0
2016-10-25,-10.83,-22.75,-33.58
2016-10-26,-85.34,-124.17,-209.51
2016-10-27,28.05,62.0,90.05
2016-10-28,-13.18,32.94,19.759999999999998
2016-10-31,0.0,0.0,0.0
2016-11-01,10.12,29.19,39.31
2016-11-02,-27.67,-65.12,-92.79
2016-11-03,25.95,32.05,58.0
2016-11-04,22.95,-10.27,12.68
2016-11-07,0.0,0.0,0.0
2016-11-08,-31.37,-29.0,-60.370000000000005
2016-11-09,-84.79,-196.85,-281.64
2016-11-10,160.54,103.9,264.44
2016-11-11,46.27,-26.89,19.380000000000003
2016-11-14,0.0,0.0,0.0
2016-11-15,-33.44,-6.09,-39.53
2016-11-16,-31.49,-72.87,-104.36
2016-11-17,26.85,-9.74,17.11
2016-11-18,31.31,-55.88,-24.570000000000004
2016-11-21,0.0,0.0,0.0
2016-11-22,40.11,59.51,99.62
2016-11-23,-37.03,-19.36,-56.39
2016-11-25,4.49,53.09,57.580000000000005
2016-11-28,0.0,0.0,0.0
2016-11-29,5.44,-3.62,1.8200000000000003
2016-11-30,51.69,64.94,116.63
2016-12-01,51.96,51.68,103.64
2016-12-02,-6.41,-5.99,-12.4
2016-12-05,0.0,0.0,0.0
2016-12-06,22.52,0.0,22.52
2016-12-07,-8.91,-4.78,-13.690000000000001
2016-12-08,27.37,32.94,60.31
2016-12-09,23.46,12.89,36.35
2016-12-12,0.0,0.0,0.0
2016-12-13,56.99,92.87,149.86
2016-12-14,-43.83,-38.09,-81.92
2016-12-15,15.98,44.11,60.09
2016-12-16,8.81,-4.63,4.180000000000001
2016-12-19,0.0,0.0,0.0
2016-12-20,35.09,53.27,88.36000000000001
2016-12-21,-13.05,-11.53,-24.58
2016-12-22,-48.15,-11.55,-59.7
2016-12-23,6.21,-12.72,-6.510000000000001
2016-12-27,0.0,0.0,0.0
2016-12-28,14.04,18.47,32.51
2016-12-29,0.89,-10.45,-9.559999999999999
2016-12-30,13.29,26.72,40.01
2017-01-03,0.0,0.0,0.0
2017-01-04,38.94,23.17,62.11
2017-01-05,-36.55,-35.79,-72.34
2017-01-06,21.15,-12.73,8.419999999999998
2017-01-09,0.0,0.0,0.0
2017-01-10,15.13,-18.51,-3.380000000000001
2017-01-11,6.17,13.91,20.08
2017-01-12,-22.0,-61.14,-83.14
2017-01-13,27.49,12.73,40.22
2017-01-17,0.0,0.0,0.0
2017-01-18,29.46,-11.61,17.85
2017-01-19,21.35,1.16,22.51
2017-01-20,38.58,24.48,63.06
2017-01-23,0.0,0.0,0.0
2017-01-24,34.05,-5.81,28.24
2017-01-25,96.24,127.21,223.45
2017-01-26,-4.37,11.47,7.1000000000000005
2017-01-27,-0.88,-17.18,-18.06
2017-01-30,0.0,0.0,0.0
2017-01-31,-49.12,-81.89,-131.01
2017-02-01,86.97,79.99,166.95999999999998
2017-02-02,1.77,-60.2,-58.43
2017-02-03,101.49,107.69,209.18
2017-02-06,0.0,0.0,0.0
2017-02-07,-4.42,63.15,58.73
2017-02-08,-64.75,-18.34,-83.09
2017-02-09,15.1,27.52,42.62
2017-02-10,70.1,57.0,127.1
2017-02-13,0.0,0.0,0.0
2017-02-14,-41.63,-19.15,-60.78
2017-02-15,-59.64,17.93,-41.71
2017-02-16,-17.19,10.03,-7.160000000000002
2017-02-17,-69.83,-168.18,-238.01
2017-02-21,0.0,0.0,0.0
2017-02-22,-21.4,-43.31,-64.71000000000001
2017-02-23,24.92,60.97,85.89
2017-02-24,-112.44,-89.63,-202.07
2017-02-27,0.0,0.0,0.0
2017-02-28,-56.57,-20.98,-77.55
2017-03-01,150.56,199.02,349.58000000000004
2017-03-02,-11.96,10.9,-1.0600000000000005
2017-03-03,-5.19,13.15,7.96
2017-03-06,0.0,0.0,0.0
2017-03-07,-32.23,-34.04,-66.27
2017-03-08,40.36,38.48,78.84
2017-03-09,-9.71,6.61,-3.1000000000000005
2017-03-10,78.01,103.58,181.59
2017-03-13,0.0,0.0,0.0
2017-03-14,-57.2,-50.62,-107.82
2017-03-15,57.51,28.68,86.19
2017-03-16,40.95,55.96,96.91
2017-03-17,10.44,2.2,12.64
2017-03-20,0.0,0.0,0.0
2017-03-21,53.97,55.07,109.03999999999999
2017-03-22,-32.23,-54.6,-86.83
2017-03-23,-5.37,-43.46,-48.83
2017-03-24,11.57,24.52,36.09
2017-03-27,0.0,0.0,0.0
2017-03-28,-47.19,-22.41,-69.6
2017-03-29,-12.37,-30.03,-42.4
2017-03-30,-2.64,-8.92,-11.56
2017-03-31,5.24,-35.55,-30.309999999999995
2017-04-03,0.0,0.0,0.0
2017-04-04,-19.4,-31.22,-50.62
2017-04-05,76.81,97.93,174.74
2017-04-06,11.61,17.84,29.45
2017-04-07,-37.17,-36.76,-73.93
2017-04-10,0.0,0.0,0.0
2017-04-11,-53.88,-25.63,-79.51
2017-04-12,-28.04,-12.26,-40.3
2017-04-13,-24.87,-46.95,-71.82000000000001
2017-04-17,28.72,55.13,83.85
2017-04-18,-54.1,-99.26,-153.36
2017-04-19,30.14,17.95,48.09
2017-04-20,37.09,46.25,83.34
2017-04-21,-29.66,-29.07,-58.730000000000004
2017-04-24,0.0,0.0,0.0
2017-04-25,107.08,167.45,274.53
2017-04-26,-11.98,7.68,-4.300000000000001
2017-04-27,26.38,18.66,45.04
2017-04-28,-2.55,-10.97,-13.52
2017-05-01,0.0,0.0,0.0
2017-05-02,5.15,13.21,18.36
2017-05-03,-62.08,-38.48,-100.56
2017-05-04,10.41,37.37,47.78
2017-05-05,46.05,-21.98,24.069999999999997
2017-05-08,0.0,0.0,0.0
2017-05-09,11.27,16.43,27.7
2017-05-10,-33.82,-50.47,-84.28999999999999
2017-05-11,-52.57,-40.62,-93.19
2017-05-12,-51.19,-45.04,-96.22999999999999
2017-05-15,0.0,0.0,0.0
2017-05-16,29.44,36.15,65.59
2017-05-17,-207.65,-204.85,-412.5
2017-05-18,-35.57,-53.47,-89.03999999999999
2017-05-19,20.39,-32.22,-11.829999999999998
2017-05-22,0.0,0.0,0.0
2017-05-23,21.9,40.19,62.089999999999996
2017-05-24,2.62,17.6,20.220000000000002
2017-05-25,50.61,71.24,121.85
2017-05-26,-25.28,-12.01,-37.29
2017-05-30,0.0,0.0,0.0
2017-05-31,25.5,17.51,43.010000000000005
2017-06-01,25.52,26.29,51.81
2017-06-02,34.53,3.26,37.79
2017-06-05,0.0,0.0,0.0
2017-06-06,-82.86,-60.79,-143.65
2017-06-07,-4.32,27.2,22.88
2017-06-08,-7.77,-18.46,-26.23
2017-06-09,43.44,24.97,68.41
2017-06-12,0.0,0.0,0.0
2017-06-13,30.55,37.9,68.45
2017-06-14,-11.82,37.72,25.9
2017-06-15,-138.43,-105.41,-243.84
2017-06-16,-50.36,-47.35,-97.71000000000001
2017-06-19,0.0,0.0,0.0
2017-06-20,-34.83,-12.84,-47.67
2017-06-21,17.17,20.38,37.55
2017-06-22,-11.19,15.05,3.860000000000001
2017-06-23,8.57,-36.58,-28.009999999999998
2017-06-26,0.0,0.0,0.0
2017-06-27,-3.4,-21.51,-24.91
2017-06-28,65.2,65.89,131.09
2017-06-29,12.67,23.62,36.29
2017-06-30,2.55,71.39,73.94
2017-07-03,0.0,0.0,0.0
2017-07-05,-29.57,39.7,10.130000000000003
2017-07-06,-148.26,-61.08,-209.33999999999997
2017-07-07,19.83,39.93,59.76
2017-07-10,0.0,0.0,0.0
2017-07-11,-14.58,-18.27,-32.85
2017-07-12,59.01,98.86,157.87
2017-07-13,-17.82,0.0,-17.82
2017-07-14,-39.85,-23.48,-63.33
2017-07-17,0.0,0.0,0.0
2017-07-18,-51.51,-63.82,-115.33
2017-07-19,11.01,12.79,23.799999999999997
2017-07-20,-7.54,20.2,12.66
2017-07-21,-20.95,-109.58,-130.53
2017-07-24,0.0,0.0,0.0
2017-07-25,65.55,128.3,193.85000000000002
2017-07-26,2.5,92.68,95.18
2017-07-27,12.56,43.49,56.050000000000004
2017-07-28,-32.87,-28.52,-61.39
2017-07-31,0.0,0.0,0.0
2017-08-01,50.87,104.11,154.98
2017-08-02,-24.54,44.03,19.490000000000002
2017-08-03,7.7,-6.27,1.4300000000000006
2017-08-04,24.93,58.53,83.46000000000001
2017-08-07,0.0,0.0,0.0
2017-08-08,-11.1,-20.82,-31.92
2017-08-09,-83.11,-46.89,-130.0
2017-08-10,-51.86,-75.1,-126.96
2017-08-11,-14.96,3.16,-11.8
2017-08-14,0.0,0.0,0.0
2017-08-15,17.32,55.4,72.72
2017-08-16,16.59,49.09,65.68
2017-08-17,-47.13,-60.49,-107.62
2017-08-18,-47.12,-88.69,-135.81
2017-08-21,0.0,0.0,0.0
2017-08-22,30.25,62.6,92.85
2017-08-23,-73.06,-82.01,-155.07
2017-08-24,45.85,60.15,106.0
2017-08-25,27.25,61.29,88.53999999999999
2017-08-28,0.0,0.0,0.0
2017-08-29,-92.5,-135.26,-227.76
2017-08-30,-19.19,6.31,-12.880000000000003
2017-08-31,42.49,54.62,97.11
2017-09-01,13.74,53.42,67.16
2017-09-05,0.0,0.0,0.0
2017-09-06,42.24,85.58,127.82
2017-09-07,6.02,16.86,22.88
2017-09-08,-20.7,-57.99,-78.69
2017-09-11,0.0,0.0,0.0
2017-09-12,23.88,51.04,74.92
2017-09-13,-16.95,-10.39,-27.34
2017-09-14,-21.97,-19.7,-41.67
2017-09-15,-22.84,-31.03,-53.870000000000005
2017-09-18,0.0,0.0,0.0
2017-09-19,7.53,14.43,21.96
2017-09-20,8.37,-5.14,3.2299999999999995
2017-09-21,7.51,-9.24,-1.7300000000000004
2017-09-22,-9.6,-29.85,-39.45
2017-09-25,0.0,0.0,0.0
2017-09-26,-26.57,21.68,-4.890000000000001
2017-09-27,78.81,64.02,142.82999999999998
2017-09-28,-22.78,-31.94,-54.72
2017-09-29,-0.81,-27.77,-28.58
2017-10-02,0.0,0.0,0.0
2017-10-03,4.8,31.63,36.43
2017-10-04,-25.54,10.17,-15.37
2017-10-05,29.62,13.2,42.82
2017-10-06,-47.12,-37.38,-84.5
2017-10-09,0.0,0.0,0.0
2017-10-10,35.33,63.68,99.00999999999999
2017-10-11,1.6,-1.01,0.5900000000000001
2017-10-12,-26.44,-20.12,-46.56
2017-10-13,17.64,31.22,48.86
2017-10-16,0.0,0.0,0.0
2017-10-17,-4.02,20.05,16.03
2017-10-18,51.6,104.03,155.63
2017-10-19,-67.4,-72.51,-139.91000000000003
2017-10-20,76.34,74.45,150.79000000000002
2017-10-23,0.0,0.0,0.0
2017-10-24,37.88,137.39,175.26999999999998
2017-10-25,-24.13,8.83,-15.299999999999999
2017-10-26,35.56,68.06,103.62
2017-10-27,1.61,3.93,5.54
2017-10-30,0.0,0.0,0.0
2017-10-31,42.91,22.67,65.58
2017-11-01,92.42,92.54,184.96
2017-11-02,-12.13,7.86,-4.2700000000000005
2017-11-03,-26.62,30.34,3.719999999999999
2017-11-06,0.0,0.0,0.0
2017-11-07,-6.45,25.4,18.95
2017-11-08,-35.9,-9.77,-45.67
2017-11-09,-82.31,-97.66,-179.97
2017-11-10,-1.64,-31.35,-32.99
2017-11-13,0.0,0.0,0.0
2017-11-14,-53.19,-70.57,-123.75999999999999
2017-11-15,-77.94,-115.83,-193.76999999999998
2017-11-16,42.01,117.47,159.48
2017-11-17,-49.52,-121.37,-170.89000000000001
2017-11-20,0.0,0.0,0.0
2017-11-21,48.14,96.26,144.4
2017-11-22,9.53,27.32,36.85
2017-11-24,20.67,34.23,54.9
2017-11-27,0.0,0.0,0.0
2017-11-28,39.07,52.68,91.75
2017-11-29,29.82,73.34,103.16
2017-11-30,50.84,114.3,165.14
2017-12-01,-0.78,28.42,27.64
2017-12-04,0.0,0.0,0.0
2017-12-05,34.63,59.6,94.23
2017-12-06,-14.31,-31.36,-45.67
2017-12-07,1.6,-46.63,-45.03
2017-12-08,43.62,73.06,116.68
2017-12-11,0.0,0.0,0.0
2017-12-12,23.78,64.04,87.82000000000001
2017-12-13,-11.93,19.68,7.75
2017-12-14,0.79,51.36,52.15
2017-12-15,73.54,55.25,128.79000000000002
2017-12-18,0.0,0.0,0.0
2017-12-19,30.33,41.76,72.09
2017-12-20,46.24,81.81,128.05
2017-12-21,-16.43,53.05,36.62
2017-12-22,-11.73,-11.14,-22.87
2017-12-26,0.0,0.0,0.0
2017-12-27,-10.96,-13.02,-23.98
2017-12-28,4.7,32.52,37.220000000000006
2017-12-29,26.53,36.15,62.68
2018-01-02,0.0,0.0,0.0
2018-01-03,-12.47,23.18,10.709999999999999
2018-01-04,65.41,78.5,143.91
2018-01-05,27.96,67.91,95.87
2018-01-08,0.0,0.0,0.0
2018-01-09,12.38,47.34,59.720000000000006
2018-01-10,-34.09,-59.81,-93.9
2018-01-11,13.95,31.74,45.69
2018-01-12,9.14,90.86,100.0
2018-01-16,0.0,0.0,0.0
2018-01-17,46.11,122.2,168.31
2018-01-18,-35.77,11.45,-24.320000000000004
2018-01-19,9.2,-15.03,-5.83
2018-01-22,0.0,0.0,0.0
2018-01-23,-19.57,-17.56,-37.129999999999995
2018-01-24,27.0,87.8,114.8
2018-01-25,46.8,81.45,128.25
2018-01-26,32.44,44.47,76.91
2018-01-29,0.0,0.0,0.0
2018-01-30,-83.91,-239.4,-323.31
2018-01-31,36.64,205.61,242.25
2018-02-01,-54.47,-131.1,-185.57
2018-02-02,-62.71,-187.19,-249.9
2018-02-05,0.0,0.0,0.0
2018-02-06,-205.09,-467.13,-672.22
2018-02-07,-12.82,-80.34,-93.16
2018-02-08,8.81,14.79,23.6
2018-02-09,102.28,262.13,364.40999999999997
2018-02-12,0.0,0.0,0.0
2018-02-13,-70.45,-142.92,-213.37
2018-02-14,-75.14,-140.81,-215.95
2018-02-15,80.17,221.52,301.69
2018-02-16,-14.13,-112.95,-127.08
2018-02-20,0.0,0.0,0.0
2018-02-21,23.67,17.52,41.19
2018-02-22,39.01,79.84,118.85
2018-02-23,72.62,120.79,193.41000000000003
2018-02-26,0.0,0.0,0.0
2018-02-27,11.61,20.59,32.2
2018-02-28,25.13,104.14,129.27
2018-03-01,-32.71,-6.43,-39.14
2018-03-02,-104.81,-231.87,-336.68
2018-03-05,0.0,0.0,0.0
2018-03-06,55.43,114.59,170.02
2018-03-07,-74.91,-281.86,-356.77
2018-03-08,8.42,88.05,96.47
2018-03-09,62.89,160.61,223.5
2018-03-12,0.0,0.0,0.0
2018-03-13,54.26,95.83,150.09
2018-03-14,53.77,105.69,159.46
2018-03-15,25.11,84.43,109.54
2018-03-16,0.0,-47.1,-47.1
2018-03-19,0.0,0.0,0.0
2018-03-20,23.03,39.28,62.31
2018-03-21,0.0,-3.72,-3.72
2018-03-22,-118.72,-238.75,-357.47
2018-03-23,10.17,64.37,74.54
2018-03-26,0.0,0.0,0.0
2018-03-27,19.56,108.4,127.96000000000001
2018-03-28,24.73,58.85,83.58
2018-03-29,54.27,117.74,172.01
2018-04-02,-31.41,-101.96,-133.37
2018-04-03,59.09,110.04,169.13
2018-04-04,-142.95,-489.44,-632.39
2018-04-05,64.66,120.45,185.11
2018-04-06,-82.92,-247.93,-330.85
2018-04-09,0.0,0.0,0.0
2018-04-10,123.54,339.56,463.1
2018-04-11,-49.29,-179.1,-228.39
2018-04-12,52.29,171.19,223.48
2018-04-13,37.22,151.28,188.5
2018-04-16,0.0,0.0,0.0
2018-04-17,60.23,221.86,282.09000000000003
2018-04-18,33.62,2.78,36.4
2018-04-19,-27.43,-47.41,-74.84
2018-04-20,-32.98,-13.06,-46.04
2018-04-23,0.0,0.0,0.0
2018-04-24,40.17,96.95,137.12
2018-04-25,-11.65,16.29,4.639999999999999
2018-04-26,12.45,63.06,75.51
2018-04-27,-9.29,-18.92,-28.21
2018-04-30,0.0,0.0,0.0
2018-05-01,-28.95,-82.83,-111.78
2018-05-02,-25.7,-23.88,-49.58
2018-05-03,-46.55,-119.27,-165.82
2018-05-04,-48.36,-106.74,-155.1
2018-05-07,0.0,0.0,0.0
2018-05-08,-14.52,-27.4,-41.92
2018-05-09,6.84,68.01,74.85000000000001
2018-05-10,10.58,50.61,61.19
2018-05-11,-0.75,13.01,12.26
2018-05-14,0.0,0.0,0.0
2018-05-15,-42.94,-116.25,-159.19
2018-05-16,8.29,-14.88,-6.590000000000002
2018-05-17,1.49,-13.91,-12.42
2018-05-18,16.33,-67.79,-51.46000000000001
2018-05-21,0.0,0.0,0.0
2018-05-22,17.67,36.81,54.480000000000004
2018-05-23,-33.38,-128.81,-162.19
2018-05-24,-9.63,-53.64,-63.27
2018-05-25,-25.92,-51.02,-76.94
2018-05-29,0.0,0.0,0.0
2018-05-30,55.7,158.7,214.39999999999998
2018-05-31,-0.73,-70.85,-71.58
2018-06-01,84.1,175.18,259.28
2018-06-04,0.0,0.0,0.0
2018-06-05,-15.3,-8.34,-23.64
2018-06-06,-5.07,96.39,91.32
2018-06-07,7.91,58.52,66.43
2018-06-08,-0.72,-55.56,-56.28
2018-06-11,0.0,0.0,0.0
2018-06-12,5.04,26.32,31.36
2018-06-13,13.61,5.45,19.06
2018-06-14,37.38,84.81,122.19
2018-06-15,-45.77,-161.54,-207.31
2018-06-18,0.0,0.0,0.0
2018-06-19,-78.99,-296.52,-375.51
2018-06-20,51.93,95.95,147.88
2018-06-21,-5.65,-66.24,-71.89
2018-06-22,42.76,125.1,167.85999999999999
2018-06-25,0.0,0.0,0.0
2018-06-26,5.09,40.79,45.879999999999995
2018-06-27,3.61,51.17,54.78
2018-06-28,-16.16,-65.82,-81.97999999999999
2018-06-29,27.82,130.16,157.98
2018-07-02,0.0,0.0,0.0
2018-07-03,-18.19,105.1,86.91
2018-07-05,60.37,150.94,211.31
2018-07-06,5.75,-27.38,-21.63
2018-07-09,0.0,0.0,0.0
2018-07-10,15.59,58.46,74.05
2018-07-11,-66.23,-183.65,-249.88
2018-07-12,60.29,177.76,238.04999999999998
2018-07-13,-6.43,-9.23,-15.66
2018-07-16,0.0,0.0,0.0
2018-07-17,-5.76,-15.6,-21.36
2018-07-18,-15.76,7.32,-8.44
2018-07-19,-20.0,-78.47,-98.47
2018-07-20,-28.37,-96.28,-124.65
2018-07-23,0.0,0.0,0.0
2018-07-24,48.36,86.38,134.74
2018-07-25,-0.72,-63.83,-64.55
2018-07-26,10.75,45.28,56.03
2018-07-27,4.99,-4.51,0.4800000000000004
2018-07-30,0.0,0.0,0.0
2018-07-31,19.0,68.21,87.21
2018-08-01,-19.53,-11.77,-31.3
2018-08-02,-63.69,-156.28,-219.97
2018-08-03,5.75,-10.9,-5.15
2018-08-06,0.0,0.0,0.0
2018-08-07,34.41,94.75,129.16
2018-08-08,-4.29,-19.75,-24.04
2018-08-09,0.0,4.5,4.5
2018-08-10,-72.84,-137.9,-210.74
2018-08-13,0.0,0.0,0.0
2018-08-14,18.73,58.39,77.12
2018-08-15,-42.08,-128.08,-170.16000000000003
2018-08-16,50.56,223.71,274.27
2018-08-17,-12.17,-70.99,-83.16
2018-08-20,0.0,0.0,0.0
2018-08-21,19.9,39.31,59.21
2018-08-22,-14.76,-16.93,-31.689999999999998
2018-08-23,-11.21,-37.56,-48.77
2018-08-24,28.82,58.28,87.1
2018-08-27,0.0,0.0,0.0
2018-08-28,16.06,67.1,83.16
2018-08-29,2.44,13.23,15.67
2018-08-30,-27.82,-58.96,-86.78
2018-08-31,-32.02,-37.15,-69.17
2018-09-04,0.0,0.0,0.0
2018-09-05,-13.93,-51.35,-65.28
2018-09-06,17.45,11.5,28.95
2018-09-07,-34.45,-85.7,-120.15
2018-09-10,0.0,0.0,0.0
2018-09-11,-21.77,-79.93,-101.7
2018-09-12,-21.05,6.19,-14.86
2018-09-13,41.49,97.64,139.13
2018-09-14,7.03,14.93,21.96
2018-09-17,0.0,0.0,0.0
2018-09-18,17.7,18.51,36.21
2018-09-19,-1.41,14.87,13.459999999999999
2018-09-20,46.68,132.2,178.88
2018-09-21,32.23,43.93,76.16
2018-09-24,0.0,0.0,0.0
2018-09-25,17.67,47.65,65.32
2018-09-26,-10.58,1.74,-8.84
2018-09-27,22.86,39.24,62.1
2018-09-28,-42.85,-62.67,-105.52000000000001
2018-10-01,0.0,0.0,0.0
2018-10-02,-10.1,-36.25,-46.35
2018-10-03,40.83,97.98,138.81
2018-10-04,-44.81,-39.46,-84.27000000000001
2018-10-05,0.0,11.23,11.23
2018-10-08,0.0,0.0,0.0
2018-10-09,-22.98,-44.29,-67.27
2018-10-10,-32.75,-21.76,-54.510000000000005
2018-10-11,-70.46,-130.19,-200.64999999999998
2018-10-12,148.97,356.82,505.78999999999996
2018-10-15,0.0,0.0,0.0
2018-10-16,75.45,199.56,275.01
2018-10-17,-34.0,-86.52,-120.52
2018-10-18,-52.38,-83.23,-135.61
2018-10-19,25.53,35.34,60.870000000000005
2018-10-22,0.0,0.0,0.0
2018-10-23,-168.58,-369.88,-538.46
2018-10-24,-26.89,51.15,24.259999999999998
2018-10-25,60.85,146.01,206.85999999999999
2018-10-26,-127.97,-225.58,-353.55
2018-10-29,0.0,0.0,0.0
2018-10-30,3.27,-0.94,2.33
2018-10-31,124.27,209.05,333.32
2018-11-01,47.92,95.27,143.19
2018-11-02,43.0,151.41,194.41
2018-11-05,0.0,0.0,0.0
2018-11-06,-23.39,-0.9,-24.29
2018-11-07,51.21,188.5,239.71
2018-11-08,-58.72,-16.22,-74.94
2018-11-09,-81.01,-88.62,-169.63
2018-11-12,0.0,0.0,0.0
2018-11-13,36.53,-41.61,-5.079999999999998
2018-11-14,96.43,163.51,259.94
2018-11-15,-81.89,-92.48,-174.37
2018-11-16,-84.67,-149.76,-234.43
2018-11-19,0.0,0.0,0.0
2018-11-20,-135.4,-343.98,-479.38
2018-11-21,53.39,119.45,172.84
2018-11-23,-98.91,-137.24,-236.15
2018-11-26,0.0,0.0,0.0
2018-11-27,-55.26,-117.61,-172.87
2018-11-28,43.6,146.82,190.42
2018-11-29,-57.52,-19.03,-76.55000000000001
2018-11-30,-33.98,-49.88,-83.86
2018-12-03,0.0,0.0,0.0
2018-12-04,-34.25,-91.59,-125.84
2018-12-06,-177.24,-416.23,-593.47
2018-12-07,-3.26,-19.33,-22.589999999999996
2018-12-10,0.0,0.0,0.0
2018-12-11,163.7,349.1,512.8
2018-12-12,117.95,291.9,409.84999999999997
2018-12-13,29.82,49.58,79.4
2018-12-14,-93.27,-220.3,-313.57
2018-12-17,0.0,0.0,0.0
2018-12-18,105.97,174.97,280.94
2018-12-19,-4.39,17.44,13.05
2018-12-20,-42.07,-117.09,-159.16
2018-12-21,47.34,-5.02,42.32000000000001
2018-12-24,0.0,0.0,0.0
2018-12-26,81.34,225.73,307.07
2018-12-27,-157.31,-322.8,-480.11
2018-12-28,3.63,129.22,132.85
2018-12-31,0.0,0.0,0.0
2019-01-02,-163.04,-386.57,-549.61
2019-01-03,-76.59,-213.85,-290.44
2019-01-04,147.9,313.25,461.15
2019-01-07,0.0,0.0,0.0
2019-01-08,95.38,252.16,347.53999999999996
2019-01-09,38.94,97.83,136.76999999999998
2019-01-10,-77.24,-120.36,-197.6
2019-01-11,-56.8,-114.98,-171.78
2019-01-14,0.0,0.0,0.0
2019-01-15,25.3,-12.51,12.790000000000001
2019-01-16,6.69,64.03,70.72
2019-01-17,-47.32,-91.22,-138.54
2019-01-18,55.11,176.45,231.56
2019-01-22,0.0,0.0,0.0
2019-01-23,25.66,188.43,214.09
2019-01-24,-17.42,-29.01,-46.43000000000001
2019-01-25,86.58,180.81,267.39
2019-01-28,0.0,0.0,0.0
2019-01-29,9.01,9.38,18.39
2019-01-30,58.26,245.21,303.47
2019-01-31,-20.29,-111.26,-131.55
2019-02-01,24.16,54.27,78.43
2019-02-04,0.0,0.0,0.0
2019-02-05,-0.79,92.07,91.27999999999999
2019-02-06,-12.7,-35.32,-48.019999999999996
2019-02-07,-85.06,-138.6,-223.66
2019-02-08,-59.3,-133.29,-192.58999999999997
2019-02-11,0.0,0.0,0.0
2019-02-12,59.55,171.46,231.01
2019-02-13,29.8,84.93,114.73
2019-02-14,-71.94,-108.83,-180.76999999999998
2019-02-15,73.34,102.82,176.16
2019-02-19,0.0,0.0,0.0
2019-02-20,-5.36,-4.44,-9.8
2019-02-21,-25.92,-54.06,-79.98
2019-02-22,31.37,67.63,99.0
2019-02-25,0.0,0.0,0.0
2019-02-26,-18.96,-87.27,-106.22999999999999
2019-02-27,-46.61,-65.32,-111.92999999999999
2019-02-28,-23.64,-5.31,-28.95
2019-03-01,88.8,164.11,252.91000000000003
2019-03-04,0.0,0.0,0.0
2019-03-05,3.06,-15.13,-12.07
2019-03-06,-10.76,3.56,-7.199999999999999
2019-03-07,-5.49,-48.34,-53.830000000000005
2019-03-08,-71.98,-179.6,-251.57999999999998
2019-03-11,0.0,0.0,0.0
2019-03-12,7.78,-45.69,-37.91
2019-03-13,38.86,82.69,121.55
2019-03-14,-11.61,-7.15,-18.759999999999998
2019-03-15,10.11,-0.89,9.219999999999999
2019-03-18,0.0,0.0,0.0
2019-03-19,50.07,97.68,147.75
2019-03-20,-37.16,-42.64,-79.8
2019-03-21,-49.31,-88.48,-137.79000000000002
2019-03-22,-88.85,-149.74,-238.59
2019-03-25,0.0,0.0,0.0
2019-03-26,90.22,174.02,264.24
2019-03-27,-16.59,11.66,-4.93
2019-03-28,35.69,67.35,103.03999999999999
2019-03-29,78.61,133.32,211.93
2019-04-01,0.0,0.0,0.0
2019-04-02,3.1,-39.44,-36.339999999999996
2019-04-03,101.82,77.35,179.17
2019-04-04,3.87,14.92,18.79
2019-04-05,24.62,64.51,89.13000000000001
2019-04-08,0.0,0.0,0.0
2019-04-09,-54.98,-110.04,-165.02
2019-04-10,15.46,21.1,36.56
2019-04-11,10.68,33.41,44.089999999999996
2019-04-12,72.54,211.48,284.02
2019-04-15,0.0,0.0,0.0
2019-04-16,39.71,123.79,163.5
2019-04-17,39.61,46.08,85.69
2019-04-18,0.77,34.78,35.550000000000004
2019-04-22,-31.6,-89.2,-120.80000000000001
2019-04-23,6.96,30.37,37.33
2019-04-24,-1.52,-10.36,-11.879999999999999
2019-04-25,-60.72,-166.9,-227.62
2019-04-26,10.72,-17.39,-6.67
2019-04-29,0.0,0.0,0.0
2019-04-30,1.51,45.92,47.43
2019-05-01,28.05,59.72,87.77
2019-05-02,-13.01,-41.78,-54.79
2019-05-03,55.6,114.57,170.17
2019-05-06,0.0,0.0,0.0
2019-05-07,-110.48,-207.95,-318.43
2019-05-08,-25.13,-21.26,-46.39
2019-05-09,-99.12,-175.36,-274.48
2019-05-10,-51.46,-85.42,-136.88
2019-05-13,0.0,0.0,0.0
2019-05-14,19.78,67.11,86.89
2019-05-15,-97.65,-144.79,-242.44
2019-05-16,29.59,85.93,115.52000000000001
2019-05-17,-101.36,-253.79,-355.15
2019-05-20,0.0,0.0,0.0
2019-05-21,61.26,131.73,192.98999999999998
2019-05-22,-56.91,-73.79,-130.7
2019-05-23,-117.23,-212.43,-329.66
2019-05-24,68.23,111.87,180.10000000000002
2019-05-28,0.0,0.0,0.0
2019-05-29,-68.95,-132.46,-201.41000000000003
2019-05-30,29.12,34.77,63.89
2019-05-31,-149.21,-231.01,-380.22
2019-06-03,0.0,0.0,0.0
2019-06-04,124.62,209.23,333.85
2019-06-05,43.15,145.12,188.27
2019-06-06,-7.19,29.68,22.49
2019-06-07,36.84,66.94,103.78
2019-06-10,0.0,0.0,0.0
2019-06-11,84.59,143.64,228.23
2019-06-12,-13.48,-13.49,-26.97
2019-06-13,65.77,73.29,139.06
2019-06-14,-18.03,-34.29,-52.32
2019-06-17,0.0,0.0,0.0
2019-06-18,74.07,133.6,207.67
2019-06-19,13.25,11.27,24.52
2019-06-20,113.36,213.06,326.42
2019-06-21,-18.54,-68.64,-87.18
2019-06-24,0.0,0.0,0.0
2019-06-25,17.36,12.91,30.27
2019-06-26,38.1,61.53,99.63
2019-06-27,26.25,10.4,36.65
2019-06-28,14.05,70.28,84.33
2019-07-01,0.0,0.0,0.0
2019-07-02,-12.3,-23.25,-35.55
2019-07-03,27.06,48.1,75.16
2019-07-05,-69.07,-66.66,-135.73
2019-07-08,0.0,0.0,0.0
2019-07-09,-58.74,-123.52,-182.26
2019-07-10,58.69,76.4,135.09
2019-07-11,11.56,81.32,92.88
2019-07-12,14.72,60.27,74.99000000000001
2019-07-15,0.0,0.0,0.0
2019-07-16,-14.68,-4.2,-18.88
2019-07-17,-7.73,-8.41,-16.14
2019-07-18,-12.45,-49.01,-61.459999999999994
2019-07-19,13.18,71.8,84.97999999999999
2019-07-22,0.0,0.0,0.0
2019-07-23,42.94,89.73,132.67000000000002
2019-07-24,-36.45,-102.2,-138.65
2019-07-25,-11.44,-16.03,-27.47
2019-07-26,13.9,13.98,27.880000000000003
2019-07-29,0.0,0.0,0.0
2019-07-30,-88.36,-89.59,-177.95
2019-07-31,-8.36,28.76,20.400000000000002
2019-08-01,20.69,23.13,43.82
2019-08-02,-79.32,-53.65,-132.97
2019-08-05,0.0,0.0,0.0
2019-08-06,68.92,120.74,189.66
2019-08-07,-121.29,-283.61,-404.90000000000003
2019-08-08,60.26,112.31,172.57
2019-08-09,-40.9,-60.96,-101.86
2019-08-12,0.0,0.0,0.0
2019-08-13,-31.47,-6.64,-38.11
2019-08-14,-193.18,-360.92,-554.1
2019-08-15,38.6,90.12,128.72
2019-08-16,42.04,82.53,124.57
2019-08-19,0.0,0.0,0.0
2019-08-20,-24.77,-32.56,-57.33
2019-08-21,114.24,191.34,305.58
2019-08-22,19.15,55.29,74.44
2019-08-23,-67.19,-120.01,-187.2
2019-08-26,0.0,0.0,0.0
2019-08-27,70.17,121.61,191.78
2019-08-28,-28.16,-70.49,-98.64999999999999
2019-08-29,125.27,219.02,344.29
2019-08-30,57.13,126.43,183.56
2019-09-03,0.0,0.0,0.0
2019-09-04,105.53,179.43,284.96000000000004
2019-09-05,155.77,242.27,398.04
2019-09-06,6.38,30.07,36.45
2019-09-09,0.0,0.0,0.0
2019-09-10,-22.12,-33.37,-55.489999999999995
2019-09-11,49.14,22.2,71.34
2019-09-12,11.47,76.19,87.66
2019-09-13,60.37,59.13,119.5
2019-09-16,0.0,0.0,0.0
2019-09-17,-44.83,-56.82,-101.65
2019-09-18,-2.29,-31.34,-33.63
2019-09-19,21.47,32.13,53.6
2019-09-20,-11.56,-2.54,-14.100000000000001
2019-09-23,0.0,0.0,0.0
2019-09-24,-17.77,84.52,66.75
2019-09-25,-16.53,29.18,12.649999999999999
2019-09-26,-14.8,29.86,15.059999999999999
2019-09-27,27.55,55.6,83.15
2019-09-30,0.0,0.0,0.0
2019-10-01,53.91,55.56,109.47
2019-10-02,-70.33,-135.1,-205.43
2019-10-03,-48.89,-39.69,-88.58
2019-10-04,12.99,71.1,84.08999999999999
2019-10-07,0.0,0.0,0.0
2019-10-08,-124.89,-190.24,-315.13
2019-10-09,84.37,158.58,242.95000000000002
2019-10-10,12.23,-23.57,-11.34
2019-10-11,160.8,230.8,391.6
2019-10-14,0.0,0.0,0.0
2019-10-15,32.86,104.19,137.05
2019-10-16,-26.94,-42.55,-69.49
2019-10-17,52.24,45.98,98.22
2019-10-18,-36.78,-74.85,-111.63
2019-10-21,0.0,0.0,0.0
2019-10-22,3.11,11.15,14.26
2019-10-23,8.56,20.61,29.17
2019-10-24,37.3,61.73,99.03
2019-10-25,-25.68,-27.46,-53.14
2019-10-28,0.0,0.0,0.0
2019-10-29,-29.16,-33.97,-63.129999999999995
2019-10-30,-10.71,-5.09,-15.8
2019-10-31,-23.79,-23.69,-47.480000000000004
2019-11-01,71.02,118.21,189.23
2019-11-04,0.0,0.0,0.0
2019-11-05,33.22,41.05,74.27
2019-11-06,-14.33,11.72,-2.6099999999999994
2019-11-07,110.71,142.84,253.55
2019-11-08,-34.78,3.32,-31.46
2019-11-11,0.0,0.0,0.0
2019-11-12,9.83,16.59,26.42
2019-11-13,-83.87,-79.63,-163.5
2019-11-14,-25.79,-19.85,-45.64
2019-11-15,78.14,47.11,125.25
2019-11-18,0.0,0.0,0.0
2019-11-19,43.15,41.03,84.18
2019-11-20,-49.01,-60.11,-109.12
2019-11-21,12.1,5.79,17.89
2019-11-22,38.03,48.86,86.89
2019-11-25,0.0,0.0,0.0
2019-11-26,7.43,13.1,20.53
2019-11-27,43.78,15.53,59.31
2019-11-29,-33.9,-53.84,-87.74000000000001
2019-12-02,0.0,0.0,0.0
2019-12-03,-104.88,-242.12,-347.0
2019-12-04,52.59,125.23,177.82
2019-12-05,43.27,63.92,107.19
2019-12-06,118.54,169.99,288.53000000000003
2019-12-09,0.0,0.0,0.0
2019-12-10,-11.08,-15.62,-26.7
2019-12-11,15.49,-32.92,-17.43
2019-12-12,8.12,-20.55,-12.430000000000001
2019-12-13,-26.34,-6.53,-32.87
2019-12-16,0.0,0.0,0.0
2019-12-17,15.38,3.25,18.630000000000003
2019-12-18,26.23,28.4,54.629999999999995
2019-12-19,10.9,30.86,41.76
2019-12-20,30.42,20.21,50.63
2019-12-23,0.0,0.0,0.0
2019-12-24,5.05,17.73,22.78
2019-12-26,11.52,7.26,18.78
2019-12-27,25.19,53.86,79.05
2019-12-30,0.0,0.0,0.0
2019-12-31,-35.52,-55.77,-91.29
2020-01-02,68.06,101.63,169.69
2020-01-03,-151.28,-267.73,-419.01
2020-01-06,0.0,0.0,0.0
2020-01-07,-45.71,-59.3,-105.00999999999999
2020-01-08,-4.37,-37.83,-42.199999999999996
2020-01-09,46.42,117.62,164.04000000000002
2020-01-10,-5.07,26.21,21.14
2020-01-13,0.0,0.0,0.0
2020-01-14,-63.62,-23.07,-86.69
2020-01-15,-36.37,-26.23,-62.599999999999994
2020-01-16,83.16,97.43,180.59
2020-01-17,46.7,40.04,86.74000000000001
2020-01-21,0.0,0.0,0.0
2020-01-22,35.07,42.55,77.62
2020-01-23,-35.09,-89.05,-124.14
2020-01-24,30.08,73.36,103.44
2020-01-27,0.0,0.0,0.0
2020-01-28,68.24,74.18,142.42000000000002
2020-01-29,10.91,140.12,151.03
2020-01-30,-87.82,-134.47,-222.29
2020-01-31,-51.95,-130.71,-182.66000000000003
2020-02-03,0.0,0.0,0.0
2020-02-04,142.65,297.24,439.89
2020-02-05,122.35,211.57,333.91999999999996
2020-02-06,40.17,85.59,125.76
2020-02-07,-51.03,-82.98,-134.01
2020-02-10,0.0,0.0,0.0
2020-02-11,62.21,105.98,168.19
2020-02-12,70.42,125.61,196.03
2020-02-13,-66.38,-108.88,-175.26
2020-02-14,7.12,13.26,20.38
2020-02-18,0.0,0.0,0.0
2020-02-19,40.1,58.88,98.98
2020-02-20,-38.48,-46.14,-84.62
2020-02-21,-51.88,-157.9,-209.78
2020-02-24,0.0,0.0,0.0
2020-02-25,35.56,98.72,134.28
2020-02-26,44.49,98.52,143.01
2020-02-27,-256.9,-407.77,-664.67
2020-02-28,-344.48,-622.66,-967.14
2020-03-02,0.0,0.0,0.0
2020-03-03,-9.53,48.2,38.67
2020-03-04,179.97,538.31,718.28
2020-03-05,-271.89,-578.69,-850.58
2020-03-06,-377.18,-699.53,-1076.71
2020-03-09,0.0,0.0,0.0
2020-03-10,382.81,836.75,1219.56
2020-03-11,-319.49,-635.55,-955.04
2020-03-12,-878.41,-1572.15,-2450.56
2020-03-13,694.73,1380.37,2075.1
2020-03-16,0.0,0.0,0.0
2020-03-17,184.64,513.48,698.12
2020-03-18,-646.92,-1565.29,-2212.21
2020-03-19,-147.54,-194.32,-341.86
2020-03-20,252.95,220.48,473.42999999999995
2020-03-23,0.0,0.0,0.0
2020-03-24,664.5,1279.29,1943.79
2020-03-25,27.47,394.46,421.92999999999995
2020-03-26,159.21,275.75,434.96000000000004
2020-03-27,-481.42,-757.5,-1238.92
2020-03-30,0.0,0.0,0.0
2020-03-31,-58.36,-146.25,-204.61
2020-04-01,-609.04,-904.31,-1513.35
2020-04-02,-106.86,-119.74,-226.6
2020-04-03,-138.07,-137.58,-275.65
2020-04-06,0.0,0.0,0.0
2020-04-07,447.42,915.57,1362.99
2020-04-08,187.99,252.71,440.70000000000005
2020-04-09,373.59,342.57,716.16
2020-04-13,-90.19,-82.4,-172.59
2020-04-14,330.53,446.11,776.64
2020-04-15,-499.74,-497.18,-996.9200000000001
2020-04-16,23.42,51.84,75.26
2020-04-17,500.58,609.87,1110.45
2020-04-20,0.0,0.0,0.0
2020-04-21,-321.35,-495.01,-816.36
2020-04-22,258.93,411.55,670.48
2020-04-23,75.42,75.45,150.87
2020-04-24,95.63,136.92,232.54999999999998
2020-04-27,0.0,0.0,0.0
2020-04-28,344.67,350.77,695.44
2020-04-29,388.97,417.89,806.86
2020-04-30,-312.0,-205.39,-517.39
2020-05-01,-298.26,-358.22,-656.48
2020-05-04,0.0,0.0,0.0
2020-05-05,222.43,234.29,456.72
2020-05-06,78.66,141.55,220.21
2020-05-07,164.29,236.04,400.33
2020-05-08,243.7,307.9,551.5999999999999
2020-05-11,0.0,0.0,0.0
2020-05-12,52.87,117.59,170.46
2020-05-13,-120.06,-102.43,-222.49
2020-05-14,-268.98,-279.5,-548.48
2020-05-15,-129.49,-249.73,-379.22
2020-05-18,0.0,0.0,0.0
2020-05-19,-53.32,-36.49,-89.81
2020-05-20,231.43,307.77,539.2
2020-05-21,1.79,-26.2,-24.41
2020-05-22,25.91,-10.33,15.58
2020-05-26,0.0,0.0,0.0
2020-05-27,241.31,310.57,551.88
2020-05-28,135.02,187.06,322.08000000000004
2020-05-29,-133.07,-105.77,-238.83999999999997
2020-06-01,0.0,0.0,0.0
2020-06-02,67.6,114.44,182.04
2020-06-03,188.41,213.12,401.53
2020-06-04,-79.58,-79.51,-159.09
2020-06-05,520.13,611.31,1131.44
2020-06-08,0.0,0.0,0.0
2020-06-09,-178.7,-254.71,-433.40999999999997
2020-06-10,-27.14,-23.55,-50.69
2020-06-11,-496.7,-715.83,-1212.53
2020-06-12,449.92,627.74,1077.66
2020-06-15,0.0,0.0,0.0
2020-06-16,466.04,764.53,1230.57
2020-06-17,9.14,69.76,78.9
2020-06-18,-119.37,-165.98,-285.35
2020-06-19,216.6,241.05,457.65
2020-06-22,0.0,0.0,0.0
2020-06-23,145.68,223.58,369.26
2020-06-24,-166.93,-207.53,-374.46000000000004
2020-06-25,-63.31,-121.92,-185.23000000000002
2020-06-26,-85.44,-158.16,-243.6
2020-06-29,0.0,0.0,0.0
2020-06-30,-67.06,-90.72,-157.78
2020-07-01,39.4,92.79,132.19
2020-07-02,226.73,334.23,560.96
2020-07-06,240.97,322.98,563.95
2020-07-07,-109.58,-168.8,-278.38
2020-07-08,-10.22,46.15,35.93
2020-07-09,-0.85,0.88,0.030000000000000027
2020-07-10,0.0,-8.94,-8.94
2020-07-13,0.0,0.0,0.0
2020-07-14,-13.76,-48.44,-62.199999999999996
2020-07-15,289.17,332.21,621.38
2020-07-16,-79.97,-152.24,-232.21
2020-07-17,41.88,36.97,78.85
2020-07-20,0.0,0.0,0.0
2020-07-21,119.19,170.68,289.87
2020-07-22,-79.44,-54.84,-134.28
2020-07-23,-21.05,-38.32,-59.370000000000005
2020-07-24,-87.62,-133.69,-221.31
2020-07-27,0.0,0.0,0.0
2020-07-28,-51.2,-91.67,-142.87
2020-07-29,64.85,13.94,78.78999999999999
2020-07-30,-179.99,-263.36,-443.35
2020-07-31,-58.05,40.19,-17.86
2020-08-03,0.0,0.0,0.0
2020-08-04,-39.24,-38.81,-78.05000000000001
2020-08-05,115.35,135.39,250.73999999999998
2020-08-06,-3.12,-38.89,-42.01
2020-08-07,-28.09,-65.49,-93.58
2020-08-10,0.0,0.0,0.0
2020-08-11,106.06,219.06,325.12
2020-08-12,134.63,216.56,351.19
2020-08-13,-48.74,-78.02,-126.75999999999999
2020-08-14,-77.07,-93.03,-170.1
2020-08-17,0.0,0.0,0.0
2020-08-18,-12.16,9.07,-3.09
2020-08-19,36.06,29.75,65.81
2020-08-20,-125.81,-122.67,-248.48000000000002
2020-08-21,-50.84,-76.96,-127.8
2020-08-24,0.0,0.0,0.0
2020-08-25,38.39,68.21,106.6
2020-08-26,2.3,-1.63,0.6699999999999999
2020-08-27,50.96,82.78,133.74
2020-08-28,53.13,91.17,144.3
2020-08-31,0.0,0.0,0.0
2020-09-01,-15.45,-47.73,-63.17999999999999
2020-09-02,51.13,95.41,146.54
2020-09-03,-28.02,-23.69,-51.71
2020-09-04,143.52,125.83,269.35
2020-09-08,0.0,0.0,0.0
2020-09-09,118.47,207.85,326.32
2020-09-10,48.9,104.38,153.28
2020-09-11,51.13,85.87,137.0
2020-09-14,0.0,0.0,0.0
2020-09-15,98.77,155.79,254.56
2020-09-16,50.84,77.06,127.9
2020-09-17,-175.13,-273.31,-448.44
2020-09-18,16.39,-52.64,-36.25
2020-09-21,0.0,0.0,0.0
2020-09-22,46.2,19.49,65.69
2020-09-23,-57.15,111.28,54.13
2020-09-24,-12.49,-67.04,-79.53
2020-09-25,-57.46,-116.68,-174.14000000000001
2020-09-28,0.0,0.0,0.0
2020-09-29,-24.78,-28.34,-53.120000000000005
2020-09-30,40.98,46.94,87.91999999999999
2020-10-01,73.67,145.01,218.68
2020-10-02,-222.35,-331.58,-553.93
2020-10-05,0.0,0.0,0.0
2020-10-06,106.19,88.26,194.45
2020-10-07,146.3,211.2,357.5
2020-10-08,120.69,127.63,248.32
2020-10-09,108.23,101.93,210.16000000000003
2020-10-12,0.0,0.0,0.0
2020-10-13,-99.61,-64.59,-164.2
2020-10-14,19.91,30.47,50.379999999999995
2020-10-15,-142.95,-259.66,-402.61
2020-10-16,27.27,93.6,120.86999999999999
2020-10-19,0.0,0.0,0.0
2020-10-20,80.02,82.34,162.36
2020-10-21,4.48,-39.82,-35.34
2020-10-22,56.48,3.26,59.739999999999995
2020-10-23,65.85,55.12,120.97
2020-10-26,0.0,0.0,0.0
2020-10-27,-14.29,-9.13,-23.42
2020-10-28,-272.29,-483.04,-755.33
2020-10-29,-48.51,-32.06,-80.57
2020-10-30,-68.84,-133.75,-202.59
2020-11-02,0.0,0.0,0.0
2020-11-03,197.9,291.32,489.22
2020-11-04,-193.14,97.96,-95.17999999999999
2020-11-05,110.66,308.01,418.66999999999996
2020-11-06,44.36,3.24,47.6
2020-11-09,0.0,0.0,0.0
2020-11-10,103.92,109.57,213.49
2020-11-11,40.31,121.06,161.37
2020-11-12,-92.42,-156.36,-248.78000000000003
2020-11-13,91.06,145.38,236.44
2020-11-16,0.0,0.0,0.0
2020-11-17,-109.44,-206.23,-315.66999999999996
2020-11-18,29.25,63.99,93.24000000000001
2020-11-19,-22.51,-63.96,-86.47
2020-11-20,-50.07,-89.55,-139.62
2020-11-23,0.0,0.0,0.0
2020-11-24,165.22,233.18,398.4
2020-11-25,-53.08,-39.81,-92.89
2020-11-27,6.54,53.9,60.44
2020-11-30,0.0,0.0,0.0
2020-12-01,162.35,238.04,400.39
2020-12-02,-50.58,-107.12,-157.7
2020-12-03,24.93,12.3,37.230000000000004
2020-12-04,67.19,51.36,118.55
2020-12-07,0.0,0.0,0.0
2020-12-08,-82.82,-88.6,-171.42
2020-12-09,74.21,73.06,147.26999999999998
2020-12-10,-105.18,-74.15,-179.33
2020-12-11,-84.07,-86.48,-170.55
2020-12-14,0.0,0.0,0.0
2020-12-15,113.07,136.87,249.94
2020-12-16,24.04,-7.6,16.439999999999998
2020-12-17,42.05,77.37,119.42
2020-12-18,11.0,-37.13,-26.130000000000003
2020-12-21,0.0,0.0,0.0
2020-12-22,36.86,-21.32,15.54
2020-12-23,66.25,80.47,146.72
2020-12-24,43.98,25.19,69.17
2020-12-28,120.52,129.49,250.01
2020-12-29,19.97,103.64,123.61
2020-12-30,37.65,48.51,86.16
2020-12-31,4.89,-12.86,-7.97
2021-01-04,78.91,59.42,138.32999999999998
2021-01-05,-26.67,-31.19,-57.86
2021-01-06,177.68,-13.62,164.06
2021-01-07,65.7,102.95,168.65
2021-01-08,62.25,54.08,116.33
2021-01-11,0.0,0.0,0.0
2021-01-12,52.62,-4.45,48.169999999999995
2021-01-13,5.68,-10.36,-4.68
2021-01-14,82.95,66.63,149.57999999999998
2021-01-15,-178.36,-153.54,-331.9
2021-01-19,0.0,0.0,0.0
2021-01-20,48.35,78.82,127.16999999999999
2021-01-21,15.95,13.28,29.229999999999997
2021-01-22,-120.23,-151.92,-272.15
2021-01-25,0.0,0.0,0.0
2021-01-26,83.25,60.9,144.15
2021-01-27,-217.15,-217.03,-434.18
2021-01-28,77.34,121.31,198.65
2021-01-29,55.2,-169.04,-113.83999999999999
2021-02-01,0.0,0.0,0.0
2021-02-02,138.41,186.54,324.95
2021-02-03,1.12,-60.71,-59.59
2021-02-04,43.68,41.92,85.6
2021-02-05,121.82,122.16,243.98
2021-02-08,0.0,0.0,0.0
2021-02-09,-11.09,-45.44,-56.53
2021-02-10,75.11,87.18,162.29000000000002
2021-02-11,62.93,35.09,98.02000000000001
2021-02-12,-40.24,-32.89,-73.13
2021-02-16,0.0,0.0,0.0
2021-02-17,-115.32,-72.14,-187.45999999999998
2021-02-18,-97.98,-139.46,-237.44
2021-02-19,101.74,0.73,102.47
2021-02-22,0.0,0.0,0.0
2021-02-23,-151.77,-37.94,-189.71
2021-02-24,41.12,-54.69,-13.57
2021-02-25,-17.44,12.55,-4.890000000000001
2021-02-26,51.61,25.63,77.24
2021-03-01,0.0,0.0,0.0
2021-03-02,-21.22,6.56,-14.66
2021-03-03,40.05,-22.69,17.359999999999996
2021-03-04,-45.97,11.76,-34.21
2021-03-05,200.28,207.95,408.23
2021-03-08,0.0,0.0,0.0
2021-03-09,196.31,79.49,275.8
2021-03-10,122.53,135.71,258.24
2021-03-11,119.33,93.18,212.51
2021-03-12,-11.89,23.33,11.439999999999998
2021-03-15,0.0,0.0,0.0
2021-03-16,-25.09,-16.72,-41.81
2021-03-17,-82.77,21.68,-61.089999999999996
2021-03-18,-85.71,-35.46,-121.16999999999999
2021-03-19,-43.14,-92.87,-136.01
2021-03-22,0.0,0.0,0.0
2021-03-23,-115.06,-69.58,-184.64
2021-03-24,148.66,80.19,228.85
2021-03-25,-161.25,-107.15,-268.4
2021-03-26,121.81,94.48,216.29000000000002
2021-03-29,0.0,0.0,0.0
2021-03-30,-7.83,-46.46,-54.29
2021-03-31,58.33,-16.69,41.64
2021-04-01,77.67,39.71,117.38
2021-04-05,135.09,170.01,305.1
2021-04-06,0.0,-39.11,-39.11
2021-04-07,-8.83,-15.13,-23.96
2021-04-08,63.1,-8.94,54.160000000000004
2021-04-09,-11.32,36.37,25.049999999999997
2021-04-12,0.0,0.0,0.0
2021-04-13,-16.78,-65.41,-82.19
2021-04-14,35.26,-3.41,31.849999999999998
2021-04-15,90.79,86.54,177.33
2021-04-16,57.78,87.16,144.94
2021-04-19,0.0,0.0,0.0
2021-04-20,-56.81,-96.51,-153.32
2021-04-21,-21.53,-38.09,-59.620000000000005
2021-04-22,35.58,-16.17,19.409999999999997
2021-04-23,61.18,-28.57,32.61
2021-04-26,0.0,0.0,0.0
2021-04-27,31.04,-23.68,7.359999999999999
2021-04-28,-24.68,-44.67,-69.35
2021-04-29,100.66,95.15,195.81
2021-04-30,-126.27,-120.85,-247.12
2021-05-03,0.0,0.0,0.0
2021-05-04,-80.15,-79.56,-159.71
2021-05-05,49.43,47.82,97.25
2021-05-06,9.17,34.26,43.43
2021-05-07,-9.16,-24.63,-33.79
2021-05-10,0.0,0.0,0.0
2021-05-11,-261.12,-185.19,-446.31
2021-05-12,-110.65,-94.57,-205.22
2021-05-13,78.15,15.06,93.21000000000001
2021-05-14,117.9,125.67,243.57
2021-05-17,0.0,0.0,0.0
2021-05-18,-0.54,8.03,7.489999999999999
2021-05-19,-202.67,-238.02,-440.69
2021-05-20,13.21,12.87,26.08
2021-05-21,99.53,47.82,147.35
2021-05-24,0.0,0.0,0.0
2021-05-25,41.18,45.47,86.65
2021-05-26,43.78,22.79,66.57
2021-05-27,84.3,136.01,220.31
2021-05-28,70.71,120.83,191.54
2021-06-01,0.0,0.0,0.0
2021-06-02,35.23,49.19,84.41999999999999
2021-06-03,-84.59,-117.68,-202.27
2021-06-04,54.05,65.8,119.85
2021-06-07,0.0,0.0,0.0
2021-06-08,34.88,3.98,38.86
2021-06-09,29.88,11.79,41.67
2021-06-10,12.45,111.38,123.83
2021-06-11,49.19,62.66,111.85
2021-06-14,0.0,0.0,0.0
2021-06-15,1.04,2.0,3.04
2021-06-16,-40.1,-6.03,-46.13
2021-06-17,-37.06,-16.88,-53.94
2021-06-18,-192.16,-296.09,-488.25
2021-06-21,0.0,0.0,0.0
2021-06-22,-34.91,-4.07,-38.98
2021-06-23,-6.31,0.0,-6.31
2021-06-24,64.5,126.96,191.45999999999998
2021-06-25,16.56,106.92,123.48
2021-06-28,0.0,0.0,0.0
2021-06-29,38.53,73.79,112.32000000000001
2021-06-30,-40.81,-36.89,-77.7
2021-07-01,71.14,51.34,122.48
2021-07-02,26.96,41.83,68.78999999999999
2021-07-06,0.0,0.0,0.0
2021-07-07,-21.25,-14.63,-35.88
2021-07-08,-242.9,-292.31,-535.21
2021-07-09,123.88,140.23,264.11
2021-07-12,0.0,0.0,0.0
2021-07-13,-77.82,-38.11,-115.92999999999999
2021-07-14,70.14,71.16,141.3
2021-07-15,-60.85,-108.58,-169.43
2021-07-16,114.65,46.66,161.31
2021-07-19,0.0,0.0,0.0
2021-07-20,18.13,27.75,45.879999999999995
2021-07-21,63.23,122.63,185.85999999999999
2021-07-22,-38.35,-18.5,-56.85
2021-07-23,72.49,113.59,186.07999999999998
2021-07-26,0.0,0.0,0.0
2021-07-27,-68.65,-95.55,-164.2
2021-07-28,65.05,19.68,84.72999999999999
2021-07-29,99.4,102.7,202.10000000000002
2021-07-30,-49.59,-66.86,-116.45
2021-08-02,0.0,0.0,0.0
2021-08-03,34.37,44.89,79.25999999999999
2021-08-04,-101.57,-102.18,-203.75
2021-08-05,51.72,56.85,108.57
2021-08-06,84.81,61.66,146.47
2021-08-09,0.0,0.0,0.0
2021-08-10,22.68,14.41,37.09
2021-08-11,18.86,74.33,93.19
2021-08-12,1.07,11.01,12.08
2021-08-13,-10.76,37.55,26.79
2021-08-16,0.0,0.0,0.0
2021-08-17,-135.28,-174.14,-309.41999999999996
2021-08-18,-19.96,-81.25,-101.21000000000001
2021-08-19,-120.81,-188.51,-309.32
2021-08-20,5.66,-34.88,-29.220000000000002
2021-08-23,0.0,0.0,0.0
2021-08-24,33.87,36.44,70.31
2021-08-25,-3.79,-0.65,-4.44
2021-08-26,-28.03,22.73,-5.300000000000001
2021-08-27,15.8,26.77,42.57
2021-08-30,0.0,0.0,0.0
2021-08-31,-16.5,-25.33,-41.83
2021-09-01,44.61,22.1,66.71000000000001
2021-09-02,42.73,74.15,116.88
2021-09-03,-44.01,-86.19,-130.2
2021-09-07,0.0,0.0,0.0
2021-09-08,-46.11,-45.15,-91.25999999999999
2021-09-09,-23.58,-15.74,-39.32
2021-09-10,64.31,121.79,186.10000000000002
2021-09-13,0.0,0.0,0.0
2021-09-14,41.99,68.47,110.46000000000001
2021-09-15,-9.81,-8.63,-18.44
2021-09-16,-12.96,-1.32,-14.280000000000001
2021-09-17,-34.02,-92.48,-126.5
2021-09-20,0.0,0.0,0.0
2021-09-21,86.2,126.68,212.88
2021-09-22,68.38,134.28,202.66
2021-09-23,69.54,151.08,220.62
2021-09-24,-104.07,-72.79,-176.86
2021-09-27,0.0,0.0,0.0
2021-09-28,-54.05,-87.74,-141.79
2021-09-29,50.43,59.68,110.11
2021-09-30,65.74,79.6,145.33999999999997
2021-10-01,68.57,112.86,181.43
2021-10-04,0.0,0.0,0.0
2021-10-05,35.96,73.73,109.69
2021-10-06,-127.02,-182.3,-309.32
2021-10-07,87.31,176.41,263.72
2021-10-08,-1.07,14.55,13.48
2021-10-11,0.0,0.0,0.0
2021-10-12,25.6,31.33,56.93
2021-10-13,15.16,7.35,22.509999999999998
2021-10-14,114.29,220.0,334.29
2021-10-15,112.13,162.71,274.84000000000003
2021-10-18,0.0,0.0,0.0
2021-10-19,44.25,75.04,119.29
2021-10-20,2.12,-3.89,-1.77
2021-10-21,-11.61,-46.51,-58.12
2021-10-22,-11.05,-1.29,-12.34
2021-10-25,0.0,0.0,0.0
2021-10-26,18.81,61.11,79.92
2021-10-27,-41.59,32.81,-8.780000000000001
2021-10-28,62.25,45.35,107.6
2021-10-29,-16.84,-45.06,-61.900000000000006
2021-11-01,0.0,0.0,0.0
2021-11-02,18.46,14.73,33.19
2021-11-03,-20.47,-45.92,-66.39
2021-11-04,39.72,-17.82,21.9
2021-11-05,130.29,98.01,228.3
2021-11-08,0.0,0.0,0.0
2021-11-09,-33.63,-15.78,-49.410000000000004
2021-11-10,-57.22,-53.81,-111.03
2021-11-11,43.98,4.46,48.44
2021-11-12,30.09,74.21,104.3
2021-11-15,0.0,0.0,0.0
2021-11-16,-42.75,32.47,-10.280000000000001
2021-11-17,-49.71,-32.41,-82.12
2021-11-18,48.84,5.11,53.95
2021-11-19,-85.31,-102.39,-187.7
2021-11-22,0.0,0.0,0.0
2021-11-23,-21.23,-1.29,-22.52
2021-11-24,-104.76,-131.67,-236.43
2021-11-26,-346.11,-497.85,-843.96
2021-11-29,0.0,0.0,0.0
2021-11-30,-113.68,-173.49,-287.17
2021-12-01,268.31,207.43,475.74
2021-12-02,57.38,88.5,145.88
2021-12-03,52.53,56.35,108.88
2021-12-06,0.0,0.0,0.0
2021-12-07,166.53,198.81,365.34000000000003
2021-12-08,25.7,23.79,49.489999999999995
2021-12-09,-93.59,-83.51,-177.10000000000002
2021-12-10,87.05,91.2,178.25
2021-12-13,0.0,0.0,0.0
2021-12-14,-89.94,-88.24,-178.18
2021-12-15,-5.04,-21.31,-26.349999999999998
2021-12-16,86.25,88.2,174.45
2021-12-17,-58.54,-200.91,-259.45
2021-12-20,0.0,0.0,0.0
2021-12-21,115.4,189.65,305.05
2021-12-22,-18.7,0.0,-18.7
2021-12-23,35.4,59.2,94.6
2021-12-27,11.35,40.96,52.31
2021-12-28,-24.62,5.7,-18.92
2021-12-29,-7.0,-7.58,-14.58
2021-12-30,-6.46,50.43,43.97
2021-12-31,-25.3,-33.49,-58.790000000000006
2022-01-03,0.0,0.0,0.0
2022-01-04,31.41,94.32,125.72999999999999
2022-01-05,-10.13,-15.63,-25.76
2022-01-06,19.32,-3.16,16.16
2022-01-07,-4.66,-34.27,-38.93000000000001
2022-01-10,0.0,0.0,0.0
2022-01-11,6.13,-8.92,-2.79
2022-01-12,47.97,69.14,117.11
2022-01-13,45.57,75.4,120.97
2022-01-14,-117.73,-193.57,-311.3
2022-01-18,0.0,0.0,0.0
2022-01-19,54.85,61.74,116.59
2022-01-20,45.76,68.26,114.02000000000001
2022-01-21,-63.35,-17.88,-81.23
2022-01-24,0.0,0.0,0.0
2022-01-25,-204.47,-234.86,-439.33000000000004
2022-01-26,171.34,201.84,373.18
2022-01-27,99.78,191.94,291.72
2022-01-28,11.91,20.2,32.11
2022-01-31,0.0,0.0,0.0
2022-02-01,29.23,41.28,70.51
2022-02-02,15.94,-13.0,2.9399999999999995
2022-02-03,-150.78,-80.75,-231.53
2022-02-04,-29.77,-43.25,-73.02
2022-02-07,0.0,0.0,0.0
2022-02-08,-4.81,45.88,41.07
2022-02-09,104.15,179.69,283.84000000000003
2022-02-10,-220.65,-189.05,-409.70000000000005
2022-02-11,5.31,-5.22,0.08999999999999986
2022-02-14,0.0,0.0,0.0
2022-02-15,120.76,202.17,322.93
2022-02-16,-48.33,-94.58,-142.91
2022-02-17,-109.86,-155.19,-265.05
2022-02-18,-17.29,-42.18,-59.47
2022-02-22,0.0,0.0,0.0
2022-02-23,92.12,152.0,244.12
2022-02-24,-295.39,-595.35,-890.74
2022-02-25,27.24,89.27,116.50999999999999
2022-02-28,0.0,0.0,0.0
2022-03-01,-28.36,-129.53,-157.89
2022-03-02,80.62,136.65,217.27
2022-03-03,37.58,105.13,142.70999999999998
2022-03-04,-128.43,-244.84,-373.27
2022-03-07,0.0,0.0,0.0
2022-03-08,25.38,4.9,30.28
2022-03-09,201.99,461.37,663.36
2022-03-10,-173.76,-281.49,-455.25
2022-03-11,48.62,127.38,176.0
2022-03-14,0.0,0.0,0.0
2022-03-15,29.23,127.49,156.72
2022-03-16,110.96,198.38,309.34
2022-03-17,-70.72,-109.14,-179.86
2022-03-18,-60.81,-129.79,-190.6
2022-03-21,0.0,0.0,0.0
2022-03-22,43.22,107.85,151.07
2022-03-23,-75.21,-138.07,-213.27999999999997
2022-03-24,25.3,69.65,94.95
2022-03-25,9.33,49.04,58.37
2022-03-28,0.0,0.0,0.0
2022-03-29,101.25,205.97,307.22
2022-03-30,-24.37,-55.39,-79.76
2022-03-31,-28.33,-73.15,-101.48
2022-04-01,52.04,87.54,139.58
2022-04-04,0.0,0.0,0.0
2022-04-05,-8.65,-94.84,-103.49000000000001
2022-04-06,-108.72,-188.56,-297.28
2022-04-07,-8.39,-76.03,-84.42
2022-04-08,-15.64,-18.61,-34.25
2022-04-11,0.0,0.0,0.0
2022-04-12,130.05,77.73,207.78000000000003
2022-04-13,29.21,-38.98,-9.769999999999996
2022-04-14,5.37,52.53,57.9
2022-04-18,-32.27,-39.4,-71.67
2022-04-19,10.32,7.35,17.67
2022-04-20,79.73,122.52,202.25
2022-04-21,107.92,151.1,259.02
2022-04-22,-54.61,-97.88,-152.49
2022-04-25,0.0,0.0,0.0
2022-04-26,-102.71,-178.92,-281.63
2022-04-27,-1.92,106.59,104.67
2022-04-28,139.93,144.99,284.92
2022-04-29,-55.45,-113.85,-169.3
2022-05-02,0.0,0.0,0.0
2022-05-03,-1.28,23.64,22.36
2022-05-04,30.55,29.15,59.7
2022-05-05,-134.46,-193.1,-327.56
2022-05-06,-53.62,-180.35,-233.97
2022-05-09,0.0,0.0,0.0
2022-05-10,175.58,275.89,451.47
2022-05-11,6.86,-7.15,-0.29000000000000004
2022-05-12,-62.57,-143.67,-206.23999999999998
2022-05-13,150.66,172.3,322.96000000000004
2022-05-16,0.0,0.0,0.0
2022-05-17,210.53,279.96,490.49
2022-05-18,-158.81,-203.93,-362.74
2022-05-19,-95.99,-260.13,-356.12
2022-05-20,128.44,113.08,241.51999999999998
2022-05-23,0.0,0.0,0.0
2022-05-24,-113.1,-165.91,-279.01
2022-05-25,-51.25,-118.07,-169.32
2022-05-26,64.41,111.65,176.06
2022-05-27,65.03,39.45,104.48
2022-05-31,0.0,0.0,0.0
2022-06-01,60.88,147.63,208.51
2022-06-02,14.32,9.11,23.43
2022-06-03,-93.47,-205.25,-298.72
2022-06-06,0.0,0.0,0.0
2022-06-07,-104.1,-189.17,-293.27
2022-06-08,-62.23,-114.93,-177.16
2022-06-09,-96.37,-94.25,-190.62
2022-06-10,-205.81,-340.31,-546.12
2022-06-13,0.0,0.0,0.0
2022-06-14,30.32,63.19,93.50999999999999
2022-06-15,114.65,152.64,267.28999999999996
2022-06-16,-284.16,-448.28,-732.44
2022-06-17,36.6,-138.74,-102.14000000000001
2022-06-21,0.0,0.0,0.0
2022-06-22,-159.84,-287.0,-446.84000000000003
2022-06-23,22.16,82.32,104.47999999999999
2022-06-24,91.83,183.72,275.55
2022-06-27,0.0,0.0,0.0
2022-06-28,73.03,115.59,188.62
2022-06-29,-3.48,71.36,67.88
2022-06-30,-179.94,-249.23,-429.16999999999996
2022-07-01,-36.09,-44.82,-80.91
2022-07-05,0.0,0.0,0.0
2022-07-06,-32.62,16.33,-16.29
2022-07-07,86.72,151.13,237.85
2022-07-08,-43.72,-32.97,-76.69
2022-07-11,0.0,0.0,0.0
2022-07-12,-38.36,-92.21,-130.57
2022-07-13,-169.98,-287.1,-457.08000000000004
2022-07-14,-187.67,-381.18,-568.85
2022-07-15,130.14,328.02,458.15999999999997
2022-07-18,0.0,0.0,0.0
2022-07-19,145.29,174.71,320.0
2022-07-20,-6.71,1.45,-5.26
2022-07-21,-74.69,-85.86,-160.55
2022-07-22,22.36,89.71,112.07
2022-07-25,0.0,0.0,0.0
2022-07-26,-48.54,-79.07,-127.60999999999999
2022-07-27,74.27,91.98,166.25
2022-07-28,58.89,27.85,86.74000000000001
2022-07-29,0.65,17.69,18.34
2022-08-01,0.0,0.0,0.0
2022-08-02,-49.36,-77.12,-126.48
2022-08-03,80.84,114.96,195.8
2022-08-04,1.9,-35.74,-33.84
2022-08-05,-125.41,-165.09,-290.5
2022-08-08,0.0,0.0,0.0
2022-08-09,-53.51,-13.31,-66.82
2022-08-10,211.95,324.01,535.96
2022-08-11,104.25,176.0,280.25
2022-08-12,53.15,67.53,120.68
2022-08-15,0.0,0.0,0.0
2022-08-16,-38.19,-44.04,-82.22999999999999
2022-08-17,-138.49,-145.35,-283.84000000000003
2022-08-18,12.75,-5.41,7.34
2022-08-19,-127.25,-158.66,-285.90999999999997
2022-08-22,0.0,0.0,0.0
2022-08-23,14.47,-37.54,-23.07
2022-08-24,-11.31,-18.87,-30.18
2022-08-25,54.87,11.15,66.02
2022-08-26,-8.6,21.4,12.799999999999999
2022-08-29,0.0,0.0,0.0
2022-08-30,32.68,68.05,100.72999999999999
2022-08-31,18.2,23.14,41.34
2022-09-01,-115.09,-102.01,-217.10000000000002
2022-09-02,133.53,191.48,325.01
2022-09-06,0.0,0.0,0.0
2022-09-07,-32.28,-45.67,-77.95
2022-09-08,-103.39,-126.49,-229.88
2022-09-09,99.91,127.91,227.82
2022-09-12,0.0,0.0,0.0
2022-09-13,-311.77,-412.4,-724.17
2022-09-14,19.09,43.53,62.620000000000005
2022-09-15,-79.95,-42.75,-122.7
2022-09-16,-172.4,-331.22,-503.62
2022-09-19,0.0,0.0,0.0
2022-09-20,-121.62,-190.57,-312.19
2022-09-21,82.19,106.36,188.55
2022-09-22,-28.05,-22.1,-50.150000000000006
2022-09-23,-173.58,-209.68,-383.26
2022-09-26,0.0,0.0,0.0
2022-09-27,154.98,157.13,312.11
2022-09-28,70.65,75.78,146.43
2022-09-29,-158.13,-156.56,-314.69
2022-09-30,-28.17,-84.21,-112.38
2022-10-03,0.0,0.0,0.0
2022-10-04,216.68,293.32,510.0
2022-10-05,-185.35,-263.25,-448.6
2022-10-06,-65.91,-104.81,-170.72
2022-10-07,-128.46,-200.57,-329.03
2022-10-10,0.0,0.0,0.0
2022-10-11,-55.1,-69.31,-124.41
2022-10-12,7.87,2.36,10.23
2022-10-13,-243.16,-396.01,-639.17
2022-10-14,89.6,148.45,238.04999999999998
2022-10-17,0.0,0.0,0.0
2022-10-18,253.68,467.49,721.1700000000001
2022-10-19,-121.91,-91.09,-213.0
2022-10-20,10.51,30.22,40.73
2022-10-21,22.0,-21.99,0.010000000000001563
2022-10-24,0.0,0.0,0.0
2022-10-25,2.77,-62.03,-59.26
2022-10-26,63.31,-40.44,22.870000000000005
2022-10-27,98.5,223.17,321.66999999999996
2022-10-28,46.91,83.96,130.87
2022-10-31,0.0,0.0,0.0
2022-11-01,119.77,134.16,253.93
2022-11-02,-56.19,-71.16,-127.35
2022-11-03,-153.44,-150.98,-304.41999999999996
2022-11-04,163.19,263.86,427.05
2022-11-07,0.0,0.0,0.0
2022-11-08,36.07,70.83,106.9
2022-11-09,-108.92,-142.82,-251.74
2022-11-10,491.83,624.93,1116.76
2022-11-11,22.66,58.65,81.31
2022-11-14,0.0,0.0,0.0
2022-11-15,184.25,183.57,367.82
2022-11-16,-70.97,-41.72,-112.69
2022-11-17,-173.89,-233.35,-407.24
2022-11-18,125.49,91.0,216.49
2022-11-21,0.0,0.0,0.0
2022-11-22,61.72,122.83,184.55
2022-11-23,-36.36,-22.26,-58.620000000000005
2022-11-25,-10.37,1.34,-9.03
2022-11-28,0.0,0.0,0.0
2022-11-29,5.28,-40.77,-35.49
2022-11-30,14.47,6.12,20.59
2022-12-01,45.53,37.21,82.74000000000001
2022-12-02,-171.33,-236.42,-407.75
2022-12-05,0.0,0.0,0.0
2022-12-06,-1.97,-16.91,-18.88
2022-12-07,-26.65,-25.29,-51.94
2022-12-08,71.46,87.51,158.97
2022-12-09,-74.31,-55.72,-130.03
2022-12-12,0.0,0.0,0.0
2022-12-13,322.5,505.0,827.5
2022-12-14,-9.92,-6.73,-16.65
2022-12-15,-145.19,-250.11,-395.3
2022-12-16,-122.21,-245.34,-367.55
2022-12-19,0.0,0.0,0.0
2022-12-20,-29.99,9.83,-20.159999999999997
2022-12-21,99.22,217.88,317.1
2022-12-22,-106.45,-148.9,-255.35000000000002
2022-12-23,-13.82,-49.44,-63.26
2022-12-27,0.0,0.0,0.0
2022-12-28,-9.0,20.07,11.07
2022-12-29,78.8,130.17,208.96999999999997
2022-12-30,-109.09,-109.4,-218.49
2023-01-03,0.0,0.0,0.0
2023-01-04,83.05,94.09,177.14
2023-01-05,-71.75,-114.1,-185.85
2023-01-06,107.77,200.47,308.24
2023-01-09,0.0,0.0,0.0
2023-01-10,-20.91,-26.75,-47.66
2023-01-11,42.53,78.44,120.97
2023-01-12,50.88,63.63,114.51
2023-01-13,-91.03,-193.01,-284.03999999999996
2023-01-17,0.0,0.0,0.0
2023-01-18,35.96,22.38,58.34
2023-01-19,-74.41,-133.99,-208.4
2023-01-20,40.21,5.56,45.77
2023-01-23,0.0,0.0,0.0
2023-01-24,-55.06,-85.52,-140.57999999999998
2023-01-25,-99.51,-198.53,-298.04
2023-01-26,92.81,72.27,165.07999999999998
2023-01-27,-41.36,-2.03,-43.39
2023-01-30,0.0,0.0,0.0
2023-01-31,23.1,36.84,59.940000000000005
2023-02-01,-23.81,-120.1,-143.91
2023-02-02,88.83,26.98,115.81
2023-02-03,-141.52,-115.52,-257.04
2023-02-06,0.0,0.0,0.0
2023-02-07,-50.06,-124.25,-174.31
2023-02-08,-78.53,-84.18,-162.71
2023-02-09,92.16,158.54,250.7
2023-02-10,-47.37,-29.68,-77.05
2023-02-13,0.0,0.0,0.0
2023-02-14,-87.21,-74.52,-161.73
2023-02-15,-100.33,-116.63,-216.95999999999998
2023-02-16,-171.48,-214.75,-386.23
2023-02-17,-51.08,-118.6,-169.68
2023-02-21,0.0,0.0,0.0
2023-02-22,18.56,27.77,46.33
2023-02-23,81.69,89.76,171.45
2023-02-24,-174.91,-269.74,-444.65
2023-02-27,0.0,0.0,0.0
2023-02-28,-10.2,-20.97,-31.169999999999998
2023-03-01,1.28,-40.14,-38.86
2023-03-02,-106.32,33.05,-73.27
2023-03-03,43.18,70.99,114.16999999999999
2023-03-06,0.0,0.0,0.0
2023-03-07,-7.63,-4.81,-12.44
2023-03-08,11.58,-4.2,7.38
2023-03-09,3.21,80.51,83.72
2023-03-10,-72.09,-46.27,-118.36000000000001
2023-03-13,0.0,0.0,0.0
2023-03-14,364.93,235.11,600.04
2023-03-15,-321.36,-382.6,-703.96
2023-03-16,-160.23,-142.49,-302.72
2023-03-17,-141.76,-188.5,-330.26
2023-03-20,0.0,0.0,0.0
2023-03-21,205.36,216.91,422.27
2023-03-22,-20.36,-0.71,-21.07
2023-03-23,46.86,89.09,135.95
2023-03-24,-107.15,-94.62,-201.77
2023-03-27,0.0,0.0,0.0
2023-03-28,-51.78,-29.07,-80.85
2023-03-29,122.42,194.58,317.0
2023-03-30,93.69,122.34,216.03
2023-03-31,80.14,72.11,152.25
2023-04-03,0.0,0.0,0.0
2023-04-04,24.2,-1.37,22.83
2023-04-05,-76.65,-2.07,-78.72
2023-04-06,2.07,-37.78,-35.71
2023-04-10,-65.53,-65.92,-131.45
2023-04-11,47.09,25.33,72.42
2023-04-12,111.75,107.17,218.92000000000002
2023-04-13,42.3,29.38,71.67999999999999
2023-04-14,6.73,-33.11,-26.38
2023-04-17,0.0,0.0,0.0
2023-04-18,50.33,-4.06,46.269999999999996
2023-04-19,-65.39,-47.38,-112.77000000000001
2023-04-20,-84.1,-109.22,-193.32
2023-04-21,27.06,25.86,52.92
2023-04-24,0.0,0.0,0.0
2023-04-25,-126.45,-44.13,-170.58
2023-04-26,-63.08,6.86,-56.22
2023-04-27,36.39,80.12,116.51
2023-04-28,-30.4,-73.44,-103.84
2023-05-01,0.0,0.0,0.0
2023-05-02,-69.11,-35.13,-104.24000000000001
2023-05-03,32.15,15.7,47.849999999999994
2023-05-04,-78.99,-61.26,-140.25
2023-05-05,194.98,198.86,393.84000000000003
2023-05-08,0.0,0.0,0.0
2023-05-09,-78.58,-58.83,-137.41
2023-05-10,164.57,108.23,272.8
2023-05-11,-87.36,-121.35,-208.70999999999998
2023-05-12,36.74,73.14,109.88
2023-05-15,0.0,0.0,0.0
2023-05-16,-91.25,-75.1,-166.35
2023-05-17,73.13,122.53,195.66
2023-05-18,-49.02,-55.67,-104.69
2023-05-19,81.91,-11.63,70.28
2023-05-22,0.0,0.0,0.0
2023-05-23,-27.6,-83.59,-111.19
2023-05-24,-65.58,-45.91,-111.49
2023-05-25,-25.29,2.8,-22.49
2023-05-26,2.07,28.07,30.14
2023-05-30,0.0,0.0,0.0
2023-05-31,-58.8,-72.38,-131.18
2023-06-01,9.67,-48.15,-38.48
2023-06-02,157.11,154.26,311.37
2023-06-05,0.0,0.0,0.0
2023-06-06,-45.44,-13.68,-59.12
2023-06-07,37.76,21.21,58.97
2023-06-08,-37.17,-4.77,-41.94
2023-06-09,-14.16,-19.01,-33.17
2023-06-12,0.0,0.0,0.0
2023-06-13,33.57,33.03,66.6
2023-06-14,19.79,-86.59,-66.80000000000001
2023-06-15,-60.01,-8.11,-68.12
2023-06-16,24.32,29.34,53.66
2023-06-20,0.0,0.0,0.0
2023-06-21,-49.9,-63.49,-113.39
2023-06-22,-35.07,-37.27,-72.34
2023-06-23,-170.83,-155.87,-326.70000000000005
2023-06-26,0.0,0.0,0.0
2023-06-27,23.56,-6.14,17.419999999999998
2023-06-28,-28.79,-32.55,-61.339999999999996
2023-06-29,22.78,-19.02,3.7600000000000016
2023-06-30,99.64,136.17,235.81
2023-07-03,0.0,0.0,0.0
2023-07-05,-66.34,-108.99,-175.32999999999998
2023-07-06,-143.37,-178.43,-321.8
2023-07-07,8.86,-91.51,-82.65
2023-07-10,0.0,0.0,0.0
2023-07-11,24.25,75.18,99.43
2023-07-12,185.25,148.34,333.59000000000003
2023-07-13,36.27,43.5,79.77000000000001
2023-07-14,-11.79,109.65,97.86000000000001
2023-07-17,0.0,0.0,0.0
2023-07-18,1.86,-16.62,-14.760000000000002
2023-07-19,35.49,50.0,85.49000000000001
2023-07-20,6.1,45.25,51.35
2023-07-21,74.41,22.19,96.6
2023-07-24,0.0,0.0,0.0
2023-07-25,-25.85,-21.43,-47.28
2023-07-26,-16.61,-79.19,-95.8
2023-07-27,65.95,38.85,104.80000000000001
2023-07-28,125.6,110.18,235.78
2023-07-31,0.0,0.0,0.0
2023-08-01,-80.91,-23.93,-104.84
2023-08-02,-137.7,-111.71,-249.40999999999997
2023-08-03,-53.5,-73.69,-127.19
2023-08-04,11.72,68.6,80.32
2023-08-07,0.0,0.0,0.0
2023-08-08,-142.61,-149.14,-291.75
2023-08-09,-21.12,-12.38,-33.5
2023-08-10,41.02,119.82,160.84
2023-08-11,-55.36,-54.24,-109.6
2023-08-14,0.0,0.0,0.0
2023-08-15,-77.39,-105.47,-182.86
2023-08-16,-16.58,-25.65,-42.23
2023-08-17,27.76,71.41,99.17
2023-08-18,-99.93,-138.63,-238.56
2023-08-21,0.0,0.0,0.0
2023-08-22,40.35,2.0,42.35
2023-08-23,4.57,34.87,39.44
2023-08-24,-36.17,-38.02,-74.19
2023-08-25,48.45,93.75,142.2
2023-08-28,0.0,0.0,0.0
2023-08-29,-9.05,-13.31,-22.36
2023-08-30,-31.57,23.09,-8.48
2023-08-31,10.16,95.44,105.6
2023-09-01,91.62,137.54,229.16
2023-09-05,0.0,0.0,0.0
2023-09-06,9.63,-40.43,-30.799999999999997
2023-09-07,-70.89,-40.0,-110.89
2023-09-08,7.81,2.66,10.469999999999999
2023-09-11,0.0,0.0,0.0
2023-09-12,-26.68,-54.28,-80.96000000000001
2023-09-13,13.68,16.56,30.24
2023-09-14,97.04,135.38,232.42000000000002
2023-09-15,-55.6,-119.59,-175.19
2023-09-18,0.0,0.0,0.0
2023-09-19,2.63,-47.18,-44.55
2023-09-20,42.92,57.98,100.9
2023-09-21,-96.05,-80.82,-176.87
2023-09-22,25.74,3.38,29.119999999999997
2023-09-25,0.0,0.0,0.0
2023-09-26,-139.25,-149.48,-288.73
2023-09-27,67.42,48.58,116.0
2023-09-28,-2.73,-13.71,-16.44
2023-09-29,83.74,146.91,230.64999999999998
2023-10-02,0.0,0.0,0.0
2023-10-03,-79.28,-95.66,-174.94
2023-10-04,-14.02,4.88,-9.14
2023-10-05,-30.84,-19.45,-50.29
2023-10-06,-77.0,-63.88,-140.88
2023-10-09,0.0,0.0,0.0
2023-10-10,15.86,69.1,84.96
2023-10-11,6.82,44.3,51.12
2023-10-12,9.56,47.63,57.190000000000005
2023-10-13,35.62,74.53,110.15
2023-10-16,0.0,0.0,0.0
2023-10-17,-76.99,-106.92,-183.91
2023-10-18,-96.68,-20.29,-116.97
2023-10-19,-35.02,-4.78,-39.800000000000004
2023-10-20,-4.98,-53.69,-58.67
2023-10-23,0.0,0.0,0.0
2023-10-24,93.75,114.54,208.29000000000002
2023-10-25,-107.41,50.65,-56.76
2023-10-26,31.51,-22.27,9.240000000000002
2023-10-27,21.93,-4.21,17.72
2023-10-30,0.0,0.0,0.0
2023-10-31,13.97,-12.57,1.4000000000000004
2023-11-01,-15.31,27.84,12.53
2023-11-02,163.18,138.24,301.42
2023-11-03,201.28,109.41,310.69
2023-11-06,0.0,0.0,0.0
2023-11-07,-60.56,-24.28,-84.84
2023-11-08,-16.06,32.32,16.26
2023-11-09,76.27,56.63,132.9
2023-11-10,60.23,109.18,169.41
2023-11-13,0.0,0.0,0.0
2023-11-14,354.62,255.05,609.6700000000001
2023-11-15,-10.09,43.56,33.47
2023-11-16,-47.65,-48.59,-96.24000000000001
2023-11-17,94.07,-21.68,72.38999999999999
2023-11-20,0.0,0.0,0.0
2023-11-21,-76.94,-34.02,-110.96000000000001
2023-11-22,73.19,63.58,136.76999999999998
2023-11-24,-10.1,29.35,19.25
2023-11-27,0.0,0.0,0.0
2023-11-28,-17.45,6.51,-10.94
2023-11-29,99.08,50.66,149.74
2023-11-30,69.06,129.69,198.75
2023-12-01,-30.07,7.03,-23.04
2023-12-04,0.0,0.0,0.0
2023-12-05,-57.46,-53.9,-111.36
2023-12-06,81.33,54.01,135.34
2023-12-07,18.91,44.57,63.480000000000004
2023-12-08,-25.23,-8.9,-34.13
2023-12-11,0.0,0.0,0.0
2023-12-12,-16.03,39.09,23.060000000000002
2023-12-13,3.21,5.65,8.86
2023-12-14,198.31,65.6,263.90999999999997
2023-12-15,9.06,-102.87,-93.81
2023-12-18,0.0,0.0,0.0
2023-12-19,80.97,13.57,94.53999999999999
2023-12-20,-71.04,-54.51,-125.55000000000001
2023-12-21,131.43,126.53,257.96000000000004
2023-12-22,63.67,-21.22,42.45
2023-12-26,0.0,0.0,0.0
2023-12-27,22.94,-20.83,2.110000000000003
2023-12-28,-59.19,-9.78,-68.97
2023-12-29,-33.53,-12.2,-45.730000000000004
2024-01-02,0.0,0.0,0.0
2024-01-03,-134.07,-98.79,-232.86
2024-01-04,-9.89,31.95,22.06
2024-01-05,-77.36,-11.05,-88.41
2024-01-08,0.0,0.0,0.0
2024-01-09,-161.45,-127.55,-289.0
2024-01-10,-18.46,15.32,-3.1400000000000006
2024-01-11,-39.37,48.2,8.830000000000005
2024-01-12,136.94,16.46,153.4
2024-01-16,0.0,0.0,0.0
2024-01-17,-178.48,-117.57,-296.04999999999995
2024-01-18,74.72,-34.55,40.17
2024-01-19,36.5,57.68,94.18
2024-01-22,0.0,0.0,0.0
2024-01-23,95.81,-47.2,48.61
2024-01-24,146.3,69.77,216.07
2024-01-25,168.57,53.52,222.09
2024-01-26,56.95,-36.87,20.080000000000005
2024-01-29,0.0,0.0,0.0
2024-01-30,-63.19,-33.6,-96.78999999999999
2024-01-31,-33.38,35.88,2.5
2024-02-01,89.61,-1.21,88.4
2024-02-02,-149.05,-69.87,-218.92000000000002
2024-02-05,0.0,0.0,0.0
2024-02-06,-16.26,15.65,-0.6100000000000012
2024-02-07,23.55,72.26,95.81
2024-02-08,4.35,39.84,44.190000000000005
2024-02-09,39.13,-17.22,21.910000000000004
2024-02-12,0.0,0.0,0.0
2024-02-13,-400.86,-186.04,-586.9
2024-02-14,180.57,66.08,246.64999999999998
2024-02-15,104.8,49.07,153.87
2024-02-16,-136.78,-68.71,-205.49
2024-02-20,0.0,0.0,0.0
2024-02-21,-77.22,-50.08,-127.3
2024-02-22,36.97,134.64,171.60999999999999
2024-02-23,2.41,67.13,69.53999999999999
2024-02-26,0.0,0.0,0.0
2024-02-27,108.53,-21.19,87.34
2024-02-28,-92.36,-107.41,-199.76999999999998
2024-02-29,160.94,57.25,218.19
2024-03-01,48.9,-4.13,44.769999999999996
2024-03-04,0.0,0.0,0.0
2024-03-05,-84.58,-78.96,-163.54
2024-03-06,130.16,133.4,263.56
2024-03-07,84.2,108.7,192.9
2024-03-08,106.13,-14.21,91.91999999999999
2024-03-11,0.0,0.0,0.0
2024-03-12,-7.6,43.22,35.62
2024-03-13,-9.95,52.38,42.43000000000001
2024-03-14,-43.74,51.73,7.989999999999995
2024-03-15,-46.34,-141.49,-187.83
2024-03-18,0.0,0.0,0.0
2024-03-19,-88.85,23.13,-65.72
2024-03-20,-40.96,-52.94,-93.9
2024-03-21,52.41,73.95,126.36
2024-03-22,-8.08,1.16,-6.92
2024-03-25,0.0,0.0,0.0
2024-03-26,85.82,39.21,125.03
2024-03-27,92.99,120.59,213.57999999999998
2024-03-28,22.32,25.45,47.769999999999996
2024-04-01,23.39,1.73,25.12
2024-04-02,-150.34,-197.23,-347.57
2024-04-03,-72.15,1.76,-70.39
2024-04-04,127.69,159.29,286.98
2024-04-05,-37.69,14.3,-23.389999999999997
2024-04-08,0.0,0.0,0.0
2024-04-09,32.1,30.74,62.84
2024-04-10,-306.37,-240.09,-546.46
2024-04-11,59.12,50.84,109.96000000000001
2024-04-12,-69.38,-134.57,-203.95
2024-04-15,0.0,0.0,0.0
2024-04-16,-89.46,143.85,54.39
2024-04-17,80.56,70.58,151.14
2024-04-18,36.67,94.44,131.11
2024-04-19,-57.26,49.31,-7.949999999999996
2024-04-22,0.0,0.0,0.0
2024-04-23,-2.46,72.16,69.7
2024-04-24,-25.38,-17.32,-42.7
2024-04-25,-140.2,-284.72,-424.92
2024-04-26,26.87,-12.68,14.190000000000001
2024-04-29,0.0,0.0,0.0
2024-04-30,-114.02,-82.1,-196.12
2024-05-01,-2.45,4.87,2.42
2024-05-02,149.47,134.76,284.23
2024-05-03,201.58,288.16,489.74
2024-05-06,0.0,0.0,0.0
2024-05-07,15.26,39.67,54.93
2024-05-08,-131.74,-26.03,-157.77
2024-05-09,7.65,-22.97,-15.319999999999999
2024-05-10,27.98,67.71,95.69
2024-05-13,0.0,0.0,0.0
2024-05-14,136.55,4.66,141.21
2024-05-15,131.65,91.27,222.92000000000002
2024-05-16,-29.23,21.31,-7.920000000000002
2024-05-17,-3.46,-8.07,-11.530000000000001
2024-05-20,0.0,0.0,0.0
2024-05-21,-48.89,6.35,-42.54
2024-05-22,-46.65,-52.48,-99.13
2024-05-23,47.62,15.07,62.69
2024-05-24,86.77,25.9,112.66999999999999
2024-05-28,0.0,0.0,0.0
2024-05-29,-160.22,-195.88,-356.1
2024-05-30,75.96,-198.51,-122.55
2024-05-31,48.8,29.54,78.34
2024-06-03,0.0,0.0,0.0
2024-06-04,-89.11,-78.59,-167.7
2024-06-05,76.06,60.53,136.59
2024-06-06,-53.26,13.02,-40.239999999999995
2024-06-07,-124.37,-33.08,-157.45
2024-06-10,0.0,0.0,0.0
2024-06-11,-140.81,-100.43,-241.24
2024-06-12,311.03,218.71,529.74
2024-06-13,-34.74,-50.43,-85.17
2024-06-14,-143.21,-136.73,-279.94
2024-06-17,0.0,0.0,0.0
2024-06-18,-4.19,13.02,8.829999999999998
2024-06-20,-33.46,-30.14,-63.6
2024-06-21,-1.2,-27.57,-28.77
2024-06-24,0.0,0.0,0.0
2024-06-25,-8.95,-28.6,-37.55
2024-06-26,-75.39,-58.81,-134.2
2024-06-27,29.98,-38.21,-8.23
2024-06-28,101.52,-15.86,85.66
2024-07-01,0.0,0.0,0.0
2024-07-02,13.12,-44.06,-30.940000000000005
2024-07-03,23.78,24.56,48.34
2024-07-05,-48.12,36.81,-11.309999999999995
2024-07-08,0.0,0.0,0.0
2024-07-09,-22.54,-16.95,-39.489999999999995
2024-07-10,51.24,-4.1,47.14
2024-07-11,261.91,13.9,275.81
2024-07-12,120.13,69.41,189.54
2024-07-15,0.0,0.0,0.0
2024-07-16,107.2,82.88,190.07999999999998
2024-07-17,-120.75,-62.32,-183.07
2024-07-18,-52.89,-74.81,-127.7
2024-07-19,-22.02,-79.17,-101.19
2024-07-22,0.0,0.0,0.0
2024-07-23,-61.01,5.69,-55.32
2024-07-24,-85.71,-106.57,-192.27999999999997
2024-07-25,26.98,-4.04,22.94
2024-07-26,181.2,127.8,309.0
2024-07-29,0.0,0.0,0.0
2024-07-30,47.07,17.58,64.65
2024-07-31,59.85,1.69,61.54
2024-08-01,-12.32,65.31,52.99
2024-08-02,-435.31,-195.03,-630.34
2024-08-05,0.0,0.0,0.0
2024-08-06,37.36,19.61,56.97
2024-08-07,195.42,154.54,349.96
2024-08-08,136.58,99.64,236.22000000000003
2024-08-09,6.96,-26.23,-19.27
2024-08-12,0.0,0.0,0.0
2024-08-13,82.09,70.67,152.76
2024-08-14,38.09,-7.52,30.570000000000004
2024-08-15,263.0,265.59,528.5899999999999
2024-08-16,-41.87,-54.39,-96.25999999999999
2024-08-19,0.0,0.0,0.0
2024-08-20,-20.63,-31.48,-52.11
2024-08-21,82.34,41.66,124.0
2024-08-22,1.67,34.86,36.53
2024-08-23,85.38,94.23,179.61
2024-08-26,0.0,0.0,0.0
2024-08-27,-86.0,-31.2,-117.2
2024-08-28,-52.65,-19.49,-72.14
2024-08-29,77.3,164.93,242.23000000000002
2024-08-30,49.37,30.56,79.92999999999999
2024-09-03,0.0,0.0,0.0
2024-09-04,-39.36,-19.06,-58.42
2024-09-05,28.73,48.75,77.48
2024-09-06,-0.57,24.21,23.64
2024-09-09,0.0,0.0,0.0
2024-09-10,9.78,54.53,64.31
2024-09-11,-55.86,-64.22,-120.08
2024-09-12,54.57,22.48,77.05
2024-09-13,132.1,30.14,162.24
2024-09-16,0.0,0.0,0.0
2024-09-17,101.98,47.94,149.92000000000002
2024-09-18,-10.39,7.16,-3.2300000000000004
2024-09-19,283.82,318.86,602.6800000000001
2024-09-20,-31.61,-114.61,-146.22
2024-09-23,0.0,0.0,0.0
2024-09-24,42.93,27.31,70.24
2024-09-25,-47.21,13.62,-33.59
2024-09-26,148.23,114.69,262.91999999999996
2024-09-27,108.02,52.37,160.39
2024-09-30,0.0,0.0,0.0
2024-10-01,-46.16,-38.6,-84.75999999999999
2024-10-02,-52.32,13.09,-39.230000000000004
2024-10-03,-77.76,-86.68,-164.44
2024-10-04,172.66,129.24,301.9
2024-10-07,0.0,0.0,0.0
2024-10-08,6.07,49.88,55.95
2024-10-09,-8.27,2.73,-5.539999999999999
2024-10-10,-124.88,-5.68,-130.56
2024-10-11,-5.53,33.04,27.509999999999998
2024-10-14,0.0,0.0,0.0
2024-10-15,-24.22,-86.47,-110.69
2024-10-16,94.13,-22.06,72.07
2024-10-17,6.35,93.44,99.78999999999999
2024-10-18,27.07,-5.85,21.22
2024-10-21,0.0,0.0,0.0
2024-10-22,-37.28,-99.08,-136.36
2024-10-23,-68.88,-122.69,-191.57
2024-10-24,59.09,-47.6,11.490000000000002
2024-10-25,81.35,85.2,166.55
2024-10-28,0.0,0.0,0.0
2024-10-29,-98.15,-104.13,-202.28
2024-10-30,-43.28,-29.94,-73.22
2024-10-31,-18.42,-142.86,-161.28000000000003
2024-11-01,94.79,106.27,201.06
2024-11-04,0.0,0.0,0.0
2024-11-05,-44.7,7.15,-37.550000000000004
2024-11-06,656.99,669.86,1326.85
2024-11-07,-20.74,12.1,-8.639999999999999
2024-11-08,-22.85,45.22,22.369999999999997
2024-11-11,0.0,0.0,0.0
2024-11-12,-88.86,27.0,-61.86
2024-11-13,73.78,25.65,99.43
2024-11-14,34.19,38.7,72.89
2024-11-15,9.83,-101.41,-91.58
2024-11-18,0.0,0.0,0.0
2024-11-19,-127.34,-185.92,-313.26
2024-11-20,-24.97,30.81,5.84
2024-11-21,63.4,75.19,138.59
2024-11-22,54.23,33.01,87.24
2024-11-25,0.0,0.0,0.0
2024-11-26,-61.88,-53.96,-115.84
2024-11-27,66.82,15.37,82.19
2024-11-29,67.22,25.68,92.9
2024-12-02,0.0,0.0,0.0
2024-12-03,-17.12,18.96,1.8399999999999999
2024-12-04,6.0,98.59,104.59
2024-12-05,-23.41,-25.5,-48.91
2024-12-06,84.17,39.47,123.64
2024-12-09,0.0,0.0,0.0
2024-12-10,-10.6,-32.04,-42.64
2024-12-11,94.76,21.77,116.53
2024-12-12,-36.33,-4.16,-40.489999999999995
2024-12-13,-17.9,29.25,11.350000000000001
2024-12-16,0.0,0.0,0.0
2024-12-17,-96.71,-117.0,-213.70999999999998
2024-12-18,57.64,19.01,76.65
2024-12-19,122.68,172.92,295.6
2024-12-20,-75.83,-138.67,-214.5
2024-12-23,0.0,0.0,0.0
2024-12-24,31.44,-1.61,29.830000000000002
2024-12-26,-45.69,-73.95,-119.64
2024-12-27,-81.86,-142.28,-224.14
2024-12-30,0.0,0.0,0.0
2024-12-31,75.03,57.8,132.82999999999998
2025-01-02,103.72,150.26,253.98
2025-01-03,47.2,106.36,153.56
2025-01-06,0.0,0.0,0.0
2025-01-07,50.23,94.77,145.0
2025-01-08,-102.88,0.54,-102.33999999999999
2025-01-10,-188.32,-103.62,-291.94
2025-01-13,0.0,0.0,0.0
2025-01-14,99.94,100.05,199.99
2025-01-15,306.29,340.76,647.05
2025-01-16,1.61,-9.05,-7.44
2025-01-17,127.75,155.61,283.36
2025-01-21,0.0,0.0,0.0
2025-01-22,-29.23,65.31,36.08
2025-01-23,-73.59,4.69,-68.9
2025-01-24,-29.31,-34.08,-63.39
2025-01-27,0.0,0.0,0.0
2025-01-28,7.41,0.51,7.92
2025-01-29,-8.47,-12.31,-20.78
2025-01-30,116.67,-38.57,78.1
2025-01-31,8.4,60.98,69.38
2025-02-03,0.0,0.0,0.0
2025-02-04,-17.15,-3.62,-20.77
2025-02-05,57.64,7.23,64.87
2025-02-06,52.29,32.81,85.1
2025-02-07,5.77,16.96,22.73
2025-02-10,0.0,0.0,0.0
2025-02-11,-108.34,-76.02,-184.36
2025-02-12,-186.85,-198.47,-385.32
2025-02-13,69.73,82.42,152.15
2025-02-14,57.84,-9.26,48.580000000000005
2025-02-18,0.0,0.0,0.0
2025-02-19,-99.27,-62.92,-162.19
2025-02-20,-24.91,-74.66,-99.57
2025-02-21,87.73,-173.13,-85.39999999999999
2025-02-24,0.0,0.0,0.0
2025-02-25,4.44,48.69,53.129999999999995
2025-02-26,31.19,14.24,45.43
2025-02-27,-7.23,2.12,-5.11
2025-02-28,-46.88,32.98,-13.900000000000006
2025-03-03,0.0,0.0,0.0
2025-03-04,-168.37,-135.17,-303.53999999999996
2025-03-05,-2.91,-24.32,-27.23
2025-03-06,-162.25,-224.47,-386.72
2025-03-07,-21.04,-105.81,-126.85
2025-03-10,0.0,0.0,0.0
2025-03-11,20.32,-66.32,-45.99999999999999
2025-03-12,130.86,121.45,252.31
2025-03-13,4.77,-35.56,-30.790000000000003
2025-03-14,129.02,109.7,238.72000000000003
2025-03-17,0.0,0.0,0.0
2025-03-18,-92.89,-46.63,-139.52
2025-03-19,1.77,56.32,58.09
2025-03-20,-124.4,-142.76,-267.15999999999997
2025-03-21,-140.4,-227.17,-367.57
2025-03-24,0.0,0.0,0.0
2025-03-25,-16.66,42.16,25.499999999999996
2025-03-26,8.66,27.55,36.21
2025-03-27,-15.76,-33.07,-48.83
2025-03-28,-9.38,-53.84,-63.220000000000006
2025-03-31,0.0,0.0,0.0
2025-04-01,-37.28,-85.44,-122.72
2025-04-02,-168.98,-182.5,-351.48
2025-04-03,-571.78,-604.39,-1176.17
2025-04-04,-445.53,-595.16,-1040.69
2025-04-07,0.0,0.0,0.0
2025-04-08,402.84,835.73,1238.57
2025-04-09,-149.6,-284.55,-434.15
2025-04-10,-334.43,-357.58,-692.01
2025-04-11,-48.83,-81.35,-130.18
2025-04-14,0.0,0.0,0.0
2025-04-15,-18.65,13.61,-5.039999999999999
2025-04-16,-71.32,-83.74,-155.06
2025-04-17,-0.65,-308.95,-309.59999999999997
2025-04-21,-105.46,-169.28,-274.74
2025-04-22,153.63,267.0,420.63
2025-04-23,342.32,434.94,777.26
2025-04-24,32.17,-25.56,6.610000000000003
2025-04-25,-86.56,-62.53,-149.09
2025-04-28,0.0,0.0,0.0
2025-04-29,-33.24,6.86,-26.380000000000003
2025-04-30,-183.58,-156.68,-340.26
2025-05-01,56.07,127.38,183.45
2025-05-02,133.7,243.3,377.0
2025-05-05,0.0,0.0,0.0
2025-05-06,-148.93,-215.88,-364.81
2025-05-07,76.21,89.01,165.22
2025-05-08,139.79,107.99,247.77999999999997
2025-05-09,14.31,28.9,43.21
2025-05-12,0.0,0.0,0.0
2025-05-13,54.82,-85.67,-30.85
2025-05-14,-40.25,28.92,-11.329999999999998
2025-05-15,-17.98,-113.74,-131.72
2025-05-16,11.53,8.69,20.22
2025-05-19,0.0,0.0,0.0
2025-05-20,-21.82,-37.61,-59.43
2025-05-21,-144.33,-212.76,-357.09000000000003
2025-05-22,-58.45,-49.98,-108.43
2025-05-23,-207.81,-270.46,-478.27
2025-05-27,0.0,0.0,0.0
2025-05-28,-4.04,-9.22,-13.260000000000002
2025-05-29,79.39,51.84,131.23000000000002
2025-05-30,-62.86,-19.6,-82.46000000000001
2025-06-02,0.0,0.0,0.0
2025-06-03,36.74,-41.25,-4.509999999999998
2025-06-04,2.87,18.36,21.23
2025-06-05,10.36,49.79,60.15
2025-06-06,167.73,201.23,368.96
2025-06-09,0.0,0.0,0.0
2025-06-10,60.75,-6.71,54.04
2025-06-11,55.93,8.03,63.96
2025-06-12,-86.49,-77.63,-164.12
2025-06-13,-170.84,-238.79,-409.63
2025-06-16,0.0,0.0,0.0
2025-06-17,-99.63,-101.43,-201.06
2025-06-18,-8.06,27.18,19.119999999999997
2025-06-20,80.7,27.2,107.9
2025-06-23,0.0,0.0,0.0
2025-06-24,82.72,149.12,231.84
2025-06-25,8.95,-6.94,2.009999999999999
2025-06-26,41.31,47.08,88.39
2025-06-27,32.86,63.07,95.93
2025-06-30,0.0,0.0,0.0
2025-07-01,-70.05,-24.53,-94.58
2025-07-02,14.86,-14.47,0.3899999999999988
2025-07-03,49.94,47.58,97.52
2025-07-07,-85.51,-46.69,-132.2
2025-07-08,40.13,-22.27,17.860000000000003
2025-07-09,66.7,103.47,170.17000000000002
2025-07-10,-17.17,-9.31,-26.480000000000004
2025-07-11,-89.67,-149.9,-239.57
2025-07-14,0.0,0.0,0.0
2025-07-15,42.46,-3.1,39.36
2025-07-16,70.17,85.17,155.34
2025-07-17,-0.54,-21.31,-21.849999999999998
2025-07-18,72.35,28.42,100.77
2025-07-21,0.0,0.0,0.0
2025-07-22,5.39,-32.67,-27.28
2025-07-23,80.07,115.26,195.32999999999998
2025-07-24,-65.37,-168.05,-233.42000000000002
2025-07-25,41.32,20.58,61.9
2025-07-28,0.0,0.0,0.0
2025-07-29,73.86,12.31,86.17
2025-07-30,49.03,10.3,59.33
2025-07-31,-64.71,24.82,-39.88999999999999
2025-08-01,-179.35,-188.65,-368.0
2025-08-04,0.0,0.0,0.0
2025-08-05,43.69,-2.08,41.61
2025-08-06,1.09,46.4,47.49
2025-08-07,114.77,118.13,232.89999999999998
2025-08-08,62.21,52.82,115.03
2025-08-11,0.0,0.0,0.0
2025-08-12,81.15,84.67,165.82
2025-08-13,74.6,90.0,164.6
2025-08-14,-149.43,-89.55,-238.98000000000002
2025-08-15,18.93,142.87,161.8
2025-08-18,0.0,0.0,0.0
2025-08-19,-2.11,38.41,36.3
2025-08-20,-18.03,20.48,2.4499999999999993
2025-08-21,-58.01,-85.99,-144.0
2025-08-22,69.55,122.19,191.74
2025-08-25,0.0,0.0,0.0
2025-08-26,19.1,-19.8,-0.6999999999999993
2025-08-27,-30.73,-13.66,-44.39
2025-08-28,48.31,23.2,71.51
2025-08-29,22.35,-38.26,-15.909999999999997
2025-09-02,0.0,0.0,0.0
2025-09-03,-36.42,-40.05,-76.47
2025-09-04,24.64,10.15,34.79
2025-09-05,54.27,2.52,56.790000000000006
2025-09-08,0.0,0.0,0.0
2025-09-09,-21.65,-13.61,-35.26
2025-09-10,20.77,-18.58,2.1900000000000013
2025-09-11,18.78,45.4,64.18
2025-09-12,-31.4,-35.85,-67.25
2025-09-15,0.0,0.0,0.0
2025-09-16,-48.13,-1.0,-49.13
2025-09-17,24.17,46.12,70.28999999999999
2025-09-18,91.4,-5.48,85.92
2025-09-19,30.88,1.99,32.87
2025-09-22,0.0,0.0,0.0
2025-09-23,27.49,25.55,53.04
2025-09-24,-1.97,22.36,20.39
2025-09-25,-134.08,-57.87,-191.95000000000002
2025-09-26,12.53,91.62,104.15
2025-09-29,0.0,0.0,0.0
2025-09-30,-27.32,-24.09,-51.41
2025-10-01,-72.4,-59.51,-131.91
2025-10-02,19.79,0.5,20.29
2025-10-03,62.94,31.15,94.09
2025-10-06,0.0,0.0,0.0
2025-10-07,23.82,32.52,56.34
2025-10-08,52.09,63.67,115.76
2025-10-09,-21.4,1.97,-19.43
2025-10-10,27.41,74.92,102.33
2025-10-13,0.0,0.0,0.0
2025-10-14,-157.61,-189.2,-346.81
2025-10-15,117.14,91.94,209.07999999999998
2025-10-16,26.84,30.32,57.16
2025-10-17,-89.59,-18.01,-107.60000000000001
2025-10-20,0.0,0.0,0.0
2025-10-21,-37.23,0.98,-36.25
2025-10-22,-50.52,-2.45,-52.970000000000006
2025-10-23,42.4,-15.8,26.599999999999998
2025-10-24,163.13,133.38,296.51
2025-10-27,0.0,0.0,0.0
2025-10-28,-39.79,165.48,125.69
2025-10-29,-7.71,70.86,63.15
2025-10-30,-81.16,-118.25,-199.41
2025-10-31,3.92,34.37,38.29
2025-11-03,0.0,0.0,0.0
2025-11-04,-180.89,-152.03,-332.91999999999996
2025-11-05,33.33,-9.28,24.049999999999997
2025-11-06,-25.5,-52.02,-77.52000000000001
2025-11-07,-100.34,-52.44,-152.78
2025-11-10,0.0,0.0,0.0
2025-11-11,-35.16,22.33,-12.829999999999998
2025-11-12,25.54,47.97,73.50999999999999
2025-11-13,-92.58,-68.6,-161.18
2025-11-14,-178.86,-168.58,-347.44000000000005
2025-11-17,0.0,0.0,0.0
2025-11-18,-79.38,-206.66,-286.03999999999996
2025-11-19,13.36,6.98,20.34
2025-11-20,190.67,242.56,433.23
2025-11-21,39.8,70.79,110.59
2025-11-24,0.0,0.0,0.0
2025-11-25,38.76,54.97,93.72999999999999
2025-11-26,-7.34,48.33,40.989999999999995
2025-11-28,30.08,22.79,52.87
2025-12-01,0.0,0.0,0.0
2025-12-02,80.59,36.93,117.52000000000001
2025-12-03,35.23,-23.23,11.999999999999996
2025-12-04,-35.09,10.55,-24.540000000000003
2025-12-05,-19.3,14.88,-4.42
2025-12-08,0.0,0.0,0.0
2025-12-09,-33.95,-6.25,-40.2
2025-12-10,-26.25,-17.86,-44.11
2025-12-11,-10.36,36.79,26.43
2025-12-12,3.26,35.35,38.61
2025-12-15,0.0,0.0,0.0
2025-12-16,-79.53,-36.03,-115.56
2025-12-17,19.93,37.7,57.63
2025-12-18,141.24,110.73,251.97000000000003
2025-12-19,23.64,4.31,27.95
2025-12-22,0.0,0.0,0.0
2025-12-23,-58.67,-62.32,-120.99000000000001
2025-12-24,-8.09,-3.32,-11.41
2025-12-26,9.99,-7.56,2.4300000000000006
2025-12-29,0.0,0.0,0.0
2025-12-30,1.44,0.0,1.44
2025-12-31,2.9,-0.48,2.42
2026-01-02,66.28,57.91,124.19
2026-01-05,0.0,0.0,0.0
2026-01-06,-27.06,-24.42,-51.480000000000004
2026-01-07,11.71,46.03,57.74
2026-01-08,-39.45,-103.5,-142.95
2026-01-09,57.14,14.01,71.15
2026-01-12,0.0,0.0,0.0
2026-01-13,39.0,-18.55,20.45
2026-01-14,-13.77,-60.31,-74.08
2026-01-15,35.33,35.09,70.42
2026-01-16,13.56,-3.26,10.3
2026-01-20,0.0,0.0,0.0
2026-01-21,88.17,31.3,119.47
2026-01-22,89.62,122.77,212.39
2026-01-23,-37.35,-91.3,-128.65
2026-01-26,0.0,0.0,0.0
2026-01-27,0.45,-158.74,-158.29000000000002
2026-01-28,54.39,8.45,62.84
2026-01-29,31.44,-7.98,23.46
2026-01-30,-107.97,-53.02,-160.99
2026-02-02,0.0,0.0,0.0
2026-02-03,38.45,-45.62,-7.169999999999995
2026-02-04,59.35,71.47,130.82
2026-02-05,-96.26,-111.54,-207.8
2026-02-06,180.09,161.83,341.92
2026-02-09,0.0,0.0,0.0
2026-02-10,13.49,49.56,63.050000000000004
2026-02-11,100.52,101.72,202.24
2026-02-12,90.57,80.74,171.31
2026-02-13,44.84,15.81,60.650000000000006
2026-02-17,0.0,0.0,0.0
2026-02-18,-3.65,38.96,35.31
2026-02-19,-68.17,-68.72,-136.89
2026-02-20,-82.98,-88.39,-171.37
2026-02-23,0.0,0.0,0.0
2026-02-24,-7.83,14.61,6.779999999999999
2026-02-25,84.75,85.12,169.87
2026-02-26,17.01,100.4,117.41000000000001
2026-02-27,-176.63,-248.37,-425.0
2026-03-02,0.0,0.0,0.0
2026-03-03,-322.45,-428.28,-750.73
2026-03-04,87.01,47.37,134.38
2026-03-05,-129.27,-186.73,-316.0
2026-03-06,-251.37,-297.16,-548.53
2026-03-09,0.0,0.0,0.0
2026-03-10,-34.06,-10.59,-44.650000000000006
2026-03-11,-52.56,-20.7,-73.26
2026-03-12,-188.86,-220.87,-409.73
2026-03-13,84.86,119.06,203.92000000000002
2026-03-16,0.0,0.0,0.0
2026-03-17,44.35,149.41,193.76
2026-03-18,-83.48,-107.44,-190.92000000000002
2026-03-19,-150.2,-156.45,-306.65
2026-03-20,-34.89,-119.71,-154.6
2026-03-23,0.0,0.0,0.0
2026-03-24,-97.46,-178.24,-275.7
2026-03-25,138.89,226.93,365.82
2026-03-26,-144.35,-133.78,-278.13
2026-03-27,-71.29,-101.14,-172.43
2026-03-30,0.0,0.0,0.0
2026-03-31,168.76,241.67,410.42999999999995
2026-04-01,91.45,138.54,229.99
2026-04-02,-224.54,-267.76,-492.29999999999995
2026-04-06,-15.76,-45.5,-61.26
2026-04-07,-58.48,-54.69,-113.16999999999999
2026-04-08,404.17,638.24,1042.41
2026-04-09,-79.7,-82.08,-161.78
2026-04-10,17.86,13.13,30.990000000000002
2026-04-13,0.0,0.0,0.0
2026-04-14,89.18,11.93,101.11000000000001
2026-04-15,0.89,43.1,43.99
2026-04-16,-1.34,52.67,51.33
2026-04-17,164.89,230.58,395.47
2026-04-20,0.0,0.0,0.0
2026-04-21,33.31,132.13,165.44
2026-04-22,132.66,179.71,312.37
2026-04-23,7.81,-104.13,-96.32
2026-04-24,46.16,-1.87,44.29
2026-04-27,0.0,0.0,0.0
2026-04-28,-48.93,73.88,24.949999999999996
2026-04-29,-3.07,-23.87,-26.94
2026-04-30,43.66,104.47,148.13
2026-05-01,28.93,101.43,130.36
2026-05-04,0.0,0.0,0.0
2026-05-05,92.39,104.75,197.14
2026-05-06,115.07,185.69,300.76
2026-05-07,27.61,67.29,94.9
2026-05-08,71.19,115.94,187.13
2026-05-11,0.0,0.0,0.0
2026-05-12,-59.28,-33.77,-93.05000000000001
2026-05-13,11.89,-84.99,-73.1
2026-05-14,46.27,194.77,241.04000000000002
2026-05-15,-178.0,-164.62,-342.62
2026-05-18,0.0,0.0,0.0
2026-05-19,-98.03,-100.89,-198.92000000000002
2026-05-20,80.43,85.67,166.10000000000002
2026-05-21,-54.02,-70.34,-124.36000000000001
2026-05-22,64.77,177.38,242.14999999999998
2026-05-26,0.0,0.0,0.0
2026-05-27,24.57,27.77,52.34
2026-05-28,-32.65,-72.14,-104.78999999999999
2026-05-29,-29.79,34.02,4.230000000000004
2026-06-01,0.0,0.0,0.0
2026-06-02,-24.5,-109.27,-133.76999999999998
2026-06-03,-70.76,-131.98,-202.74
2026-06-04,-6.67,243.92,237.25
2026-06-05,-122.05,45.41,-76.64
2026-06-08,0.0,0.0,0.0
2026-06-09,126.27,117.96,244.23
2026-06-10,-18.95,-91.42,-110.37
2026-06-11,100.41,134.72,235.13
2026-06-12,48.76,157.59,206.35
2026-06-15,0.0,0.0,0.0
2026-06-16,30.13,80.73,110.86
2026-06-17,11.09,-12.79,-1.6999999999999993
2026-06-18,191.66,95.33,286.99
2026-06-22,60.09,57.11,117.2
2026-06-23,-201.19,-105.87,-307.06
2026-06-24,20.32,-21.81,-1.4899999999999984
2026-06-25,110.39,116.21,226.6
2026-06-26,-92.35,-106.73,-199.07999999999998
2026-06-29,0.0,0.0,0.0
2026-06-30,-18.46,26.89,8.43
2026-07-01,-26.76,-40.07,-66.83
2026-07-02,46.5,135.15,181.65
2026-07-06,6.05,42.26,48.309999999999995
2026-07-07,8.83,102.84,111.67
2026-07-08,-90.74,-226.3,-317.04
2026-07-09,70.73,38.28,109.01
2026-07-10,14.53,68.0,82.53
2026-07-13,0.0,0.0,0.0
2026-07-14,81.77,-49.34,32.42999999999999
2026-07-15,28.11,50.85,78.96000000000001
2026-07-16,-48.28,32.79,-15.490000000000002
2026-07-17,-148.55,-227.45,-376.0
2026-07-20,0.0,0.0,0.0
2026-07-21,43.1,73.72,116.82
2026-07-22,-35.61,0.44,-35.17
2026-07-23,-120.08,-286.22,-406.3
2026-07-24,50.94,44.55,95.49
2026-07-27,0.0,0.0,0.0
2026-07-28,6.96,211.31,218.27
2026-07-29,-38.45,-199.9,-238.35000000000002
2026-07-30,103.11,151.72,254.82999999999998
2026-07-31,38.96,109.81,148.77
2026-08-03,0.0,0.0,0.0
2026-08-04,53.06,285.3,338.36
2026-08-05,27.05,118.75,145.8
2026-08-06,-9.21,40.25,31.04
2026-08-07,86.29,17.95,104.24000000000001
2026-08-10,0.0,0.0,0.0
2026-08-11,35.2,35.41,70.61
2026-08-12,77.73,69.77,147.5
2026-08-13,50.34,66.37,116.71000000000001
2026-08-14,-11.07,-23.3,-34.370000000000005
2026-08-17,0.0,0.0,0.0
2026-08-18,-67.08,-39.18,-106.25999999999999
2026-08-19,102.3,101.41,203.70999999999998
2026-08-20,-100.21,-174.74,-274.95
2026-08-21,85.05,106.38,191.43
2026-08-24,0.0,0.0,0.0
2026-08-25,63.22,115.94,179.16
2026-08-26,-27.26,1.72,-25.540000000000003
2026-08-27,-8.83,-31.0,-39.83
2026-08-28,-7.6,55.87,48.269999999999996
2026-08-31,0.0,0.0,0.0
2026-09-01,-82.06,-128.5,-210.56
2026-09-02,36.33,74.96,111.28999999999999
2026-09-03,70.6,143.89,214.48999999999998
2026-09-04,-63.0,-79.67,-142.67000000000002
