day,side,notional,entry_ts,entry_s,exit_ts,exit_s,pnl,reason_out,costs,qty
2016-01-12,-1,60000,2016-01-12 09:30:00-06:00,0.00463,2016-01-12 14:52:00-06:00,0.0035,40.95,flatten,49.6,1
2016-01-13,1,60000,2016-01-13 11:00:00-06:00,-0.00312,2016-01-13 13:00:00-06:00,-0.00759,-264.47,stop,49.85,1
2016-01-14,-1,60000,2016-01-14 13:30:00-06:00,0.00488,2016-01-14 14:52:00-06:00,0.00484,-12.96,flatten,49.95,1
2016-01-20,-1,59106,2016-01-20 13:00:00-06:00,0.00824,2016-01-20 14:52:00-06:00,0.00879,-24.56,flatten,51.4,1
2016-01-21,1,60000,2016-01-21 10:30:00-06:00,-0.0029,2016-01-21 14:52:00-06:00,-0.00559,-129.54,flatten,51.38,1
2016-01-22,-1,60000,2016-01-22 10:00:00-06:00,0.00332,2016-01-22 14:52:00-06:00,0.00517,-70.07,flatten,50.62,1
2016-01-25,-1,60000,2016-01-25 09:30:00-06:00,0.00307,2016-01-25 14:30:00-06:00,0.00117,109.18,reverted,50.47,1
2016-01-26,1,60000,2016-01-26 09:30:00-06:00,-0.00603,2016-01-26 14:52:00-06:00,-0.00415,81.36,flatten,50.74,1
2016-01-27,1,60000,2016-01-27 09:30:00-06:00,-0.00602,2016-01-27 14:00:00-06:00,-0.01004,-237.3,stop,51.1,1
2016-01-28,1,60000,2016-01-28 09:30:00-06:00,-0.00414,2016-01-28 10:00:00-06:00,-0.00089,194.61,reverted,51.44,1
2016-02-02,1,60000,2016-02-02 12:30:00-06:00,-0.00476,2016-02-02 14:52:00-06:00,-0.00798,-196.13,flatten,50.45,1
2016-02-03,1,60000,2016-02-03 09:30:00-06:00,-0.00405,2016-02-03 11:30:00-06:00,-0.00722,-189.29,stop,51.44,1
2016-02-05,1,60000,2016-02-05 09:30:00-06:00,-0.00852,2016-02-05 10:30:00-06:00,-0.01247,-233.06,stop,51.45,1
2016-02-09,-1,60000,2016-02-09 09:30:00-06:00,0.00571,2016-02-09 11:30:00-06:00,0.00132,268.53,reverted,52.67,1
2016-02-11,-1,53642,2016-02-11 12:00:00-06:00,0.00698,2016-02-11 14:52:00-06:00,0.00814,-154.05,flatten,47.64,1
2016-02-12,1,60000,2016-02-12 10:00:00-06:00,-0.00517,2016-02-12 14:52:00-06:00,-0.00546,23.32,flatten,52.72,1
2016-02-18,1,60000,2016-02-18 10:00:00-06:00,-0.00517,2016-02-18 14:52:00-06:00,-0.00838,-181.62,flatten,50.46,1
2016-02-19,-1,60000,2016-02-19 09:30:00-06:00,0.00448,2016-02-19 14:00:00-06:00,0.002,140.59,reverted,50.69,1
2016-02-24,-1,48525,2016-02-24 13:30:00-06:00,0.00676,2016-02-24 14:52:00-06:00,0.00729,7.54,flatten,40.76,1
2016-03-01,-1,60000,2016-03-01 10:00:00-06:00,0.00393,2016-03-01 14:52:00-06:00,0.00615,-125.41,flatten,49.44,1
2016-03-02,1,60000,2016-03-02 10:30:00-06:00,-0.00523,2016-03-02 14:52:00-06:00,-0.0047,24.72,flatten,48.88,1
2016-03-03,1,60000,2016-03-03 10:30:00-06:00,-0.00417,2016-03-03 14:52:00-06:00,-0.00572,-105.24,flatten,48.97,1
2016-03-07,1,60000,2016-03-07 09:30:00-06:00,-0.00588,2016-03-07 14:52:00-06:00,-0.00716,-26.4,flatten,48.79,1
2016-03-08,-1,60000,2016-03-08 10:00:00-06:00,0.00477,2016-03-08 14:52:00-06:00,0.0032,83.92,flatten,49.02,1
2016-03-10,1,60000,2016-03-10 12:00:00-06:00,-0.00497,2016-03-10 14:52:00-06:00,-0.0039,97.68,flatten,49.28,1
2016-03-14,-1,60000,2016-03-14 09:30:00-05:00,0.00371,2016-03-14 14:52:00-05:00,0.00361,9.26,flatten,48.14,1
2016-03-17,1,60000,2016-03-17 13:30:00-05:00,-0.00587,2016-03-17 14:52:00-05:00,-0.00477,65.61,flatten,47.55,1
2016-03-18,1,60000,2016-03-18 09:30:00-05:00,-0.00416,2016-03-18 10:30:00-05:00,-0.00147,161.64,reverted,47.74,1
2016-03-29,-1,60000,2016-03-29 10:00:00-05:00,0.00342,2016-03-29 13:30:00-05:00,0.00632,-174.94,stop,47.83,1
2016-03-30,-1,60000,2016-03-30 09:30:00-05:00,0.00303,2016-03-30 10:30:00-05:00,-0.00057,213.33,reverted,46.92,1
2016-04-01,-1,60000,2016-04-01 10:00:00-05:00,0.00299,2016-04-01 14:52:00-05:00,0.00377,-0.95,flatten,47.01,1
2016-04-06,-1,60000,2016-04-06 11:30:00-05:00,0.00286,2016-04-06 14:52:00-05:00,0.00474,-101.59,flatten,47.01,1
2016-04-07,1,60000,2016-04-07 10:00:00-05:00,-0.00368,2016-04-07 14:52:00-05:00,-0.00335,19.52,flatten,47.23,1
2016-04-08,1,60000,2016-04-08 10:30:00-05:00,-0.00333,2016-04-08 11:30:00-05:00,-0.00573,-141.35,stop,47.19,1
2016-04-12,1,60000,2016-04-12 09:30:00-05:00,-0.00294,2016-04-12 14:00:00-05:00,-0.00105,113.98,reverted,47.57,1
2016-04-13,-1,60000,2016-04-13 09:30:00-05:00,0.00285,2016-04-13 11:00:00-05:00,-0.00022,183.55,reverted,46.62,1
2016-04-18,1,60000,2016-04-18 11:00:00-05:00,-0.00333,2016-04-18 14:52:00-05:00,-0.00229,81.74,flatten,46.45,1
2016-04-19,1,60000,2016-04-19 09:30:00-05:00,-0.00639,2016-04-19 11:00:00-05:00,-0.00934,-169.97,stop,46.29,1
2016-05-17,1,60000,2016-05-17 10:00:00-05:00,-0.00274,2016-05-17 14:52:00-05:00,-0.00419,-46.88,flatten,47.58,1
2016-05-24,-1,60000,2016-05-24 09:30:00-05:00,0.00309,2016-05-24 12:30:00-05:00,0.00514,-129.05,stop,47.17,1
2016-06-24,1,60000,2016-06-24 11:30:00-05:00,-0.00314,2016-06-24 14:52:00-05:00,-0.00243,32.02,flatten,48.05,1
2016-06-27,1,60000,2016-06-27 10:00:00-05:00,-0.00281,2016-06-27 14:52:00-05:00,-0.00285,-20.85,flatten,49.53,1
2016-06-28,-1,60000,2016-06-28 09:30:00-05:00,0.00431,2016-06-28 14:52:00-05:00,0.00251,82.4,flatten,48.71,1
2016-06-29,-1,60000,2016-06-29 12:30:00-05:00,0.00253,2016-06-29 14:52:00-05:00,0.00075,86.29,flatten,47.68,1
2016-07-01,-1,60000,2016-07-01 09:30:00-05:00,0.00291,2016-07-01 14:52:00-05:00,0.00295,-1.68,flatten,46.72,1
2016-07-06,-1,60000,2016-07-06 09:30:00-05:00,0.00308,2016-07-06 10:30:00-05:00,0.00514,-126.48,stop,47.37,1
2016-07-07,-1,60000,2016-07-07 12:30:00-05:00,0.00287,2016-07-07 14:52:00-05:00,0.00374,-56.66,flatten,46.84,1
2016-07-08,-1,60000,2016-07-08 10:00:00-05:00,0.00298,2016-07-08 14:52:00-05:00,0.00275,26.53,flatten,46.22,1
2016-07-12,1,60000,2016-07-12 13:00:00-05:00,-0.00385,2016-07-12 14:52:00-05:00,-0.00267,62.23,flatten,45.59,1
2016-07-18,-1,60000,2016-07-18 09:30:00-05:00,0.00315,2016-07-18 14:52:00-05:00,0.0038,-48.95,flatten,45.25,1
2016-09-15,-1,60000,2016-09-15 09:30:00-05:00,0.00307,2016-09-15 14:52:00-05:00,0.00428,-54.92,flatten,44.77,1
2016-09-19,1,60000,2016-09-19 10:00:00-05:00,-0.00312,2016-09-19 14:52:00-05:00,-0.00324,-34.57,flatten,44.62,1
2016-09-27,-1,60000,2016-09-27 09:30:00-05:00,0.00257,2016-09-27 14:52:00-05:00,0.00319,-59.42,flatten,44.45,1
2016-11-07,-1,60000,2016-11-07 10:30:00-06:00,0.0017,2016-11-07 11:30:00-06:00,0.00073,59.61,reverted,45.03,1
2016-11-08,-1,60000,2016-11-08 11:30:00-06:00,0.00218,2016-11-08 14:52:00-06:00,0.00138,2.5,flatten,44.58,1
2016-11-09,1,60000,2016-11-09 11:00:00-06:00,-0.00223,2016-11-09 12:00:00-06:00,-0.00065,106.53,reverted,44.42,1
2016-11-10,1,60000,2016-11-10 09:30:00-06:00,-0.01905,2016-11-10 10:00:00-06:00,-0.02073,-113.33,stop,44.78,1
2016-11-14,1,60000,2016-11-14 09:30:00-06:00,-0.00622,2016-11-14 10:00:00-06:00,-0.0087,-147.4,stop,44.74,1
2016-11-15,-1,60000,2016-11-15 09:30:00-06:00,0.00564,2016-11-15 14:52:00-06:00,0.00113,161.54,flatten,44.47,1
2016-11-16,-1,60000,2016-11-16 09:30:00-06:00,0.00558,2016-11-16 11:30:00-06:00,0.00929,-236.4,stop,44.37,1
2016-11-30,1,42026,2016-11-30 11:00:00-06:00,-0.00734,2016-11-30 14:52:00-06:00,-0.00773,-28.14,flatten,30.66,1
2016-12-01,1,55164,2016-12-01 09:30:00-06:00,-0.00664,2016-12-01 14:52:00-06:00,-0.0111,-246.66,flatten,40.55,1
2016-12-13,-1,60000,2016-12-13 09:30:00-06:00,0.01017,2016-12-13 14:52:00-06:00,0.00626,180.16,flatten,42.63,1
2016-12-19,-1,60000,2016-12-19 10:00:00-06:00,0.00398,2016-12-19 14:30:00-06:00,0.00148,148.63,reverted,42.82,1
2017-05-22,-1,60000,2017-05-22 09:30:00-05:00,0.00223,2017-05-22 14:52:00-05:00,0.00364,-63.94,flatten,39.02,1
2017-05-25,-1,60000,2017-05-25 13:30:00-05:00,0.00399,2017-05-25 14:52:00-05:00,0.00255,77.9,flatten,38.48,1
2017-05-31,1,60000,2017-05-31 09:30:00-05:00,-0.00279,2017-05-31 14:52:00-05:00,-0.00201,-1.91,flatten,38.6,1
2017-06-01,1,60000,2017-06-01 09:30:00-05:00,-0.00316,2017-06-01 14:52:00-05:00,-0.00335,17.66,flatten,38.48,1
2017-06-09,1,60000,2017-06-09 09:30:00-05:00,-0.00255,2017-06-09 10:30:00-05:00,-0.00651,-246.29,stop,37.9,1
2017-06-12,1,60000,2017-06-12 09:30:00-05:00,-0.00305,2017-06-12 10:00:00-05:00,-0.00033,163.29,reverted,38.74,1
2017-06-13,1,60000,2017-06-13 10:00:00-05:00,-0.00274,2017-06-13 11:00:00-05:00,-0.00016,155.57,reverted,38.51,1
2017-06-14,1,60000,2017-06-14 14:00:00-05:00,-0.00549,2017-06-14 14:52:00-05:00,-0.00567,-36.54,flatten,38.51,1
2017-06-15,1,60000,2017-06-15 09:30:00-05:00,-0.00417,2017-06-15 12:00:00-05:00,-0.00047,224.62,reverted,38.81,1
2017-06-16,1,60000,2017-06-16 10:00:00-05:00,-0.00234,2017-06-16 13:00:00-05:00,-0.00064,102.53,reverted,38.87,1
2017-06-19,-1,60000,2017-06-19 10:00:00-05:00,0.00255,2017-06-19 14:52:00-05:00,0.00292,-55.41,flatten,38.38,1
2017-06-21,-1,60000,2017-06-21 09:30:00-05:00,0.0031,2017-06-21 10:00:00-05:00,0.00497,-111.1,stop,38.5,1
2017-06-23,-1,60000,2017-06-23 12:30:00-05:00,0.00381,2017-06-23 14:52:00-05:00,0.00394,-15.05,flatten,38.33,1
2017-06-26,1,60000,2017-06-26 09:30:00-05:00,-0.00349,2017-06-26 10:00:00-05:00,-0.00586,-132.19,stop,38.21,1
2017-06-27,1,60000,2017-06-27 12:00:00-05:00,-0.00443,2017-06-27 14:52:00-05:00,-0.00781,-190.72,flatten,38.62,1
2017-06-29,1,60000,2017-06-29 09:30:00-05:00,-0.00315,2017-06-29 10:30:00-05:00,-0.00633,-190.85,stop,38.72,1
2017-07-03,1,60000,2017-07-03 09:30:00-05:00,-0.00618,2017-07-03 10:00:00-05:00,-0.01079,-282.59,stop,38.81,1
2017-07-05,-1,60000,2017-07-05 10:30:00-05:00,0.00543,2017-07-05 14:52:00-05:00,0.00631,-82.8,flatten,38.86,1
2017-07-07,-1,60000,2017-07-07 09:30:00-05:00,0.00342,2017-07-07 14:52:00-05:00,0.00346,-31.57,flatten,38.98,1
2017-07-11,-1,60000,2017-07-11 09:30:00-05:00,0.00389,2017-07-11 14:52:00-05:00,0.00429,-0.07,flatten,38.68,1
2017-08-17,1,60000,2017-08-17 09:30:00-05:00,-0.00318,2017-08-17 14:52:00-05:00,-0.00413,-38.69,flatten,37.97,1
2017-08-21,1,60000,2017-08-21 09:30:00-05:00,-0.00389,2017-08-21 14:52:00-05:00,-0.00233,70.16,flatten,38.55,1
2017-08-24,1,60000,2017-08-24 09:30:00-05:00,-0.00278,2017-08-24 10:30:00-05:00,-0.00506,-135.73,stop,38.1,1
2017-08-25,1,60000,2017-08-25 10:00:00-05:00,-0.00364,2017-08-25 14:52:00-05:00,-0.00429,-48.81,flatten,38.08,1
2017-08-28,-1,60000,2017-08-28 10:00:00-05:00,0.00342,2017-08-28 14:52:00-05:00,0.00199,90.51,flatten,38.04,1
2017-08-29,-1,60000,2017-08-29 09:30:00-05:00,0.00376,2017-08-29 14:52:00-05:00,0.00547,-108.27,flatten,38.19,1
2017-08-30,-1,60000,2017-08-30 09:30:00-05:00,0.00273,2017-08-30 13:00:00-05:00,0.0058,-182.95,stop,37.88,1
2017-09-08,1,60000,2017-09-08 11:00:00-05:00,-0.0049,2017-09-08 14:00:00-05:00,-0.0077,-166.14,stop,37.64,1
2017-09-15,-1,60000,2017-09-15 10:00:00-05:00,0.00455,2017-09-15 14:30:00-05:00,0.00151,184.52,reverted,37.25,1
2017-12-01,-1,60000,2017-12-01 09:30:00-06:00,0.00434,2017-12-01 14:52:00-06:00,0.00339,33.86,flatten,35.08,1
2017-12-04,1,60000,2017-12-04 09:30:00-06:00,-0.00792,2017-12-04 10:00:00-06:00,-0.0119,-241.54,stop,35.05,1
2017-12-05,-1,60000,2017-12-05 09:30:00-06:00,0.00725,2017-12-05 14:52:00-06:00,0.00558,80.13,flatten,35.24,1
2017-12-06,-1,60000,2017-12-06 09:30:00-06:00,0.00488,2017-12-06 14:52:00-06:00,0.00662,-70.61,flatten,35.42,1
2018-01-05,-1,60000,2018-01-05 11:00:00-06:00,0.00359,2018-01-05 14:52:00-06:00,0.00188,100.01,flatten,33.91,1
2018-01-12,-1,60000,2018-01-12 11:30:00-06:00,0.00329,2018-01-12 14:52:00-06:00,0.00342,-32.06,flatten,33.34,1
2018-01-24,1,60000,2018-01-24 11:00:00-06:00,-0.00392,2018-01-24 14:52:00-06:00,-0.00513,-86.35,flatten,32.59,1
2018-01-25,1,60000,2018-01-25 09:30:00-06:00,-0.00318,2018-01-25 10:30:00-06:00,-0.00095,131.07,reverted,32.61,1
2018-01-30,-1,60000,2018-01-30 10:30:00-06:00,0.00372,2018-01-30 14:52:00-06:00,0.00419,26.68,flatten,32.62,1
2018-02-01,-1,60000,2018-02-01 09:30:00-06:00,0.00289,2018-02-01 10:00:00-06:00,0.00568,-170.94,stop,32.69,1
2018-02-05,-1,60000,2018-02-05 09:30:00-06:00,0.00618,2018-02-05 14:52:00-06:00,0.00356,237.38,flatten,33.36,1
2018-02-06,-1,60000,2018-02-06 11:30:00-06:00,0.00358,2018-02-06 12:30:00-06:00,0.00715,-224.0,stop,34.62,1
2018-02-07,1,60000,2018-02-07 09:30:00-06:00,-0.00482,2018-02-07 12:00:00-06:00,-0.00745,-160.57,stop,34.03,1
2018-02-08,1,60000,2018-02-08 10:00:00-06:00,-0.0042,2018-02-08 14:52:00-06:00,-0.00697,-58.66,flatten,34.79,1
2018-02-09,1,60000,2018-02-09 11:30:00-06:00,-0.00415,2018-02-09 14:00:00-06:00,0.00072,298.78,reverted,36.25,1
2018-02-12,-1,60000,2018-02-12 11:00:00-06:00,0.00355,2018-02-12 12:00:00-06:00,0.00126,139.64,reverted,34.72,1
2018-02-13,-1,60000,2018-02-13 09:30:00-06:00,0.00412,2018-02-13 14:52:00-06:00,0.0027,91.3,flatten,34.78,1
2018-02-14,-1,60000,2018-02-14 09:30:00-06:00,0.00457,2018-02-14 14:52:00-06:00,0.00477,-27.05,flatten,34.4,1
2018-02-15,-1,60000,2018-02-15 09:30:00-06:00,0.00388,2018-02-15 10:00:00-06:00,0.00032,210.62,reverted,33.8,1
2018-02-20,-1,60000,2018-02-20 09:30:00-06:00,0.00636,2018-02-20 13:00:00-06:00,0.0096,-204.87,stop,33.6,1
2018-03-01,1,60000,2018-03-01 10:00:00-06:00,-0.00322,2018-03-01 14:52:00-06:00,-0.00292,4.09,flatten,33.61,1
2018-03-02,-1,60000,2018-03-02 09:30:00-06:00,0.00334,2018-03-02 10:30:00-06:00,0.00597,-145.94,stop,34.33,1
2018-03-06,-1,60000,2018-03-06 09:30:00-06:00,0.00393,2018-03-06 10:30:00-06:00,0.00066,201.27,reverted,33.29,1
2018-03-12,-1,60000,2018-03-12 11:00:00-05:00,0.00409,2018-03-12 14:52:00-05:00,0.00378,39.99,flatten,32.47,1
2018-03-13,1,60000,2018-03-13 10:00:00-05:00,-0.00225,2018-03-13 10:30:00-05:00,-0.00524,-181.46,stop,32.47,1
2018-03-14,-1,60000,2018-03-14 12:00:00-05:00,0.00398,2018-03-14 14:52:00-05:00,0.00401,-6.21,flatten,32.87,1
2018-03-16,1,60000,2018-03-16 11:00:00-05:00,-0.00505,2018-03-16 14:52:00-05:00,-0.0032,74.75,flatten,32.99,1
2018-03-19,1,60000,2018-03-19 10:30:00-05:00,-0.00367,2018-03-19 11:00:00-05:00,-0.00675,-188.94,stop,33.51,1
2018-03-20,-1,60000,2018-03-20 10:00:00-05:00,0.00263,2018-03-20 11:00:00-05:00,0.00042,135.01,reverted,33.49,1
2018-03-21,-1,60000,2018-03-21 09:30:00-05:00,0.00234,2018-03-21 11:00:00-05:00,0.00074,99.73,reverted,33.55,1
2018-03-22,-1,60000,2018-03-22 09:30:00-05:00,0.00231,2018-03-22 10:30:00-05:00,0.00072,97.43,reverted,33.95,1
2018-03-26,1,60000,2018-03-26 10:30:00-05:00,-0.00334,2018-03-26 12:00:00-05:00,-0.00087,144.76,reverted,35.01,1
2018-03-27,1,60000,2018-03-27 09:30:00-05:00,-0.0019,2018-03-27 10:00:00-05:00,-0.00397,-126.09,stop,34.23,1
2018-03-28,1,60000,2018-03-28 10:30:00-05:00,-0.0056,2018-03-28 11:30:00-05:00,0.0002,348.45,reverted,35.36,1
2018-03-29,1,60000,2018-03-29 09:30:00-05:00,-0.00295,2018-03-29 10:30:00-05:00,0.00114,238.49,reverted,35.14,1
2018-04-02,1,60000,2018-04-02 09:30:00-05:00,-0.00314,2018-04-02 11:30:00-05:00,0.00016,199.05,reverted,35.21,1
2018-04-03,1,60000,2018-04-03 09:30:00-05:00,-0.00597,2018-04-03 14:52:00-05:00,-0.00528,68.58,flatten,35.62,1
2018-04-04,-1,60000,2018-04-04 10:30:00-05:00,0.00401,2018-04-04 11:30:00-05:00,0.0068,-185.6,stop,35.32,1
2018-04-05,1,60000,2018-04-05 09:30:00-05:00,-0.00376,2018-04-05 14:52:00-05:00,-0.00489,-32.14,flatten,34.59,1
2018-04-09,-1,60000,2018-04-09 09:30:00-05:00,0.00465,2018-04-09 14:00:00-05:00,0.00145,194.8,reverted,34.9,1
2018-04-17,-1,60000,2018-04-17 10:00:00-05:00,0.0037,2018-04-17 11:30:00-05:00,0.00727,-216.08,stop,33.8,1
2018-04-20,1,60000,2018-04-20 10:30:00-05:00,-0.0042,2018-04-20 14:52:00-05:00,-0.00471,-10.89,flatten,34.3,1
2018-04-23,1,60000,2018-04-23 13:30:00-05:00,-0.00461,2018-04-23 14:52:00-05:00,-0.00471,-4.02,flatten,34.43,1
2018-04-24,1,60000,2018-04-24 09:30:00-05:00,-0.00478,2018-04-24 10:00:00-05:00,-0.00667,-109.78,stop,34.4,1
2018-04-25,1,60000,2018-04-25 09:30:00-05:00,-0.00428,2018-04-25 11:00:00-05:00,-0.00084,198.8,reverted,35.08,1
2018-04-27,1,60000,2018-04-27 09:30:00-05:00,-0.01133,2018-04-27 14:52:00-05:00,-0.01214,-31.87,flatten,34.35,1
2018-05-01,-1,60000,2018-05-01 09:30:00-05:00,0.00584,2018-05-01 14:52:00-05:00,0.00924,-221.4,flatten,34.63,1
2018-05-04,-1,60000,2018-05-04 10:00:00-05:00,0.00542,2018-05-04 14:52:00-05:00,0.00593,-16.14,flatten,34.34,1
2018-05-21,1,60000,2018-05-21 13:30:00-05:00,-0.00496,2018-05-21 14:52:00-05:00,-0.00321,90.21,flatten,33.33,1
2018-05-22,1,60000,2018-05-22 09:30:00-05:00,-0.00304,2018-05-22 14:00:00-05:00,-0.00089,120.09,reverted,33.29,1
2018-05-23,-1,60000,2018-05-23 11:00:00-05:00,0.00474,2018-05-23 14:30:00-05:00,0.0072,-144.85,stop,33.47,1
2018-06-04,-1,60000,2018-06-04 11:30:00-05:00,0.00449,2018-06-04 14:52:00-05:00,0.00472,-17.21,flatten,32.73,1
2018-06-07,1,60000,2018-06-07 09:30:00-05:00,-0.00515,2018-06-07 14:52:00-05:00,-0.00587,-33.69,flatten,32.51,1
2018-06-20,-1,60000,2018-06-20 10:00:00-05:00,0.00365,2018-06-20 14:52:00-05:00,0.00365,-6.06,flatten,32.43,1
2018-06-25,1,60000,2018-06-25 10:00:00-05:00,-0.00402,2018-06-25 12:00:00-05:00,-0.00744,-205.97,stop,33.15,1
2018-06-27,1,55520,2018-06-27 12:30:00-05:00,-0.00554,2018-06-27 14:52:00-05:00,-0.00712,-56.34,flatten,30.78,1
2018-06-28,-1,60000,2018-06-28 10:00:00-05:00,0.00357,2018-06-28 14:52:00-05:00,0.00366,-1.85,flatten,33.37,1
2018-07-02,-1,60000,2018-07-02 09:30:00-05:00,0.00416,2018-07-02 14:52:00-05:00,0.00718,-153.44,flatten,33.29,1
2018-07-03,1,60000,2018-07-03 09:30:00-05:00,-0.00374,2018-07-03 12:00:00-05:00,-0.00772,-234.13,stop,33.02,1
2018-07-09,1,60000,2018-07-09 09:30:00-05:00,-0.00409,2018-07-09 14:52:00-05:00,-0.00099,160.94,flatten,32.47,1
2018-07-12,-1,60000,2018-07-12 09:30:00-05:00,0.00481,2018-07-12 14:52:00-05:00,0.00842,-202.75,flatten,32.16,1
2018-07-17,-1,60000,2018-07-17 09:30:00-05:00,0.00467,2018-07-17 11:30:00-05:00,0.00916,-273.44,stop,32.1,1
2018-07-24,1,60000,2018-07-24 11:00:00-05:00,-0.00413,2018-07-24 14:52:00-05:00,-0.0054,-80.27,flatten,31.78,1
2018-07-27,1,60000,2018-07-27 09:30:00-05:00,-0.00494,2018-07-27 10:30:00-05:00,-0.00716,-125.43,stop,31.76,1
2018-07-30,1,60000,2018-07-30 09:30:00-05:00,-0.00759,2018-07-30 14:52:00-05:00,-0.00847,-45.3,flatten,32.15,1
2018-08-02,-1,60000,2018-08-02 09:30:00-05:00,0.00499,2018-08-02 11:30:00-05:00,0.00861,-213.36,stop,32.09,1
2018-08-13,-1,60000,2018-08-13 09:30:00-05:00,0.00368,2018-08-13 14:52:00-05:00,0.00231,99.1,flatten,31.55,1
2018-08-16,1,59508,2018-08-16 13:00:00-05:00,-0.00535,2018-08-16 14:52:00-05:00,-0.00677,-99.51,flatten,31.37,1
2018-09-11,-1,60000,2018-09-11 11:00:00-05:00,0.00532,2018-09-11 14:52:00-05:00,0.00572,-9.56,flatten,31.1,1
2018-09-12,1,60000,2018-09-12 09:30:00-05:00,-0.00494,2018-09-12 14:52:00-05:00,-0.00188,170.02,flatten,31.26,1
2018-09-17,1,60000,2018-09-17 09:30:00-05:00,-0.00498,2018-09-17 14:52:00-05:00,-0.0075,-133.01,flatten,31.1,1
2018-09-18,-1,56553,2018-09-18 10:00:00-05:00,0.00541,2018-09-18 14:52:00-05:00,0.00261,156.04,flatten,29.23,1
2018-09-19,1,56734,2018-09-19 09:30:00-05:00,-0.00605,2018-09-19 14:52:00-05:00,-0.00184,254.74,flatten,29.4,1
2018-09-24,-1,51780,2018-09-24 10:30:00-05:00,0.00843,2018-09-24 14:52:00-05:00,0.01066,-86.69,flatten,26.74,1
2018-10-10,1,60000,2018-10-10 09:30:00-05:00,-0.0043,2018-10-10 14:52:00-05:00,-0.00829,-177.45,flatten,31.89,1
2018-10-11,-1,60000,2018-10-11 09:30:00-05:00,0.00429,2018-10-11 12:30:00-05:00,0.0091,-280.34,stop,32.74,1
2018-10-15,1,60000,2018-10-15 09:30:00-05:00,-0.00655,2018-10-15 14:52:00-05:00,-0.00519,61.31,flatten,32.87,1
2018-10-17,1,60000,2018-10-17 10:00:00-05:00,-0.0041,2018-10-17 14:52:00-05:00,-0.00464,-3.44,flatten,32.37,1
2018-10-18,1,60000,2018-10-18 09:30:00-05:00,-0.00455,2018-10-18 14:52:00-05:00,-0.00809,-178.39,flatten,32.33,1
2018-10-22,-1,60000,2018-10-22 10:00:00-05:00,0.00689,2018-10-22 14:52:00-05:00,0.00628,-1.08,flatten,32.57,1
2018-10-24,1,51323,2018-10-24 10:30:00-05:00,-0.00586,2018-10-24 14:00:00-05:00,-0.01058,-252.55,stop,28.56,1
2018-10-25,-1,60000,2018-10-25 09:30:00-05:00,0.0044,2018-10-25 14:52:00-05:00,0.00722,-242.04,flatten,33.54,1
2018-10-26,-1,60000,2018-10-26 09:30:00-05:00,0.00757,2018-10-26 11:00:00-05:00,0.01235,-275.53,stop,34.19,1
2018-10-29,1,57888,2018-10-29 10:00:00-05:00,-0.00652,2018-10-29 11:30:00-05:00,-0.01439,-446.75,stop,32.43,1
2018-10-31,-1,60000,2018-10-31 09:30:00-05:00,0.00637,2018-10-31 14:52:00-05:00,0.00648,-37.53,flatten,33.23,1
2018-11-05,1,60000,2018-11-05 09:30:00-06:00,-0.01147,2018-11-05 14:52:00-06:00,-0.00753,224.34,flatten,33.5,1
2018-11-07,-1,54845,2018-11-07 10:00:00-06:00,0.00645,2018-11-07 14:52:00-06:00,0.00649,39.44,flatten,29.7,1
2018-11-12,1,56545,2018-11-12 10:00:00-06:00,-0.00771,2018-11-12 14:52:00-06:00,-0.00567,126.25,flatten,31.38,1
2018-11-19,1,55352,2018-11-19 09:30:00-06:00,-0.00801,2018-11-19 14:30:00-06:00,-0.01221,-232.73,stop,31.16,1
2018-11-20,-1,57620,2018-11-20 10:00:00-06:00,0.01207,2018-11-20 14:52:00-06:00,0.00985,212.13,flatten,33.05,1
2018-12-04,-1,60000,2018-12-04 09:30:00-06:00,0.00369,2018-12-04 11:30:00-06:00,-0.00073,250.87,reverted,32.75,1
2018-12-06,-1,60000,2018-12-06 09:30:00-06:00,0.00799,2018-12-06 11:00:00-06:00,0.01363,-339.24,stop,34.23,1
2018-12-10,-1,60000,2018-12-10 09:30:00-06:00,0.00636,2018-12-10 14:52:00-06:00,0.00928,-155.68,flatten,34.7,1
2018-12-18,-1,57655,2018-12-18 12:00:00-06:00,0.00645,2018-12-18 14:52:00-06:00,0.00655,-19.34,flatten,33.87,1
2018-12-20,1,60000,2018-12-20 10:30:00-06:00,-0.00455,2018-12-20 13:30:00-06:00,-0.00174,162.82,reverted,36.6,1
2018-12-21,1,60000,2018-12-21 09:30:00-06:00,-0.00513,2018-12-21 10:30:00-06:00,-0.00888,-223.82,stop,36.6,1
2018-12-24,-1,60000,2018-12-24 10:00:00-06:00,0.00753,2018-12-24 12:00:00-06:00,0.00177,351.57,reverted,38.14,1
2018-12-26,-1,43913,2018-12-26 12:00:00-06:00,0.0077,2018-12-26 14:52:00-06:00,0.00814,36.95,flatten,27.64,1
2018-12-27,1,60000,2018-12-27 09:30:00-06:00,-0.00619,2018-12-27 14:52:00-06:00,-0.00564,61.38,flatten,37.75,1
2019-01-02,-1,60000,2019-01-02 09:30:00-06:00,0.00568,2019-01-02 13:00:00-06:00,0.00994,-266.24,stop,36.69,1
2019-01-04,-1,60000,2019-01-04 10:00:00-06:00,0.00585,2019-01-04 14:52:00-06:00,0.00777,-94.56,flatten,36.2,1
2019-01-15,-1,60000,2019-01-15 09:30:00-06:00,0.00511,2019-01-15 14:52:00-06:00,0.00557,4.13,flatten,34.97,1
2019-01-22,1,60000,2019-01-22 14:00:00-06:00,-0.00561,2019-01-22 14:52:00-06:00,-0.00498,34.02,flatten,34.78,1
2019-01-25,-1,60000,2019-01-25 11:00:00-06:00,0.00336,2019-01-25 14:52:00-06:00,0.00388,-7.74,flatten,34.06,1
2019-01-29,1,60000,2019-01-29 09:30:00-06:00,-0.00452,2019-01-29 10:00:00-06:00,-0.00783,-207.68,stop,34.46,1
2019-01-30,-1,60000,2019-01-30 14:00:00-06:00,0.00462,2019-01-30 14:52:00-06:00,0.00535,-34.1,flatten,33.82,1
2019-02-01,-1,60000,2019-02-01 09:30:00-06:00,0.00315,2019-02-01 12:30:00-06:00,0.0012,113.54,reverted,33.46,1
2019-02-04,-1,60000,2019-02-04 09:30:00-06:00,0.00613,2019-02-04 14:52:00-06:00,0.00484,84.37,flatten,33.58,1
2019-02-05,-1,60000,2019-02-05 09:30:00-06:00,0.00435,2019-02-05 14:52:00-06:00,0.00487,-45.41,flatten,33.14,1
2019-02-06,1,60000,2019-02-06 09:30:00-06:00,-0.00364,2019-02-06 14:52:00-06:00,-0.00319,49.37,flatten,33.24,1
2019-02-08,-1,60000,2019-02-08 10:00:00-06:00,0.00402,2019-02-08 14:52:00-06:00,0.00417,-5.97,flatten,33.76,1
2019-02-15,1,60000,2019-02-15 09:30:00-06:00,-0.00492,2019-02-15 14:52:00-06:00,-0.00699,-133.38,flatten,32.77,1
2019-03-21,-1,60000,2019-03-21 10:00:00-05:00,0.00215,2019-03-21 14:52:00-05:00,0.00428,-141.59,flatten,31.66,1
2019-03-22,1,60000,2019-03-22 13:00:00-05:00,-0.00347,2019-03-22 14:52:00-05:00,-0.00404,-48.28,flatten,32.04,1
2019-03-27,1,60000,2019-03-27 10:30:00-05:00,-0.00276,2019-03-27 14:52:00-05:00,-0.00215,21.96,flatten,32.22,1
2019-04-01,1,60000,2019-04-01 09:30:00-05:00,-0.00186,2019-04-01 10:30:00-05:00,3e-05,111.47,reverted,31.55,1
2019-04-02,-1,60000,2019-04-02 10:00:00-05:00,0.00255,2019-04-02 14:52:00-05:00,0.00295,-29.11,flatten,31.4,1
2019-04-03,-1,60000,2019-04-03 09:30:00-05:00,0.00283,2019-04-03 10:30:00-05:00,0.00435,-92.95,stop,31.2,1
2019-04-04,1,60000,2019-04-04 10:30:00-05:00,-0.00243,2019-04-04 14:00:00-05:00,-0.00088,95.45,reverted,31.26,1
2019-04-09,-1,60000,2019-04-09 09:30:00-05:00,0.00314,2019-04-09 14:52:00-05:00,0.00134,84.09,flatten,31.1,1
2019-04-10,-1,60000,2019-04-10 10:00:00-05:00,0.00211,2019-04-10 13:30:00-05:00,0.0006,88.7,reverted,31.09,1
2019-05-09,1,60000,2019-05-09 09:30:00-05:00,-0.00215,2019-05-09 11:00:00-05:00,0.00015,124.95,reverted,31.54,1
2019-05-10,1,60000,2019-05-10 10:00:00-05:00,-0.00394,2019-05-10 14:52:00-05:00,-0.00322,54.11,flatten,31.64,1
2019-05-13,1,60000,2019-05-13 09:30:00-05:00,-0.00263,2019-05-13 14:52:00-05:00,-0.00446,-73.91,flatten,31.88,1
2019-05-15,-1,60000,2019-05-15 09:30:00-05:00,0.00572,2019-05-15 13:00:00-05:00,0.00777,-131.44,stop,31.55,1
2019-05-16,-1,60000,2019-05-16 09:30:00-05:00,0.00328,2019-05-16 14:52:00-05:00,0.00354,3.29,flatten,31.03,1
2019-06-03,1,60000,2019-06-03 09:30:00-05:00,-0.00769,2019-06-03 11:30:00-05:00,-0.01117,-205.63,stop,32.77,1
2019-06-04,-1,60000,2019-06-04 10:30:00-05:00,0.00458,2019-06-04 14:52:00-05:00,0.0047,22.61,flatten,32.47,1
2019-06-05,1,60000,2019-06-05 09:30:00-05:00,-0.0049,2019-06-05 14:52:00-05:00,-0.00417,29.26,flatten,32.24,1
2019-06-07,-1,60000,2019-06-07 09:30:00-05:00,0.00554,2019-06-07 10:00:00-05:00,0.00747,-112.74,stop,31.43,1
2019-06-10,-1,60000,2019-06-10 09:30:00-05:00,0.00679,2019-06-10 14:52:00-05:00,0.00616,39.37,flatten,31.03,1
2019-06-17,-1,60000,2019-06-17 09:30:00-05:00,0.00378,2019-06-17 14:52:00-05:00,0.00415,-3.23,flatten,31.01,1
2019-06-25,1,60000,2019-06-25 10:30:00-05:00,-0.00399,2019-06-25 14:00:00-05:00,-0.008,-238.14,stop,30.67,1
2019-06-26,-1,60000,2019-06-26 09:30:00-05:00,0.00394,2019-06-26 13:00:00-05:00,0.00103,175.29,reverted,30.76,1
2019-07-12,-1,60000,2019-07-12 11:30:00-05:00,0.00256,2019-07-12 14:52:00-05:00,0.00185,57.0,flatten,29.81,1
2019-07-29,1,60000,2019-07-29 09:30:00-05:00,-0.00476,2019-07-29 14:52:00-05:00,-0.00134,192.78,flatten,29.7,1
2019-07-31,1,60000,2019-07-31 14:00:00-05:00,-0.00388,2019-07-31 14:52:00-05:00,-0.00412,-23.44,flatten,30.06,1
2019-08-01,-1,60000,2019-08-01 09:30:00-05:00,0.00539,2019-08-01 10:30:00-05:00,0.00743,-125.15,stop,29.78,1
2019-08-02,1,60000,2019-08-02 10:00:00-05:00,-0.00365,2019-08-02 14:52:00-05:00,-0.00367,-30.47,flatten,30.79,1
2019-08-07,-1,60000,2019-08-07 10:00:00-05:00,0.00375,2019-08-07 11:30:00-05:00,0.00103,160.53,reverted,31.33,1
2019-08-13,-1,60000,2019-08-13 09:30:00-05:00,0.00658,2019-08-13 14:52:00-05:00,0.00616,17.12,flatten,30.42,1
2019-08-22,1,60000,2019-08-22 10:00:00-05:00,-0.00317,2019-08-22 14:52:00-05:00,-0.00179,101.1,flatten,30.8,1
2019-08-23,1,60000,2019-08-23 11:00:00-05:00,-0.0036,2019-08-23 12:30:00-05:00,-0.00531,-94.19,stop,31.27,1
2019-08-28,1,60000,2019-08-28 09:30:00-05:00,-0.0023,2019-08-28 14:52:00-05:00,-0.00253,-10.53,flatten,31.2,1
2019-08-29,-1,60000,2019-08-29 09:30:00-05:00,0.00194,2019-08-29 11:00:00-05:00,0.00045,79.79,reverted,30.62,1
2019-08-30,1,60000,2019-08-30 09:30:00-05:00,-0.00276,2019-08-30 12:00:00-05:00,-0.00456,-112.71,stop,30.54,1
2019-09-03,1,60000,2019-09-03 13:00:00-05:00,-0.00347,2019-09-03 14:52:00-05:00,-0.00391,18.69,flatten,30.95,1
2019-09-04,-1,60000,2019-09-04 12:30:00-05:00,0.00277,2019-09-04 14:52:00-05:00,0.00207,15.81,flatten,30.51,1
2019-09-05,-1,60000,2019-09-05 09:30:00-05:00,0.00349,2019-09-05 14:52:00-05:00,0.00402,0.66,flatten,29.98,1
2019-09-06,1,60000,2019-09-06 09:30:00-05:00,-0.00216,2019-09-06 14:52:00-05:00,-0.00196,25.25,flatten,29.99,1
2019-09-09,1,60000,2019-09-09 13:30:00-05:00,-0.0043,2019-09-09 14:52:00-05:00,-0.00203,150.36,flatten,30.14,1
2019-09-11,-1,60000,2019-09-11 09:30:00-05:00,0.00271,2019-09-11 14:52:00-05:00,0.00169,91.94,flatten,29.95,1
2019-09-18,1,60000,2019-09-18 13:30:00-05:00,-0.00297,2019-09-18 14:52:00-05:00,-0.00036,155.8,flatten,30.04,1
2019-10-01,-1,60000,2019-10-01 09:30:00-05:00,0.00316,2019-10-01 14:52:00-05:00,0.00296,14.29,flatten,30.28,1
2019-10-03,-1,60000,2019-10-03 11:30:00-05:00,0.0029,2019-10-03 14:52:00-05:00,0.00231,19.01,flatten,31.0,1
2019-10-07,-1,60000,2019-10-07 10:00:00-05:00,0.00217,2019-10-07 12:30:00-05:00,0.00085,83.89,reverted,30.42,1
2019-10-14,-1,60000,2019-10-14 10:00:00-05:00,0.00203,2019-10-14 11:30:00-05:00,0.00081,72.91,reverted,30.1,1
2019-10-15,-1,60000,2019-10-15 10:00:00-05:00,0.00193,2019-10-15 14:52:00-05:00,0.00364,-93.92,flatten,29.81,1
2019-10-17,1,60000,2019-10-17 09:30:00-05:00,-0.00253,2019-10-17 14:52:00-05:00,-0.00187,43.5,flatten,29.77,1
2019-10-18,1,60000,2019-10-18 09:30:00-05:00,-0.00254,2019-10-18 10:00:00-05:00,-0.00362,-68.47,stop,29.89,1
2019-10-22,1,60000,2019-10-22 10:00:00-05:00,-0.00221,2019-10-22 10:30:00-05:00,-0.00442,-128.13,stop,29.74,1
2019-10-24,-1,60000,2019-10-24 10:30:00-05:00,0.0027,2019-10-24 14:52:00-05:00,0.004,-37.84,flatten,29.73,1
2019-10-25,-1,60000,2019-10-25 09:30:00-05:00,0.00376,2019-10-25 14:52:00-05:00,0.00665,-127.29,flatten,29.66,1
2019-10-28,-1,60000,2019-10-28 11:30:00-05:00,0.00363,2019-10-28 14:52:00-05:00,0.00384,-2.4,flatten,29.34,1
2019-10-29,1,60000,2019-10-29 09:30:00-05:00,-0.0044,2019-10-29 14:52:00-05:00,-0.00651,-110.91,flatten,29.38,1
2020-01-17,1,60000,2020-01-17 10:00:00-06:00,-0.00233,2020-01-17 14:52:00-06:00,-7e-05,91.17,flatten,26.54,1
2020-01-28,-1,60000,2020-01-28 13:00:00-06:00,0.00243,2020-01-28 14:52:00-06:00,0.00268,-7.89,flatten,26.8,1
2020-01-29,1,60000,2020-01-29 09:30:00-06:00,-0.00218,2020-01-29 11:30:00-06:00,-0.00036,103.62,reverted,26.8,1
2020-01-31,1,60000,2020-01-31 09:30:00-06:00,-0.00497,2020-01-31 14:52:00-06:00,-0.00412,60.58,flatten,26.96,1
2020-02-03,-1,60000,2020-02-03 09:30:00-06:00,0.00369,2020-02-03 10:30:00-06:00,0.00567,-117.66,stop,26.79,1
2020-02-04,-1,60000,2020-02-04 11:00:00-06:00,0.00255,2020-02-04 14:00:00-06:00,0.00478,-131.35,stop,26.43,1
2020-02-05,1,60000,2020-02-05 09:30:00-06:00,-0.00754,2020-02-05 10:00:00-06:00,-0.00935,-102.46,stop,26.32,1
2020-02-06,-1,60000,2020-02-06 10:00:00-06:00,0.00357,2020-02-06 14:52:00-06:00,0.00594,-89.45,flatten,26.13,1
2020-02-10,-1,60000,2020-02-10 12:30:00-06:00,0.00383,2020-02-10 14:52:00-06:00,0.00494,-50.06,flatten,26.09,1
2020-02-18,-1,60000,2020-02-18 10:00:00-06:00,0.00395,2020-02-18 14:52:00-06:00,0.00489,-63.11,flatten,25.78,1
2020-02-20,1,60000,2020-02-20 10:30:00-06:00,-0.00509,2020-02-20 14:52:00-06:00,-0.00506,-3.76,flatten,25.82,1
2020-02-21,1,54948,2020-02-21 12:00:00-06:00,-0.00639,2020-02-21 14:52:00-06:00,-0.00848,-104.97,flatten,23.84,1
2020-02-26,-1,60000,2020-02-26 09:30:00-06:00,0.00459,2020-02-26 14:52:00-06:00,0.00736,-136.76,flatten,27.47,1
2020-02-28,-1,60000,2020-02-28 09:30:00-06:00,0.01018,2020-02-28 10:30:00-06:00,0.01312,-182.72,stop,30.29,1
2020-03-03,1,59860,2020-03-03 13:00:00-06:00,-0.00501,2020-03-03 14:52:00-06:00,-0.00511,-34.74,flatten,28.8,1
2020-03-05,-1,60000,2020-03-05 09:30:00-06:00,0.00582,2020-03-05 14:52:00-06:00,0.00319,66.85,flatten,28.31,1
2020-03-09,-1,60000,2020-03-09 10:00:00-05:00,0.00515,2020-03-09 12:30:00-05:00,0.00905,-232.96,stop,30.96,1
2020-03-12,-1,60000,2020-03-12 09:30:00-05:00,0.00996,2020-03-12 14:52:00-05:00,0.00441,300.03,flatten,33.46,1
2020-03-13,-1,58260,2020-03-13 10:00:00-05:00,0.0056,2020-03-13 13:30:00-05:00,0.00133,249.09,reverted,32.78,1
2020-03-17,-1,52387,2020-03-17 10:00:00-05:00,0.0062,2020-03-17 14:52:00-05:00,0.00033,-80.87,flatten,30.5,1
2020-03-18,-1,50217,2020-03-18 10:00:00-05:00,0.00663,2020-03-18 12:11:00-05:00,0.00168,260.91,reverted,29.67,1
2020-03-19,-1,53923,2020-03-19 09:30:00-05:00,0.01003,2020-03-19 14:52:00-05:00,0.00342,226.61,flatten,31.45,1
2020-03-23,-1,56631,2020-03-23 09:30:00-05:00,0.00687,2020-03-23 11:00:00-05:00,0.01171,-252.78,stop,35.06,1
2020-03-24,1,49842,2020-03-24 09:30:00-05:00,-0.0107,2020-03-24 12:30:00-05:00,-0.01646,-287.34,stop,29.27,1
2020-03-25,1,37399,2020-03-25 10:00:00-05:00,-0.00821,2020-03-25 12:00:00-05:00,-0.01764,-357.82,stop,21.47,1
2020-03-31,-1,38374,2020-03-31 09:30:00-05:00,0.00915,2020-03-31 14:52:00-05:00,0.00541,235.87,flatten,20.69,1
2020-04-09,1,47623,2020-04-09 09:30:00-05:00,-0.01504,2020-04-09 14:52:00-05:00,-0.00962,133.65,flatten,24.38,1
2020-04-13,-1,38217,2020-04-13 09:30:00-05:00,0.0123,2020-04-13 14:52:00-05:00,0.0212,-301.22,flatten,19.85,1
2020-04-14,-1,33399,2020-04-14 10:30:00-05:00,0.00939,2020-04-14 14:52:00-05:00,0.01196,-54.74,flatten,16.78,1
2020-04-16,-1,36039,2020-04-16 10:30:00-05:00,0.00947,2020-04-16 14:52:00-05:00,0.00717,124.38,flatten,18.04,1
2020-04-21,1,44531,2020-04-21 09:30:00-05:00,-0.01124,2020-04-21 10:00:00-05:00,-0.01832,-309.77,stop,22.6,1
2020-04-27,1,31105,2020-04-27 12:30:00-05:00,-0.01045,2020-04-27 14:52:00-05:00,-0.0108,-36.32,flatten,15.27,1
2020-05-04,-1,46262,2020-05-04 09:30:00-05:00,0.0071,2020-05-04 14:52:00-05:00,0.00669,34.89,flatten,23.05,1
2020-05-06,-1,42343,2020-05-06 10:00:00-05:00,0.00742,2020-05-06 14:52:00-05:00,0.01124,-147.96,flatten,20.57,1
2020-05-14,1,44918,2020-05-14 10:00:00-05:00,-0.00686,2020-05-14 14:52:00-05:00,-0.00471,81.98,flatten,22.3,1
2020-05-26,1,60000,2020-05-26 10:30:00-05:00,-0.00642,2020-05-26 14:52:00-05:00,-0.00878,-150.2,flatten,27.82,1
2020-05-28,-1,60000,2020-05-28 09:30:00-05:00,0.01009,2020-05-28 14:52:00-05:00,0.00892,74.03,flatten,27.6,1
2020-06-02,1,60000,2020-06-02 10:30:00-05:00,-0.00527,2020-06-02 12:30:00-05:00,-0.00205,191.54,reverted,27.47,1
2020-06-03,1,59750,2020-06-03 11:00:00-05:00,-0.00505,2020-06-03 14:52:00-05:00,-0.00442,48.82,flatten,26.87,1
2020-06-05,-1,60000,2020-06-05 09:30:00-05:00,0.00649,2020-06-05 14:52:00-05:00,0.0086,-124.34,flatten,26.55,1
2020-06-09,-1,60000,2020-06-09 09:30:00-05:00,0.00489,2020-06-09 11:30:00-05:00,0.00876,-229.24,stop,26.3,1
2020-06-10,-1,60000,2020-06-10 09:30:00-05:00,0.00711,2020-06-10 14:52:00-05:00,0.01241,-268.18,flatten,26.23,1
2020-06-19,-1,60000,2020-06-19 13:00:00-05:00,0.00571,2020-06-19 14:52:00-05:00,0.00751,-43.23,flatten,26.91,1
2020-06-23,-1,50452,2020-06-23 11:00:00-05:00,0.00657,2020-06-23 14:52:00-05:00,0.00604,59.56,flatten,22.13,1
2020-07-01,-1,60000,2020-07-01 10:30:00-05:00,0.00654,2020-07-01 14:52:00-05:00,0.00807,-95.68,flatten,26.62,1
2020-07-06,-1,60000,2020-07-06 09:30:00-05:00,0.00732,2020-07-06 10:30:00-05:00,0.01033,-186.0,stop,25.96,1
2020-07-09,-1,53319,2020-07-09 12:00:00-05:00,0.00582,2020-07-09 14:52:00-05:00,0.00832,-141.91,flatten,23.08,1
2020-07-13,1,54364,2020-07-13 13:30:00-05:00,-0.00935,2020-07-13 14:52:00-05:00,-0.01499,-233.63,flatten,23.12,1
2020-07-14,1,60000,2020-07-14 09:30:00-05:00,-0.00575,2020-07-14 11:30:00-05:00,-0.00131,263.63,reverted,26.11,1
2020-07-15,1,56239,2020-07-15 11:00:00-05:00,-0.0058,2020-07-15 13:30:00-05:00,-0.00098,277.43,reverted,24.11,1
2020-07-16,1,59079,2020-07-16 10:00:00-05:00,-0.00609,2020-07-16 12:00:00-05:00,-0.00096,303.66,reverted,25.38,1
2020-07-20,-1,60000,2020-07-20 09:30:00-05:00,0.00595,2020-07-20 12:00:00-05:00,0.01082,-292.44,stop,25.42,1
2020-07-21,1,60000,2020-07-21 09:30:00-05:00,-0.0072,2020-07-21 11:00:00-05:00,-0.01268,-332.25,stop,25.15,1
2020-07-23,1,43042,2020-07-23 11:30:00-05:00,-0.00961,2020-07-23 14:52:00-05:00,-0.01445,-191.15,flatten,18.15,1
2020-07-24,-1,42160,2020-07-24 10:30:00-05:00,0.00795,2020-07-24 14:52:00-05:00,0.00542,102.47,flatten,18.03,1
2020-07-30,-1,45230,2020-07-30 12:30:00-05:00,0.00709,2020-07-30 14:52:00-05:00,0.00655,7.6,flatten,19.16,1
2020-07-31,1,60000,2020-07-31 09:30:00-05:00,-0.00477,2020-07-31 11:00:00-05:00,-0.00187,178.68,reverted,25.44,1
2020-08-07,1,41062,2020-08-07 12:00:00-05:00,-0.01024,2020-08-07 14:52:00-05:00,-0.01312,-122.3,flatten,16.81,1
2020-08-10,1,60000,2020-08-10 09:30:00-05:00,-0.00759,2020-08-10 10:00:00-05:00,-0.01181,-254.99,stop,24.55,1
2020-08-12,-1,60000,2020-08-12 09:30:00-05:00,0.00715,2020-08-12 11:30:00-05:00,0.01133,-250.45,stop,24.44,1
2020-08-14,1,60000,2020-08-14 09:30:00-05:00,-0.00731,2020-08-14 14:52:00-05:00,-0.00427,217.87,flatten,24.47,1
2020-08-20,-1,45740,2020-08-20 14:00:00-05:00,0.00719,2020-08-20 14:52:00-05:00,0.00796,-53.2,flatten,18.39,1
2020-08-24,1,60000,2020-08-24 09:30:00-05:00,-0.00457,2020-08-24 10:00:00-05:00,-0.00977,-304.98,stop,23.82,1
2020-08-25,-1,60000,2020-08-25 09:30:00-05:00,0.00435,2020-08-25 14:52:00-05:00,0.00906,-285.48,flatten,23.8,1
2020-08-26,-1,45263,2020-08-26 11:00:00-05:00,0.00669,2020-08-26 14:52:00-05:00,0.00833,-93.38,flatten,17.7,1
2020-08-31,-1,44585,2020-08-31 12:00:00-05:00,0.00688,2020-08-31 14:52:00-05:00,0.00908,-111.65,flatten,17.18,1
2020-09-02,1,60000,2020-09-02 09:30:00-05:00,-0.0078,2020-09-02 10:30:00-05:00,-0.01269,-293.17,stop,22.78,1
2020-09-03,1,45983,2020-09-03 10:00:00-05:00,-0.00699,2020-09-03 14:52:00-05:00,-0.00775,-45.22,flatten,17.76,1
2020-09-04,1,60000,2020-09-04 09:30:00-05:00,-0.01075,2020-09-04 11:00:00-05:00,0.00076,696.43,reverted,24.15,1
2020-09-08,-1,54055,2020-09-08 09:30:00-05:00,0.01679,2020-09-08 14:52:00-05:00,0.00207,757.77,flatten,21.82,1
2020-09-10,1,37354,2020-09-10 13:30:00-05:00,-0.01045,2020-09-10 14:52:00-05:00,-0.00836,80.45,flatten,15.28,1
2020-09-11,1,44711,2020-09-11 11:00:00-05:00,-0.00836,2020-09-11 14:52:00-05:00,-0.00912,-105.76,flatten,18.28,1
2020-09-16,1,36494,2020-09-16 12:30:00-05:00,-0.0084,2020-09-16 14:52:00-05:00,-0.01122,-83.56,flatten,14.65,1
2020-09-18,1,42703,2020-09-18 10:30:00-05:00,-0.00727,2020-09-18 14:52:00-05:00,-0.004,99.73,flatten,17.61,1
2020-09-21,-1,39591,2020-09-21 10:30:00-05:00,0.00764,2020-09-21 14:52:00-05:00,0.01496,-287.93,flatten,16.79,1
2020-09-24,-1,48301,2020-09-24 09:30:00-05:00,0.00728,2020-09-24 14:52:00-05:00,0.00741,-12.11,flatten,20.41,1
2020-09-28,1,55457,2020-09-28 09:30:00-05:00,-0.00615,2020-09-28 14:52:00-05:00,-0.00138,231.57,flatten,22.59,1
2020-10-02,1,44845,2020-10-02 11:00:00-05:00,-0.00706,2020-10-02 13:30:00-05:00,-0.01209,-226.02,stop,18.33,1
2020-10-08,1,60000,2020-10-08 09:30:00-05:00,-0.00552,2020-10-08 14:52:00-05:00,-0.00558,-17.88,flatten,23.88,1
2020-10-12,-1,55003,2020-10-12 12:00:00-05:00,0.00615,2020-10-12 13:30:00-05:00,0.01069,-252.31,stop,21.11,1
2020-10-14,1,54635,2020-10-14 11:30:00-05:00,-0.00638,2020-10-14 14:52:00-05:00,-0.00297,204.84,flatten,21.27,1
2020-10-15,1,53953,2020-10-15 12:30:00-05:00,-0.00573,2020-10-15 14:30:00-05:00,-0.00051,277.05,reverted,21.16,1
2020-10-16,1,60000,2020-10-16 10:30:00-05:00,-0.00522,2020-10-16 14:52:00-05:00,-0.00671,-36.83,flatten,23.32,1
2020-10-19,1,60000,2020-10-19 10:00:00-05:00,-0.00495,2020-10-19 14:52:00-05:00,-0.00457,28.73,flatten,23.48,1
2020-10-22,1,60000,2020-10-22 09:30:00-05:00,-0.0052,2020-10-22 10:00:00-05:00,-0.00805,-176.97,stop,23.86,1
2020-10-26,-1,60000,2020-10-26 09:30:00-05:00,0.00552,2020-10-26 12:00:00-05:00,-0.00028,334.52,reverted,23.85,1
2020-10-27,-1,60000,2020-10-27 10:00:00-05:00,0.00435,2020-10-27 14:52:00-05:00,0.00864,-264.73,flatten,24.03,1
2020-10-28,1,60000,2020-10-28 09:30:00-05:00,-0.00493,2020-10-28 14:52:00-05:00,-0.0068,2.99,flatten,24.75,1
2020-10-29,-1,60000,2020-10-29 10:30:00-05:00,0.00509,2020-10-29 14:52:00-05:00,0.00224,67.83,flatten,24.66,1
2020-10-30,1,60000,2020-10-30 09:30:00-05:00,-0.00705,2020-10-30 11:00:00-05:00,-0.011,-232.25,stop,25.05,1
2020-11-02,1,53872,2020-11-02 10:30:00-06:00,-0.00611,2020-11-02 14:52:00-06:00,-0.00623,-79.33,flatten,22.25,1
2020-11-05,1,60000,2020-11-05 09:30:00-06:00,-0.00555,2020-11-05 14:00:00-06:00,-0.00116,256.04,reverted,23.17,1
2020-11-09,-1,60000,2020-11-09 09:30:00-06:00,0.01036,2020-11-09 12:00:00-06:00,0.00116,562.5,reverted,22.58,1
2020-11-10,1,51060,2020-11-10 09:30:00-06:00,-0.00846,2020-11-10 14:52:00-06:00,-0.00803,-3.69,flatten,19.92,1
2020-11-11,-1,45270,2020-11-11 09:30:00-06:00,0.01028,2020-11-11 14:52:00-06:00,0.013,-139.74,flatten,17.41,1
2020-12-01,-1,57974,2020-12-01 12:30:00-06:00,0.00551,2020-12-01 14:52:00-06:00,0.00479,60.74,flatten,21.45,1
2020-12-09,1,60000,2020-12-09 12:00:00-06:00,-0.00451,2020-12-09 13:00:00-06:00,-0.01024,-341.89,stop,22.14,1
2021-01-07,-1,60000,2021-01-07 09:30:00-06:00,0.00344,2021-01-07 10:30:00-06:00,0.00554,-126.28,stop,21.51,1
2021-01-08,-1,60000,2021-01-08 11:30:00-06:00,0.00257,2021-01-08 14:52:00-06:00,0.00376,-56.92,flatten,21.37,1
2021-01-11,1,60000,2021-01-11 10:00:00-06:00,-0.00348,2021-01-11 13:30:00-06:00,-0.00582,-140.67,stop,21.44,1
2021-01-12,1,60000,2021-01-12 11:30:00-06:00,-0.00308,2021-01-12 12:30:00-06:00,-0.00107,116.72,reverted,21.61,1
2021-01-13,-1,60000,2021-01-13 10:00:00-06:00,0.00346,2021-01-13 14:52:00-06:00,0.00292,55.17,flatten,21.43,1
2021-01-15,1,60000,2021-01-15 11:30:00-06:00,-0.00337,2021-01-15 14:52:00-06:00,-0.00436,-27.24,flatten,21.65,1
2021-01-19,-1,60000,2021-01-19 12:30:00-06:00,0.00459,2021-01-19 14:52:00-06:00,0.00621,-70.34,flatten,21.47,1
2021-01-20,-1,60000,2021-01-20 09:30:00-06:00,0.00372,2021-01-20 14:52:00-06:00,0.00399,-24.26,flatten,21.19,1
2021-01-25,1,60000,2021-01-25 10:00:00-06:00,-0.00465,2021-01-25 14:52:00-06:00,-0.0036,71.5,flatten,21.17,1
2021-02-01,-1,60000,2021-02-01 09:30:00-06:00,0.00432,2021-02-01 11:30:00-06:00,0.00784,-218.6,stop,21.63,1
2021-02-02,1,60000,2021-02-02 09:30:00-06:00,-0.00263,2021-02-02 11:30:00-06:00,0.00017,175.88,reverted,21.14,1
2021-02-03,1,60000,2021-02-03 09:30:00-06:00,-0.00568,2021-02-03 14:52:00-06:00,-0.00912,-177.93,flatten,21.17,1
2021-02-04,1,60000,2021-02-04 09:30:00-06:00,-0.00462,2021-02-04 14:30:00-06:00,-0.0007,239.47,reverted,21.05,1
2021-02-09,-1,60000,2021-02-09 09:30:00-06:00,0.00347,2021-02-09 12:00:00-06:00,0.00076,166.58,reverted,20.66,1
2021-02-10,1,60000,2021-02-10 10:00:00-06:00,-0.00362,2021-02-10 13:30:00-06:00,-0.00091,167.17,reverted,20.73,1
2021-02-17,1,60000,2021-02-17 10:30:00-06:00,-0.00362,2021-02-17 12:30:00-06:00,-0.0008,177.29,reverted,20.73,1
2021-02-19,1,60000,2021-02-19 12:00:00-06:00,-0.00451,2021-02-19 14:52:00-06:00,-0.00324,59.68,flatten,20.71,1
2021-02-22,1,60000,2021-02-22 09:30:00-06:00,-0.0038,2021-02-22 10:00:00-06:00,-0.00738,-214.18,stop,20.93,1
2021-02-25,1,60000,2021-02-25 11:00:00-06:00,-0.00419,2021-02-25 14:52:00-06:00,-0.00665,-89.42,flatten,21.18,1
2021-02-26,-1,60000,2021-02-26 10:00:00-06:00,0.00557,2021-02-26 14:52:00-06:00,0.00587,-103.58,flatten,21.34,1
2021-03-01,1,60000,2021-03-01 09:30:00-06:00,-0.00334,2021-03-01 11:00:00-06:00,-0.0005,166.0,reverted,21.04,1
2021-03-02,1,60000,2021-03-02 09:30:00-06:00,-0.0048,2021-03-02 13:30:00-06:00,-0.00822,-207.72,stop,21.04,1
2021-03-03,1,60000,2021-03-03 09:30:00-06:00,-0.00807,2021-03-03 12:00:00-06:00,-0.01198,-235.59,stop,21.34,1
2021-03-05,1,60000,2021-03-05 09:30:00-06:00,-0.00665,2021-03-05 12:00:00-06:00,-0.00133,321.05,reverted,21.93,1
2021-03-08,1,59474,2021-03-08 10:00:00-06:00,-0.00522,2021-03-08 11:00:00-06:00,-0.01168,-381.07,stop,21.18,1
2021-03-09,-1,60000,2021-03-09 09:30:00-06:00,0.00464,2021-03-09 10:00:00-06:00,0.00091,223.91,reverted,21.24,1
2021-03-10,1,60000,2021-03-10 09:30:00-06:00,-0.01023,2021-03-10 13:00:00-06:00,-0.01691,-407.75,stop,21.21,1
2021-03-16,-1,54309,2021-03-16 09:30:00-05:00,0.00619,2021-03-16 13:30:00-05:00,0.00038,317.15,reverted,18.67,1
2021-03-17,-1,32813,2021-03-17 14:00:00-05:00,0.00949,2021-03-17 14:52:00-05:00,0.00728,53.14,flatten,11.29,1
2021-03-22,-1,41347,2021-03-22 11:30:00-05:00,0.00817,2021-03-22 14:52:00-05:00,0.00441,123.28,flatten,14.38,1
2021-03-24,1,52592,2021-03-24 09:30:00-05:00,-0.00929,2021-03-24 14:52:00-05:00,-0.01275,-158.18,flatten,18.44,1
2021-03-31,-1,56705,2021-03-31 09:30:00-05:00,0.00617,2021-03-31 14:52:00-05:00,0.0064,-90.92,flatten,19.64,1
2021-04-05,-1,56798,2021-04-05 13:00:00-05:00,0.00548,2021-04-05 14:52:00-05:00,0.00502,34.78,flatten,19.08,1
2021-04-14,1,60000,2021-04-14 09:30:00-05:00,-0.00565,2021-04-14 10:30:00-05:00,-0.0082,-156.8,stop,19.79,1
2021-04-19,1,60000,2021-04-19 11:30:00-05:00,-0.00358,2021-04-19 14:52:00-05:00,-0.00201,57.96,flatten,19.78,1
2021-04-20,1,60000,2021-04-20 10:30:00-05:00,-0.00319,2021-04-20 13:00:00-05:00,-0.0009,136.07,reverted,19.92,1
2021-04-26,-1,60000,2021-04-26 11:30:00-05:00,0.00263,2021-04-26 14:52:00-05:00,0.00527,-136.72,flatten,19.63,1
2021-04-27,1,60000,2021-04-27 09:30:00-05:00,-0.00311,2021-04-27 14:52:00-05:00,-0.00444,-53.79,flatten,19.64,1
2021-04-29,1,60000,2021-04-29 09:30:00-05:00,-0.00367,2021-04-29 11:00:00-05:00,-0.00621,-154.75,stop,19.6,1
2021-04-30,-1,60000,2021-04-30 09:30:00-05:00,0.0047,2021-04-30 13:00:00-05:00,0.00128,201.31,reverted,19.61,1
2021-05-03,1,60000,2021-05-03 10:00:00-05:00,-0.0034,2021-05-03 10:30:00-05:00,-0.00678,-202.28,stop,19.65,1
2021-05-04,1,60000,2021-05-04 09:30:00-05:00,-0.00587,2021-05-04 10:00:00-05:00,-0.00831,-143.73,stop,19.94,1
2021-05-07,1,60000,2021-05-07 12:30:00-05:00,-0.00578,2021-05-07 14:52:00-05:00,-0.00591,9.32,flatten,19.64,1
2021-05-10,1,60000,2021-05-10 09:30:00-05:00,-0.00798,2021-05-10 10:30:00-05:00,-0.01073,-164.25,stop,19.73,1
2021-05-11,-1,60000,2021-05-11 09:30:00-05:00,0.00737,2021-05-11 10:00:00-05:00,0.01074,-202.04,stop,20.21,1
2021-05-13,1,60000,2021-05-13 09:30:00-05:00,-0.00588,2021-05-13 14:52:00-05:00,-0.00963,-228.74,flatten,20.23,1
2021-05-19,-1,60000,2021-05-19 09:30:00-05:00,0.00813,2021-05-19 14:52:00-05:00,0.00891,-23.54,flatten,20.41,1
2021-05-21,1,58612,2021-05-21 09:30:00-05:00,-0.00518,2021-05-21 14:52:00-05:00,-0.00606,-94.01,flatten,19.43,1
2021-09-29,1,60000,2021-09-29 11:30:00-05:00,-0.00389,2021-09-29 14:52:00-05:00,-0.0033,54.33,flatten,18.78,1
2021-09-30,-1,60000,2021-09-30 09:30:00-05:00,0.00329,2021-09-30 12:00:00-05:00,0.00576,-148.54,stop,18.72,1
2021-10-01,1,60000,2021-10-01 09:30:00-05:00,-0.00328,2021-10-01 14:52:00-05:00,-0.00322,6.55,flatten,19.06,1
2021-10-04,1,60000,2021-10-04 09:30:00-05:00,-0.00623,2021-10-04 14:52:00-05:00,-0.00636,-77.36,flatten,19.01,1
2021-10-05,-1,60000,2021-10-05 11:30:00-05:00,0.00487,2021-10-05 14:52:00-05:00,0.00381,72.44,flatten,18.79,1
2021-10-06,-1,60000,2021-10-06 09:30:00-05:00,0.0054,2021-10-06 14:52:00-05:00,0.00258,195.65,flatten,18.93,1
2021-10-08,1,60000,2021-10-08 10:00:00-05:00,-0.00388,2021-10-08 14:52:00-05:00,-0.00451,-55.65,flatten,18.61,1
2021-10-11,-1,60000,2021-10-11 13:30:00-05:00,0.00437,2021-10-11 14:52:00-05:00,0.00242,101.4,flatten,18.69,1
2021-10-12,1,60000,2021-10-12 10:00:00-05:00,-0.00466,2021-10-12 14:52:00-05:00,-0.00292,117.73,flatten,18.83,1
2021-10-18,-1,60000,2021-10-18 13:00:00-05:00,0.00506,2021-10-18 14:52:00-05:00,0.00635,-59.96,flatten,18.22,1
2021-10-20,1,60000,2021-10-20 11:30:00-05:00,-0.00463,2021-10-20 14:52:00-05:00,-0.00537,-37.03,flatten,18.02,1
2021-10-21,-1,60000,2021-10-21 09:30:00-05:00,0.00371,2021-10-21 14:52:00-05:00,0.00427,-38.75,flatten,18.0,1
2021-10-22,1,60000,2021-10-22 10:30:00-05:00,-0.00395,2021-10-22 14:52:00-05:00,-0.0052,-93.82,flatten,18.03,1
2021-10-26,-1,60000,2021-10-26 09:30:00-05:00,0.00317,2021-10-26 11:00:00-05:00,-0.00031,214.12,reverted,17.75,1
2021-10-27,-1,60000,2021-10-27 09:30:00-05:00,0.00418,2021-10-27 11:00:00-05:00,0.00654,-135.53,stop,17.83,1
2021-10-29,-1,60000,2021-10-29 14:00:00-05:00,0.00478,2021-10-29 14:52:00-05:00,0.00574,5.85,flatten,17.71,1
2021-11-02,-1,60000,2021-11-02 09:30:00-05:00,0.00286,2021-11-02 12:30:00-05:00,0.00129,98.24,reverted,17.57,1
2021-11-26,1,60000,2021-11-26 10:00:00-06:00,-0.00315,2021-11-26 13:30:00-06:00,-0.00132,108.11,reverted,17.54,1
2021-11-29,-1,60000,2021-11-29 09:30:00-06:00,0.00476,2021-11-29 14:52:00-06:00,0.00825,-176.4,flatten,17.42,1
2021-11-30,1,60000,2021-11-30 10:00:00-06:00,-0.00441,2021-11-30 14:52:00-06:00,0.0006,222.22,flatten,17.58,1
2021-12-01,1,60000,2021-12-01 09:30:00-06:00,-0.00305,2021-12-01 10:30:00-06:00,-0.00144,97.57,reverted,17.42,1
2021-12-02,1,60000,2021-12-02 09:30:00-06:00,-0.0039,2021-12-02 14:52:00-06:00,-0.00403,-2.55,flatten,17.75,1
2021-12-03,1,60000,2021-12-03 09:30:00-06:00,-0.00708,2021-12-03 14:52:00-06:00,-0.00829,-187.87,flatten,17.77,1
2021-12-06,1,60000,2021-12-06 10:00:00-06:00,-0.00489,2021-12-06 12:00:00-06:00,-0.00167,197.65,reverted,17.73,1
2021-12-09,1,51713,2021-12-09 13:00:00-06:00,-0.00641,2021-12-09 14:52:00-06:00,-0.00775,-33.33,flatten,14.9,1
2021-12-16,1,60000,2021-12-16 09:30:00-06:00,-0.00767,2021-12-16 10:30:00-06:00,-0.01216,-264.72,stop,17.23,1
2021-12-17,-1,60000,2021-12-17 09:30:00-06:00,0.00592,2021-12-17 14:52:00-06:00,0.00771,-120.51,flatten,17.69,1
2021-12-20,-1,60000,2021-12-20 09:30:00-06:00,0.00446,2021-12-20 12:00:00-06:00,0.00178,157.1,reverted,17.94,1
2021-12-21,1,60000,2021-12-21 09:30:00-06:00,-0.00499,2021-12-21 11:00:00-06:00,-0.0015,204.52,reverted,17.81,1
2021-12-27,-1,60000,2021-12-27 09:30:00-06:00,0.00401,2021-12-27 14:52:00-06:00,0.00181,128.29,flatten,17.05,1
2022-01-04,1,60000,2022-01-04 09:30:00-06:00,-0.00711,2022-01-04 10:00:00-06:00,-0.01388,-401.5,stop,16.97,1
2022-01-06,-1,45672,2022-01-06 10:00:00-06:00,0.00773,2022-01-06 14:52:00-06:00,0.00422,185.01,flatten,13.26,1
2022-01-07,1,47544,2022-01-07 10:00:00-06:00,-0.00721,2022-01-07 14:52:00-06:00,-0.00713,43.46,flatten,13.96,1
2022-01-11,-1,60000,2022-01-11 09:30:00-06:00,0.00493,2022-01-11 10:30:00-06:00,0.00895,-241.23,stop,17.63,1
2022-01-13,1,47579,2022-01-13 10:00:00-06:00,-0.007,2022-01-13 14:52:00-06:00,-0.01259,-224.62,flatten,13.82,1
2022-01-18,-1,60000,2022-01-18 09:30:00-06:00,0.00602,2022-01-18 10:30:00-06:00,0.00114,290.89,reverted,17.83,1
2022-01-19,-1,60000,2022-01-19 09:30:00-06:00,0.00504,2022-01-19 10:00:00-06:00,-3e-05,310.25,reverted,17.95,1
2022-01-27,1,60000,2022-01-27 10:00:00-06:00,-0.00467,2022-01-27 14:52:00-06:00,-0.00817,-163.74,flatten,18.84,1
2022-01-31,-1,60000,2022-01-31 09:30:00-06:00,0.00475,2022-01-31 14:52:00-06:00,0.00881,-157.38,flatten,18.53,1
2022-02-02,1,60000,2022-02-02 10:00:00-06:00,-0.00587,2022-02-02 13:30:00-06:00,-0.0093,-201.65,stop,18.07,1
2022-02-04,-1,60000,2022-02-04 12:30:00-06:00,0.00524,2022-02-04 14:52:00-06:00,0.00566,12.95,flatten,18.36,1
2022-02-08,-1,60000,2022-02-08 10:30:00-06:00,0.00495,2022-02-08 14:52:00-06:00,0.00529,-2.45,flatten,18.4,1
2022-02-11,1,60000,2022-02-11 09:30:00-06:00,-0.00431,2022-02-11 13:00:00-06:00,-0.0088,-257.99,stop,18.39,1
2022-02-14,-1,60000,2022-02-14 09:30:00-06:00,0.00675,2022-02-14 10:30:00-06:00,0.01086,-246.24,stop,18.85,1
2022-02-18,1,60000,2022-02-18 09:30:00-06:00,-0.00654,2022-02-18 14:52:00-06:00,-0.00702,-9.08,flatten,18.99,1
2022-02-22,-1,58633,2022-02-22 09:30:00-06:00,0.00789,2022-02-22 11:00:00-06:00,0.00071,417.44,reverted,18.59,1
2022-02-23,1,54669,2022-02-23 10:30:00-06:00,-0.00568,2022-02-23 14:52:00-06:00,-0.01043,-209.65,flatten,17.72,1
2022-02-24,-1,54625,2022-02-24 09:30:00-06:00,0.01166,2022-02-24 10:30:00-06:00,0.01555,-225.28,stop,18.2,1
2022-02-25,1,39045,2022-02-25 12:00:00-06:00,-0.00825,2022-02-25 14:52:00-06:00,-0.00534,69.69,flatten,12.38,1
2022-03-03,1,42355,2022-03-03 09:30:00-06:00,-0.00795,2022-03-03 14:52:00-06:00,-0.01135,-179.73,flatten,13.37,1
2022-03-08,-1,43177,2022-03-08 11:30:00-06:00,0.00704,2022-03-08 14:52:00-06:00,0.00576,50.77,flatten,14.15,1
2022-03-10,1,46882,2022-03-10 10:30:00-06:00,-0.00726,2022-03-10 14:52:00-06:00,-0.00518,107.56,flatten,15.48,1
2022-03-11,1,42220,2022-03-11 10:30:00-06:00,-0.01051,2022-03-11 14:52:00-06:00,-0.01135,-23.65,flatten,13.82,1
2022-03-16,-1,38900,2022-03-16 10:30:00-05:00,0.00773,2022-03-16 13:30:00-05:00,0.00172,231.37,reverted,12.47,1
2022-03-18,-1,53704,2022-03-18 09:30:00-05:00,0.00718,2022-03-18 14:52:00-05:00,0.01055,-140.12,flatten,16.88,1
2022-03-21,1,48520,2022-03-21 09:30:00-05:00,-0.00694,2022-03-21 10:30:00-05:00,0.00147,409.85,reverted,15.18,1
2022-03-22,-1,47177,2022-03-22 09:30:00-05:00,0.0074,2022-03-22 14:52:00-05:00,0.00975,-114.88,flatten,14.51,1
2022-04-04,-1,54503,2022-04-04 09:30:00-05:00,0.00622,2022-04-04 14:52:00-05:00,0.0099,-171.1,flatten,16.44,1
2022-04-05,1,51568,2022-04-05 09:30:00-05:00,-0.00746,2022-04-05 14:52:00-05:00,-0.00924,-75.05,flatten,15.59,1
2022-04-06,1,43724,2022-04-06 11:30:00-05:00,-0.00728,2022-04-06 14:52:00-05:00,-0.00628,79.66,flatten,13.57,1
2022-04-08,1,43482,2022-04-08 13:00:00-05:00,-0.00707,2022-04-08 14:52:00-05:00,-0.00837,-55.72,flatten,13.43,1
2022-04-12,1,48104,2022-04-12 13:30:00-05:00,-0.00836,2022-04-12 14:52:00-05:00,-0.00723,84.74,flatten,15.26,1
2022-04-13,-1,58905,2022-04-13 09:30:00-05:00,0.00577,2022-04-13 14:52:00-05:00,0.007,-102.48,flatten,18.6,1
2022-04-14,1,56594,2022-04-14 09:30:00-05:00,-0.00629,2022-04-14 14:52:00-05:00,-0.01059,-264.13,flatten,17.82,1
2022-04-19,-1,51596,2022-04-19 10:00:00-05:00,0.00632,2022-04-19 14:52:00-05:00,0.00748,-74.98,flatten,16.17,1
2022-04-20,1,48427,2022-04-20 09:30:00-05:00,-0.00753,2022-04-20 11:00:00-05:00,-0.01254,-243.28,stop,15.13,1
2022-04-25,-1,47253,2022-04-25 09:30:00-05:00,0.00984,2022-04-25 14:52:00-05:00,0.00669,226.41,flatten,15.57,1
2022-04-26,1,44531,2022-04-26 09:30:00-05:00,-0.00934,2022-04-26 14:52:00-05:00,-0.00971,4.1,flatten,14.74,1
2022-05-04,1,46238,2022-05-04 09:30:00-05:00,-0.00684,2022-05-04 12:00:00-05:00,-0.00265,194.51,reverted,15.58,1
2022-05-05,1,45431,2022-05-05 09:30:00-05:00,-0.0097,2022-05-05 14:52:00-05:00,-0.01161,-98.48,flatten,15.22,1
2022-05-11,1,50653,2022-05-11 12:00:00-05:00,-0.00619,2022-05-11 14:52:00-05:00,-0.00904,-179.36,flatten,17.99,1
2022-05-12,-1,53661,2022-05-12 09:30:00-05:00,0.00938,2022-05-12 13:00:00-05:00,0.00168,403.28,reverted,19.3,1
2022-05-13,-1,46235,2022-05-13 11:30:00-05:00,0.00761,2022-05-13 14:52:00-05:00,0.00821,1.22,flatten,16.16,1
2022-05-20,1,47236,2022-05-20 11:30:00-05:00,-0.00935,2022-05-20 14:52:00-05:00,-0.00646,80.13,flatten,17.38,1
2022-05-24,1,60000,2022-05-24 09:30:00-05:00,-0.00539,2022-05-24 14:52:00-05:00,-0.0067,-27.74,flatten,21.91,1
2022-05-26,-1,60000,2022-05-26 09:30:00-05:00,0.00875,2022-05-26 11:30:00-05:00,0.01483,-363.78,stop,21.08,1
2022-06-02,-1,57086,2022-06-02 09:30:00-05:00,0.00562,2022-06-02 12:00:00-05:00,0.0106,-294.52,stop,19.69,1
2022-06-03,1,49637,2022-06-03 10:30:00-05:00,-0.00626,2022-06-03 14:52:00-05:00,-0.00522,29.48,flatten,17.07,1
2022-06-16,1,48576,2022-06-16 13:00:00-05:00,-0.00625,2022-06-16 14:52:00-05:00,-0.00473,35.52,flatten,18.78,1
2022-06-17,-1,60000,2022-06-17 10:30:00-05:00,0.00668,2022-06-17 14:52:00-05:00,0.00838,-84.06,flatten,23.03,1
2022-06-21,-1,60000,2022-06-21 09:30:00-05:00,0.00472,2022-06-21 13:30:00-05:00,0.00105,218.35,reverted,22.47,1
2022-06-27,1,60000,2022-06-27 09:30:00-05:00,-0.0051,2022-06-27 14:52:00-05:00,-0.00583,-82.31,flatten,21.71,1
2022-06-28,1,60000,2022-06-28 10:30:00-05:00,-0.00557,2022-06-28 14:52:00-05:00,-0.00847,-172.33,flatten,21.91,1
2022-06-30,1,60000,2022-06-30 09:30:00-05:00,-0.00723,2022-06-30 10:30:00-05:00,-0.00127,367.34,reverted,22.7,1
2022-07-05,-1,60000,2022-07-05 09:30:00-05:00,0.0081,2022-07-05 10:00:00-05:00,0.0113,-191.36,stop,22.58,1
2022-07-07,-1,60000,2022-07-07 09:30:00-05:00,0.00514,2022-07-07 14:52:00-05:00,0.00816,-195.49,flatten,21.75,1
2022-07-08,-1,53274,2022-07-08 10:30:00-05:00,0.00728,2022-07-08 14:52:00-05:00,0.0076,18.35,flatten,19.11,1
2022-07-11,1,54686,2022-07-11 09:30:00-05:00,-0.00707,2022-07-11 14:52:00-05:00,-0.00924,-118.45,flatten,19.98,1
2022-07-12,1,51249,2022-07-12 09:30:00-05:00,-0.00715,2022-07-12 14:52:00-05:00,-0.00708,19.37,flatten,18.81,1
2022-07-13,-1,49064,2022-07-13 09:30:00-05:00,0.00644,2022-07-13 14:52:00-05:00,0.00773,-63.99,flatten,18.3,1
2022-07-20,-1,46050,2022-07-20 10:00:00-05:00,0.00679,2022-07-20 14:52:00-05:00,0.00821,-56.71,flatten,16.23,1
2022-07-26,1,46010,2022-07-26 13:00:00-05:00,-0.0066,2022-07-26 14:52:00-05:00,-0.0066,-10.43,flatten,16.52,1
2022-07-27,-1,45185,2022-07-27 11:30:00-05:00,0.0069,2022-07-27 14:52:00-05:00,0.00873,-74.08,flatten,15.91,1
2022-08-01,-1,59969,2022-08-01 10:00:00-05:00,0.00537,2022-08-01 12:30:00-05:00,0.00074,273.93,reverted,20.22,1
2022-08-02,-1,56154,2022-08-02 11:30:00-05:00,0.00789,2022-08-02 14:52:00-05:00,0.00685,64.53,flatten,18.96,1
2022-08-03,-1,60000,2022-08-03 09:30:00-05:00,0.00711,2022-08-03 12:30:00-05:00,0.01048,-204.72,stop,20.26,1
2022-08-09,1,48614,2022-08-09 11:30:00-05:00,-0.00627,2022-08-09 14:52:00-05:00,-0.00328,185.33,flatten,16.51,1
2022-08-16,1,60000,2022-08-16 09:30:00-05:00,-0.00571,2022-08-16 14:52:00-05:00,-0.00373,122.43,flatten,19.53,1
2022-08-17,1,60000,2022-08-17 10:00:00-05:00,-0.00546,2022-08-17 14:52:00-05:00,-0.00348,110.5,flatten,19.67,1
2022-08-19,1,60000,2022-08-19 12:30:00-05:00,-0.00491,2022-08-19 14:52:00-05:00,-0.00349,98.59,flatten,19.83,1
2022-08-26,1,60000,2022-08-26 10:00:00-05:00,-0.00377,2022-08-26 13:30:00-05:00,-0.00653,-165.48,stop,20.34,1
2022-08-30,1,60000,2022-08-30 09:30:00-05:00,-0.0032,2022-08-30 14:52:00-05:00,-0.00266,-13.55,flatten,21.04,1
2022-08-31,1,60000,2022-08-31 10:00:00-05:00,-0.00508,2022-08-31 14:52:00-05:00,-0.00364,159.83,flatten,21.13,1
2022-09-01,1,60000,2022-09-01 10:30:00-05:00,-0.0064,2022-09-01 14:30:00-05:00,-0.00109,323.84,reverted,21.59,1
2022-09-02,1,57170,2022-09-02 13:00:00-05:00,-0.00585,2022-09-02 14:52:00-05:00,-0.00363,106.45,flatten,20.49,1
2022-09-06,1,60000,2022-09-06 09:30:00-05:00,-0.00419,2022-09-06 11:00:00-05:00,-0.00122,191.47,reverted,21.63,1
2022-09-13,1,60000,2022-09-13 10:30:00-05:00,-0.00518,2022-09-13 14:52:00-05:00,-0.00561,-7.06,flatten,21.23,1
2022-09-15,1,60000,2022-09-15 10:00:00-05:00,-0.0057,2022-09-15 14:52:00-05:00,-0.0032,129.09,flatten,21.63,1
2022-09-20,-1,60000,2022-09-20 09:30:00-05:00,0.00394,2022-09-20 14:52:00-05:00,0.00298,72.91,flatten,21.96,1
2022-09-21,-1,60000,2022-09-21 14:00:00-05:00,0.00599,2022-09-21 14:52:00-05:00,0.00124,256.27,flatten,21.73,1
2022-09-26,-1,60000,2022-09-26 09:30:00-05:00,0.00572,2022-09-26 14:52:00-05:00,0.00282,162.98,flatten,22.77,1
2022-09-29,1,60000,2022-09-29 10:00:00-05:00,-0.00321,2022-09-29 13:00:00-05:00,-0.0058,-152.89,stop,23.28,1
2022-09-30,-1,60000,2022-09-30 09:30:00-05:00,0.00321,2022-09-30 13:00:00-05:00,3e-05,190.73,reverted,23.23,1
2022-10-04,1,60000,2022-10-04 12:30:00-05:00,-0.00338,2022-10-04 14:52:00-05:00,-0.00341,-17.09,flatten,22.52,1
2022-10-05,1,60000,2022-10-05 09:30:00-05:00,-0.00333,2022-10-05 11:30:00-05:00,-0.00026,183.96,reverted,22.8,1
2022-10-06,-1,60000,2022-10-06 13:00:00-05:00,0.00362,2022-10-06 14:52:00-05:00,0.00224,98.22,flatten,22.47,1
2022-10-07,1,60000,2022-10-07 10:30:00-05:00,-0.00313,2022-10-07 13:00:00-05:00,-0.00522,-112.44,stop,23.15,1
2022-10-10,1,60000,2022-10-10 10:00:00-05:00,-0.00394,2022-10-10 13:00:00-05:00,7e-05,243.27,reverted,23.58,1
2022-10-11,1,60000,2022-10-11 09:30:00-05:00,-0.00425,2022-10-11 14:30:00-05:00,-0.00661,-146.61,stop,23.83,1
2022-10-13,-1,60000,2022-10-13 10:30:00-05:00,0.00623,2022-10-13 14:52:00-05:00,0.00502,36.36,flatten,23.59,1
2022-10-14,1,60000,2022-10-14 09:30:00-05:00,-0.00564,2022-10-14 14:30:00-05:00,-0.00864,-165.95,stop,23.53,1
2022-10-18,1,60000,2022-10-18 09:30:00-05:00,-0.00419,2022-10-18 10:30:00-05:00,-0.00712,-170.88,stop,22.87,1
2022-10-19,-1,60000,2022-10-19 09:30:00-05:00,0.00579,2022-10-19 14:52:00-05:00,0.00358,206.19,flatten,22.87,1
2022-10-20,-1,60000,2022-10-20 09:30:00-05:00,0.00663,2022-10-20 14:52:00-05:00,0.00496,138.68,flatten,22.82,1
2022-10-24,1,60000,2022-10-24 09:30:00-05:00,-0.00632,2022-10-24 10:30:00-05:00,-0.00145,299.47,reverted,22.77,1
2022-10-27,1,60000,2022-10-27 10:00:00-05:00,-0.00493,2022-10-27 14:52:00-05:00,-0.00623,-56.99,flatten,22.43,1
2022-10-28,-1,60000,2022-10-28 10:00:00-05:00,0.00651,2022-10-28 14:52:00-05:00,0.00881,-152.93,flatten,22.19,1
2022-10-31,1,60000,2022-10-31 09:30:00-05:00,-0.00647,2022-10-31 14:52:00-05:00,-0.003,166.35,flatten,22.24,1
2022-11-01,1,55731,2022-11-01 11:30:00-05:00,-0.00727,2022-11-01 14:52:00-05:00,-0.00871,-92.92,flatten,20.74,1
2022-11-03,1,49249,2022-11-03 12:30:00-05:00,-0.0061,2022-11-03 14:52:00-05:00,-0.00839,-88.81,flatten,19.02,1
2022-11-11,-1,60000,2022-11-11 09:30:00-06:00,0.00751,2022-11-11 13:00:00-06:00,0.01206,-273.56,stop,21.58,1
2022-11-16,1,60000,2022-11-16 09:30:00-06:00,-0.00485,2022-11-16 12:30:00-06:00,-0.00127,214.72,reverted,21.61,1
2022-11-17,-1,60000,2022-11-17 09:30:00-06:00,0.00553,2022-11-17 14:52:00-06:00,0.00402,71.93,flatten,21.82,1
2022-11-18,1,60000,2022-11-18 09:30:00-06:00,-0.0046,2022-11-18 14:52:00-06:00,-0.00673,-118.26,flatten,21.66,1
2022-11-23,-1,60000,2022-11-23 10:00:00-06:00,0.00438,2022-11-23 11:00:00-06:00,0.00113,191.63,reverted,21.32,1
2022-11-29,1,60000,2022-11-29 10:30:00-06:00,-0.00538,2022-11-29 14:52:00-06:00,-0.0065,-94.85,flatten,21.87,1
2022-11-30,-1,60000,2022-11-30 09:30:00-06:00,0.00506,2022-11-30 13:30:00-06:00,0.01309,-495.77,stop,21.8,1
2022-12-06,1,60000,2022-12-06 09:30:00-06:00,-0.00554,2022-12-06 14:52:00-06:00,-0.00624,-24.0,flatten,21.69,1
2022-12-13,1,60000,2022-12-13 11:00:00-06:00,-0.00511,2022-12-13 11:30:00-06:00,-0.00875,-208.9,stop,21.28,1
2022-12-15,1,60000,2022-12-15 09:30:00-06:00,-0.00341,2022-12-15 12:00:00-06:00,-0.00634,-163.26,stop,21.98,1
2022-12-19,1,60000,2022-12-19 09:30:00-06:00,-0.00486,2022-12-19 14:52:00-06:00,-0.00568,-118.06,flatten,22.45,1
2022-12-22,1,60000,2022-12-22 09:30:00-06:00,-0.00637,2022-12-22 14:52:00-06:00,-0.0073,-33.02,flatten,22.8,1
2022-12-27,1,60000,2022-12-27 09:30:00-06:00,-0.00465,2022-12-27 14:52:00-06:00,-0.00841,-209.43,flatten,22.72,1
2023-01-03,1,60000,2023-01-03 09:30:00-06:00,-0.0063,2023-01-03 14:52:00-06:00,-0.00649,-8.57,flatten,22.8,1
2023-01-04,1,60000,2023-01-04 09:30:00-06:00,-0.00686,2023-01-04 14:52:00-06:00,-0.00465,64.79,flatten,22.8,1
2023-01-06,-1,53567,2023-01-06 13:00:00-06:00,0.00573,2023-01-06 14:52:00-06:00,0.00634,-35.01,flatten,20.07,1
2023-01-09,-1,60000,2023-01-09 09:30:00-06:00,0.00629,2023-01-09 12:30:00-06:00,0.00997,-213.78,stop,22.14,1
2023-01-20,-1,57471,2023-01-20 13:00:00-06:00,0.00645,2023-01-20 14:52:00-06:00,0.00691,-28.62,flatten,20.92,1
2023-01-23,-1,60000,2023-01-23 09:30:00-06:00,0.00604,2023-01-23 14:52:00-06:00,0.00947,-201.42,flatten,21.47,1
2023-01-27,-1,60000,2023-01-27 09:30:00-06:00,0.00476,2023-01-27 12:30:00-06:00,0.00856,-234.81,stop,21.04,1
2023-01-30,1,60000,2023-01-30 09:30:00-06:00,-0.00529,2023-01-30 14:52:00-06:00,-0.00417,110.45,flatten,21.17,1
2023-01-31,-1,60000,2023-01-31 10:30:00-06:00,0.00395,2023-01-31 14:30:00-06:00,0.00189,125.61,reverted,21.18,1
2023-02-01,-1,58880,2023-02-01 14:00:00-06:00,0.00644,2023-02-01 14:52:00-06:00,0.00873,-158.64,flatten,20.43,1
2023-02-02,-1,60000,2023-02-02 09:30:00-06:00,0.00462,2023-02-02 12:00:00-06:00,0.00781,-195.45,stop,20.4,1
2023-02-03,-1,60000,2023-02-03 09:30:00-06:00,0.00797,2023-02-03 14:52:00-06:00,0.00219,329.78,flatten,20.37,1
2023-02-07,-1,56509,2023-02-07 12:00:00-06:00,0.00531,2023-02-07 12:30:00-06:00,0.00107,243.63,reverted,19.22,1
2023-02-08,1,58872,2023-02-08 10:00:00-06:00,-0.00649,2023-02-08 14:52:00-06:00,-0.00758,-29.09,flatten,20.16,1
2023-02-14,-1,60000,2023-02-14 09:30:00-06:00,0.00424,2023-02-14 14:52:00-06:00,0.00906,-264.43,flatten,20.52,1
2023-02-23,1,60000,2023-02-23 09:30:00-06:00,-0.00372,2023-02-23 13:30:00-06:00,-0.00137,140.13,reverted,21.16,1
2023-03-01,1,60000,2023-03-01 09:30:00-06:00,-0.00457,2023-03-01 14:52:00-06:00,-0.00556,-63.05,flatten,21.51,1
2023-03-03,-1,60000,2023-03-03 09:30:00-06:00,0.00327,2023-03-03 14:52:00-06:00,0.00346,7.73,flatten,21.11,1
2023-03-06,-1,60000,2023-03-06 10:00:00-06:00,0.00361,2023-03-06 12:00:00-06:00,0.00096,160.99,reverted,20.8,1
2023-03-07,-1,60000,2023-03-07 11:30:00-06:00,0.00502,2023-03-07 14:52:00-06:00,0.00281,152.05,flatten,21.09,1
2023-03-09,-1,60000,2023-03-09 09:30:00-06:00,0.00437,2023-03-09 13:00:00-06:00,0.00087,217.56,reverted,21.1,1
2023-03-13,-1,60000,2023-03-13 11:00:00-05:00,0.00429,2023-03-13 14:52:00-05:00,0.00475,-91.44,flatten,21.66,1
2023-03-14,-1,60000,2023-03-14 09:30:00-05:00,0.00387,2023-03-14 12:00:00-05:00,0.00686,-173.4,stop,21.45,1
2023-03-15,-1,60000,2023-03-15 14:00:00-05:00,0.00569,2023-03-15 14:52:00-05:00,0.00524,45.1,flatten,21.53,1
2023-03-16,-1,60000,2023-03-16 10:30:00-05:00,0.00402,2023-03-16 14:52:00-05:00,0.00574,-98.37,flatten,21.24,1
2023-03-17,-1,60000,2023-03-17 09:30:00-05:00,0.0034,2023-03-17 11:30:00-05:00,0.00115,138.99,reverted,21.25,1
2023-03-20,1,60000,2023-03-20 09:30:00-05:00,-0.00541,2023-03-20 14:52:00-05:00,-0.00193,219.54,flatten,21.27,1
2023-03-22,-1,58757,2023-03-22 13:30:00-05:00,0.00561,2023-03-22 14:52:00-05:00,0.00278,118.8,flatten,20.36,1
2023-03-24,1,60000,2023-03-24 11:30:00-05:00,-0.00522,2023-03-24 14:52:00-05:00,-0.0046,32.4,flatten,21.16,1
2023-03-27,1,58956,2023-03-27 11:00:00-05:00,-0.00536,2023-03-27 14:52:00-05:00,-0.00516,29.85,flatten,20.67,1
2023-03-28,1,60000,2023-03-28 09:30:00-05:00,-0.00578,2023-03-28 14:52:00-05:00,-0.00314,141.52,flatten,21.08,1
2023-04-05,1,60000,2023-04-05 09:30:00-05:00,-0.00487,2023-04-05 14:52:00-05:00,-0.00651,-90.87,flatten,20.47,1
2023-04-06,-1,53602,2023-04-06 11:30:00-05:00,0.00569,2023-04-06 14:52:00-05:00,0.00625,-45.14,flatten,18.23,1
2023-04-13,-1,60000,2023-04-13 09:30:00-05:00,0.00406,2023-04-13 14:52:00-05:00,0.00381,13.17,flatten,20.33,1
2023-05-10,-1,60000,2023-05-10 09:30:00-05:00,0.00641,2023-05-10 14:52:00-05:00,0.00582,29.4,flatten,20.12,1
2023-05-26,-1,60000,2023-05-26 09:30:00-05:00,0.00372,2023-05-26 10:00:00-05:00,0.00702,-196.41,stop,19.49,1
2023-06-02,1,60000,2023-06-02 09:30:00-05:00,-0.00362,2023-06-02 14:52:00-05:00,-0.00552,-129.42,flatten,19.14,1
2023-06-05,-1,60000,2023-06-05 09:30:00-05:00,0.00364,2023-06-05 14:52:00-05:00,0.00413,-7.76,flatten,19.03,1
2023-06-07,1,60000,2023-06-07 10:00:00-05:00,-0.00635,2023-06-07 11:30:00-05:00,-0.01037,-241.16,stop,19.1,1
2023-06-08,-1,60000,2023-06-08 09:30:00-05:00,0.00342,2023-06-08 10:30:00-05:00,0.00673,-199.54,stop,19.13,1
2023-06-09,-1,60000,2023-06-09 09:30:00-05:00,0.00306,2023-06-09 10:00:00-05:00,-0.00075,228.02,reverted,18.89,1
2023-06-13,1,60000,2023-06-13 09:30:00-05:00,-0.00778,2023-06-13 14:52:00-05:00,-0.00316,271.61,flatten,18.71,1
2023-06-21,1,60000,2023-06-21 09:30:00-05:00,-0.00455,2023-06-21 10:00:00-05:00,-0.00739,-173.7,stop,18.68,1
2023-06-22,-1,60000,2023-06-22 09:30:00-05:00,0.0065,2023-06-22 14:52:00-05:00,0.00935,-166.37,flatten,18.65,1
2023-06-26,1,51977,2023-06-26 11:30:00-05:00,-0.00728,2023-06-26 14:52:00-05:00,-0.00909,-42.03,flatten,16.32,1
2023-06-28,-1,60000,2023-06-28 09:30:00-05:00,0.00635,2023-06-28 14:52:00-05:00,0.00408,111.0,flatten,18.65,1
2023-06-29,1,60000,2023-06-29 09:30:00-05:00,-0.00533,2023-06-29 14:52:00-05:00,-0.00608,-41.14,flatten,18.65,1
2023-08-21,-1,60000,2023-08-21 09:30:00-05:00,0.00364,2023-08-21 12:00:00-05:00,0.00681,-191.14,stop,18.7,1
2023-08-23,-1,60000,2023-08-23 09:30:00-05:00,0.00409,2023-08-23 14:52:00-05:00,0.00408,-32.81,flatten,18.45,1
2023-08-24,1,60000,2023-08-24 09:30:00-05:00,-0.01145,2023-08-24 14:52:00-05:00,-0.01386,-133.01,flatten,18.44,1
2023-08-29,-1,60000,2023-08-29 09:30:00-05:00,0.0066,2023-08-29 14:52:00-05:00,0.00749,-70.15,flatten,18.24,1
2023-09-05,-1,58603,2023-09-05 12:00:00-05:00,0.00552,2023-09-05 14:52:00-05:00,0.00673,-35.35,flatten,17.6,1
2023-09-28,-1,60000,2023-09-28 11:00:00-05:00,0.00518,2023-09-28 14:52:00-05:00,0.00395,48.41,flatten,18.92,1
2023-10-04,-1,60000,2023-10-04 09:30:00-05:00,0.00249,2023-10-04 11:00:00-05:00,0.00515,-160.26,stop,19.25,1
2023-10-06,-1,60000,2023-10-06 09:30:00-05:00,0.00467,2023-10-06 14:52:00-05:00,0.00737,-148.08,flatten,19.13,1
2023-10-13,1,60000,2023-10-13 10:30:00-05:00,-0.00478,2023-10-13 14:52:00-05:00,-0.00599,-52.09,flatten,18.72,1
2023-10-23,-1,60000,2023-10-23 11:30:00-05:00,0.00454,2023-10-23 14:52:00-05:00,0.0048,-22.52,flatten,19.15,1
2023-10-25,1,60000,2023-10-25 10:30:00-05:00,-0.0046,2023-10-25 13:00:00-05:00,-0.00757,-176.13,stop,19.27,1
2023-10-26,1,60000,2023-10-26 09:30:00-05:00,-0.00463,2023-10-26 11:30:00-05:00,-0.00761,-174.3,stop,19.58,1
2023-10-27,-1,60000,2023-10-27 09:30:00-05:00,0.00426,2023-10-27 14:52:00-05:00,0.00547,-61.81,flatten,19.65,1
2023-11-02,1,60000,2023-11-02 09:30:00-05:00,-0.00331,2023-11-02 14:52:00-05:00,-0.00449,-66.37,flatten,18.91,1
2023-11-07,-1,60000,2023-11-07 10:00:00-06:00,0.00388,2023-11-07 14:52:00-06:00,0.00376,-14.48,flatten,18.46,1
2023-11-10,-1,60000,2023-11-10 09:30:00-06:00,0.00314,2023-11-10 11:00:00-06:00,0.00617,-179.95,stop,18.55,1
2023-11-20,-1,60000,2023-11-20 12:30:00-06:00,0.00394,2023-11-20 14:52:00-06:00,0.00385,20.08,flatten,17.74,1
2024-02-02,-1,60000,2024-02-02 10:30:00-06:00,0.00262,2024-02-02 14:52:00-06:00,0.00316,-26.88,flatten,16.28,1
2024-02-06,1,60000,2024-02-06 09:30:00-06:00,-0.00459,2024-02-06 11:00:00-06:00,-0.00642,-111.73,stop,16.31,1
2024-02-13,-1,60000,2024-02-13 09:30:00-06:00,0.00572,2024-02-13 14:52:00-06:00,0.00365,125.44,flatten,16.21,1
2024-02-15,1,60000,2024-02-15 09:30:00-06:00,-0.00468,2024-02-15 14:52:00-06:00,-0.00389,61.47,flatten,16.08,1
2024-02-16,1,60000,2024-02-16 09:30:00-06:00,-0.00605,2024-02-16 14:52:00-06:00,-0.00557,4.12,flatten,16.08,1
2024-02-20,1,60000,2024-02-20 09:30:00-06:00,-0.00563,2024-02-20 14:52:00-06:00,-0.00086,290.07,flatten,16.25,1
2024-03-01,-1,60000,2024-03-01 10:30:00-06:00,0.00366,2024-03-01 13:00:00-06:00,0.00645,-166.39,stop,15.72,1
2024-03-05,1,60000,2024-03-05 09:30:00-06:00,-0.00586,2024-03-05 14:52:00-06:00,-0.00508,17.24,flatten,15.84,1
2024-03-07,-1,60000,2024-03-07 11:00:00-06:00,0.00362,2024-03-07 14:52:00-06:00,0.0036,-9.6,flatten,15.61,1
2024-03-08,1,60000,2024-03-08 10:30:00-06:00,-0.00528,2024-03-08 12:00:00-06:00,-0.0083,-186.55,stop,15.64,1
2024-03-13,1,60000,2024-03-13 09:30:00-05:00,-0.00329,2024-03-13 14:52:00-05:00,-0.00329,11.12,flatten,15.63,1
2024-03-15,1,60000,2024-03-15 09:30:00-05:00,-0.00257,2024-03-15 14:52:00-05:00,-0.00409,-95.07,flatten,15.82,1
2024-03-20,1,60000,2024-03-20 10:00:00-05:00,-0.00316,2024-03-20 13:30:00-05:00,-0.00065,150.78,reverted,15.67,1
2024-04-17,1,60000,2024-04-17 09:30:00-05:00,-0.00262,2024-04-17 12:00:00-05:00,-0.00543,-164.55,stop,16.0,1
2024-04-19,1,60000,2024-04-19 09:30:00-05:00,-0.00479,2024-04-19 11:00:00-05:00,-0.007,-129.57,stop,16.27,1
2024-04-22,1,60000,2024-04-22 09:30:00-05:00,-0.0027,2024-04-22 12:30:00-05:00,-0.00118,91.22,reverted,16.37,1
2024-04-23,-1,60000,2024-04-23 09:30:00-05:00,0.00286,2024-04-23 14:52:00-05:00,0.00271,-21.59,flatten,16.08,1
2024-04-25,-1,60000,2024-04-25 09:30:00-05:00,0.00376,2024-04-25 14:52:00-05:00,0.00371,33.64,flatten,16.22,1
2024-04-26,-1,60000,2024-04-26 10:00:00-05:00,0.00399,2024-04-26 14:52:00-05:00,0.00426,-28.39,flatten,15.9,1
2024-05-08,-1,60000,2024-05-08 09:30:00-05:00,0.00343,2024-05-08 14:52:00-05:00,0.00178,128.99,flatten,15.62,1
2024-05-09,1,60000,2024-05-09 09:30:00-05:00,-0.00319,2024-05-09 14:52:00-05:00,-0.00371,-29.16,flatten,15.61,1
2024-05-15,-1,60000,2024-05-15 13:00:00-05:00,0.00319,2024-05-15 14:52:00-05:00,0.00234,30.4,flatten,15.25,1
2024-07-17,1,60000,2024-07-17 09:30:00-05:00,-0.00621,2024-07-17 14:52:00-05:00,-0.01002,-95.61,flatten,14.37,1
2024-07-18,1,60000,2024-07-18 09:30:00-05:00,-0.0053,2024-07-18 14:52:00-05:00,-0.00188,209.05,flatten,14.38,1
2024-07-24,1,53677,2024-07-24 11:00:00-05:00,-0.00601,2024-07-24 14:52:00-05:00,-0.00835,-42.17,flatten,13.24,1
2024-07-25,1,60000,2024-07-25 09:30:00-05:00,-0.00589,2024-07-25 14:52:00-05:00,-0.00629,17.65,flatten,14.94,1
2024-07-30,1,60000,2024-07-30 10:00:00-05:00,-0.00504,2024-07-30 12:00:00-05:00,-0.01102,-354.03,stop,14.87,1
2024-08-01,1,57992,2024-08-01 12:00:00-05:00,-0.00618,2024-08-01 14:52:00-05:00,-0.00854,-103.77,flatten,14.38,1
2024-08-05,-1,60000,2024-08-05 09:30:00-05:00,0.01096,2024-08-05 10:30:00-05:00,0.01483,-233.85,stop,15.77,1
2024-08-07,1,49560,2024-08-07 13:00:00-05:00,-0.00607,2024-08-07 14:52:00-05:00,-0.00773,-5.34,flatten,12.84,1
2024-08-14,1,60000,2024-08-14 09:30:00-05:00,-0.005,2024-08-14 11:00:00-05:00,-0.00033,280.61,reverted,14.92,1
2024-08-15,-1,60000,2024-08-15 09:30:00-05:00,0.00464,2024-08-15 14:52:00-05:00,0.00568,-55.49,flatten,14.64,1
2024-08-22,1,60000,2024-08-22 11:00:00-05:00,-0.00575,2024-08-22 14:52:00-05:00,-0.00957,-191.55,flatten,14.45,1
2024-08-23,1,60000,2024-08-23 10:00:00-05:00,-0.0036,2024-08-23 14:52:00-05:00,-0.00292,14.61,flatten,14.4,1
2024-08-26,1,60000,2024-08-26 09:30:00-05:00,-0.0051,2024-08-26 14:52:00-05:00,-0.00432,63.9,flatten,14.4,1
2024-08-27,-1,60000,2024-08-27 10:00:00-05:00,0.00367,2024-08-27 14:52:00-05:00,0.00296,52.44,flatten,14.39,1
2024-08-28,1,60000,2024-08-28 10:00:00-05:00,-0.00591,2024-08-28 14:52:00-05:00,-0.00543,98.5,flatten,14.48,1
2024-08-29,-1,60000,2024-08-29 10:00:00-05:00,0.00402,2024-08-29 13:30:00-05:00,-0.00049,278.42,reverted,14.39,1
2024-09-03,1,60000,2024-09-03 10:00:00-05:00,-0.0071,2024-09-03 14:52:00-05:00,-0.00934,-148.18,flatten,14.62,1
2024-09-04,-1,60000,2024-09-04 11:30:00-05:00,0.00542,2024-09-04 14:52:00-05:00,0.00308,63.25,flatten,14.71,1
2024-09-05,-1,60000,2024-09-05 09:30:00-05:00,0.00775,2024-09-05 14:52:00-05:00,0.00712,115.46,flatten,14.68,1
2024-09-06,1,60000,2024-09-06 09:30:00-05:00,-0.00572,2024-09-06 14:52:00-05:00,-0.00776,-45.33,flatten,14.94,1
2024-09-11,-1,44510,2024-09-11 13:30:00-05:00,0.0072,2024-09-11 14:52:00-05:00,0.00824,-43.69,flatten,10.91,1
2024-09-19,-1,60000,2024-09-19 10:30:00-05:00,0.00435,2024-09-19 14:52:00-05:00,0.00181,120.16,flatten,14.16,1
2024-09-24,1,60000,2024-09-24 09:30:00-05:00,-0.00342,2024-09-24 10:00:00-05:00,-0.00129,127.33,reverted,14.24,1
2024-09-25,-1,60000,2024-09-25 09:30:00-05:00,0.00411,2024-09-25 14:52:00-05:00,0.00445,-32.46,flatten,14.14,1
2024-11-06,-1,60000,2024-11-06 09:30:00-06:00,0.00589,2024-11-06 14:52:00-06:00,0.00694,-40.86,flatten,13.7,1
2024-11-07,-1,60000,2024-11-07 10:00:00-06:00,0.00425,2024-11-07 14:52:00-06:00,0.00602,-99.14,flatten,13.53,1
2024-11-15,1,60000,2024-11-15 09:30:00-06:00,-0.00313,2024-11-15 11:00:00-06:00,-0.00592,-165.98,stop,13.77,1
2024-12-16,-1,60000,2024-12-16 10:30:00-06:00,0.00489,2024-12-16 14:52:00-06:00,0.00828,-221.39,flatten,13.15,1
2024-12-19,1,60000,2024-12-19 09:30:00-06:00,-0.00375,2024-12-19 14:52:00-06:00,-0.00466,-101.42,flatten,13.58,1
2024-12-20,-1,60000,2024-12-20 10:00:00-06:00,0.0033,2024-12-20 14:52:00-06:00,0.00076,95.29,flatten,13.58,1
2024-12-27,1,60000,2024-12-27 09:30:00-06:00,-0.00557,2024-12-27 14:52:00-06:00,-0.0024,168.69,flatten,13.49,1
2025-01-03,-1,60000,2025-01-03 11:00:00-06:00,0.00284,2025-01-03 14:52:00-06:00,0.00274,11.28,flatten,13.55,1
2025-01-07,1,60000,2025-01-07 09:30:00-06:00,-0.00351,2025-01-07 14:52:00-06:00,-0.00541,-102.95,flatten,13.48,1
2025-01-13,1,60000,2025-01-13 09:30:00-06:00,-0.00264,2025-01-13 11:30:00-06:00,-0.00034,144.35,reverted,13.93,1
2025-01-14,1,60000,2025-01-14 12:00:00-06:00,-0.00285,2025-01-14 14:30:00-06:00,-0.00471,-101.92,stop,13.83,1
2025-01-15,-1,60000,2025-01-15 09:30:00-06:00,0.00306,2025-01-15 14:52:00-06:00,0.00269,30.16,flatten,13.53,1
2025-01-16,1,60000,2025-01-16 11:00:00-06:00,-0.00319,2025-01-16 14:52:00-06:00,-0.00731,-172.05,flatten,13.51,1
2025-01-17,1,60000,2025-01-17 09:30:00-06:00,-0.0054,2025-01-17 14:52:00-06:00,-0.00312,112.57,flatten,13.43,1
2025-01-21,1,60000,2025-01-21 10:30:00-06:00,-0.00379,2025-01-21 14:52:00-06:00,-0.00338,27.03,flatten,13.35,1
2025-01-22,-1,60000,2025-01-22 09:30:00-06:00,0.00301,2025-01-22 14:52:00-06:00,0.00296,31.38,flatten,13.19,1
2025-01-24,1,60000,2025-01-24 13:00:00-06:00,-0.00423,2025-01-24 14:52:00-06:00,-0.00331,33.66,flatten,13.2,1
2025-01-27,-1,60000,2025-01-27 09:30:00-06:00,0.0044,2025-01-27 11:00:00-06:00,0.00058,221.12,reverted,13.43,1
2025-01-28,-1,60000,2025-01-28 09:30:00-06:00,0.0047,2025-01-28 14:52:00-06:00,0.00643,-81.12,flatten,13.35,1
2025-01-30,1,60000,2025-01-30 10:00:00-06:00,-0.0045,2025-01-30 14:52:00-06:00,-0.00276,79.58,flatten,13.37,1
2025-01-31,-1,60000,2025-01-31 10:00:00-06:00,0.00421,2025-01-31 14:00:00-06:00,0.00137,172.54,reverted,13.15,1
2025-02-04,-1,60000,2025-02-04 09:30:00-06:00,0.00546,2025-02-04 14:52:00-06:00,0.00473,63.88,flatten,13.34,1
2025-02-10,-1,60000,2025-02-10 11:00:00-06:00,0.0042,2025-02-10 14:52:00-06:00,0.0024,73.9,flatten,13.24,1
2025-02-27,1,60000,2025-02-27 09:30:00-06:00,-0.00771,2025-02-27 13:30:00-06:00,-0.01071,-175.28,stop,13.51,1
2025-03-03,1,60000,2025-03-03 12:30:00-06:00,-0.00417,2025-03-03 14:52:00-06:00,-0.00746,-195.28,flatten,13.72,1
2025-03-04,-1,60000,2025-03-04 11:00:00-06:00,0.00436,2025-03-04 13:30:00-06:00,0.00798,-222.58,stop,14.0,1
2025-03-06,1,56959,2025-03-06 13:30:00-06:00,-0.00554,2025-03-06 14:52:00-06:00,-0.00625,-56.67,flatten,13.43,1
2025-03-10,1,60000,2025-03-10 09:30:00-05:00,-0.00709,2025-03-10 10:00:00-05:00,-0.01011,-179.82,stop,14.32,1
2025-03-11,-1,45308,2025-03-11 14:00:00-05:00,0.00731,2025-03-11 14:52:00-05:00,0.00444,81.85,flatten,10.87,1
2025-03-21,-1,60000,2025-03-21 09:30:00-05:00,0.0033,2025-03-21 14:52:00-05:00,0.006,-83.75,flatten,14.43,1
2025-03-26,1,60000,2025-03-26 09:30:00-05:00,-0.00438,2025-03-26 14:52:00-05:00,-0.0049,-53.75,flatten,14.08,1
2025-03-28,1,60000,2025-03-28 10:30:00-05:00,-0.00395,2025-03-28 14:52:00-05:00,-0.00546,-122.35,flatten,14.49,1
2025-03-31,1,60000,2025-03-31 09:30:00-05:00,-0.00503,2025-03-31 14:52:00-05:00,-0.00177,168.41,flatten,14.79,1
2025-04-01,-1,60000,2025-04-01 10:30:00-05:00,0.0034,2025-04-01 14:52:00-05:00,0.00494,-71.32,flatten,14.46,1
2025-04-02,-1,60000,2025-04-02 10:30:00-05:00,0.00385,2025-04-02 14:52:00-05:00,0.00414,-60.27,flatten,14.39,1
2025-04-03,-1,60000,2025-04-03 09:30:00-05:00,0.00366,2025-04-03 10:00:00-05:00,0.00075,179.26,reverted,14.94,1
2025-04-07,-1,60000,2025-04-07 09:30:00-05:00,0.00697,2025-04-07 14:52:00-05:00,0.00582,83.51,flatten,16.28,1
2025-04-08,-1,60000,2025-04-08 09:30:00-05:00,0.00458,2025-04-08 14:00:00-05:00,-0.00026,276.4,reverted,15.48,1
2025-04-09,-1,60000,2025-04-09 12:30:00-05:00,0.00687,2025-04-09 13:00:00-05:00,0.01178,-319.88,stop,15.44,1
2025-04-14,1,60000,2025-04-14 10:30:00-05:00,-0.00472,2025-04-14 12:00:00-05:00,-0.00765,-168.72,stop,15.01,1
2025-04-17,1,60000,2025-04-17 09:30:00-05:00,-0.0053,2025-04-17 14:52:00-05:00,-0.00457,-5.87,flatten,15.43,1
2025-04-24,-1,60000,2025-04-24 09:30:00-05:00,0.00367,2025-04-24 14:52:00-05:00,0.00512,-44.87,flatten,14.88,1
2025-04-25,-1,60000,2025-04-25 12:00:00-05:00,0.00412,2025-04-25 14:52:00-05:00,0.00478,-8.86,flatten,14.67,1
2025-04-28,1,60000,2025-04-28 10:30:00-05:00,-0.00421,2025-04-28 14:00:00-05:00,-0.00127,179.91,reverted,14.75,1
2025-04-30,-1,60000,2025-04-30 09:30:00-05:00,0.00288,2025-04-30 14:52:00-05:00,0.00547,-120.36,flatten,14.76,1
2025-05-12,1,60000,2025-05-12 09:30:00-05:00,-0.00295,2025-05-12 11:30:00-05:00,-0.00083,122.98,reverted,13.87,1
2025-05-13,-1,60000,2025-05-13 09:30:00-05:00,0.00391,2025-05-13 11:00:00-05:00,0.00592,-119.37,stop,13.64,1
2025-05-16,1,60000,2025-05-16 11:30:00-05:00,-0.003,2025-05-16 14:52:00-05:00,-0.00354,-32.98,flatten,13.51,1
2025-05-19,-1,60000,2025-05-19 12:30:00-05:00,0.00301,2025-05-19 14:52:00-05:00,0.00335,3.41,flatten,13.44,1
2025-05-21,-1,60000,2025-05-21 09:30:00-05:00,0.00292,2025-05-21 10:30:00-05:00,0.00549,-158.13,stop,13.55,1
2025-05-29,1,60000,2025-05-29 09:30:00-05:00,-0.00499,2025-05-29 13:30:00-05:00,-0.00736,-142.99,stop,13.53,1
2025-05-30,1,60000,2025-05-30 12:00:00-05:00,-0.00509,2025-05-30 14:52:00-05:00,-0.00155,191.89,flatten,13.69,1
2025-10-17,-1,60000,2025-10-17 09:30:00-05:00,0.00266,2025-10-17 10:30:00-05:00,2e-05,155.6,reverted,11.94,1
2025-10-20,-1,60000,2025-10-20 09:30:00-05:00,0.00207,2025-10-20 14:52:00-05:00,0.00131,36.48,flatten,11.79,1
2025-10-22,1,60000,2025-10-22 10:30:00-05:00,-0.00323,2025-10-22 14:52:00-05:00,-0.00269,3.29,flatten,11.85,1
2025-10-23,-1,60000,2025-10-23 09:30:00-05:00,0.00319,2025-10-23 14:52:00-05:00,0.00408,-33.27,flatten,11.82,1
2025-10-28,-1,60000,2025-10-28 13:30:00-05:00,0.00346,2025-10-28 14:52:00-05:00,0.00414,-62.92,flatten,11.45,1
2025-10-30,1,60000,2025-10-30 09:30:00-05:00,-0.00337,2025-10-30 10:00:00-05:00,-0.00485,-88.17,stop,11.52,1
2025-11-04,1,60000,2025-11-04 11:00:00-06:00,-0.00256,2025-11-04 14:52:00-06:00,-0.00538,-154.8,flatten,11.62,1
2025-11-05,-1,60000,2025-11-05 10:00:00-06:00,0.00267,2025-11-05 14:52:00-06:00,0.00397,-74.28,flatten,11.63,1
2025-11-06,1,60000,2025-11-06 09:30:00-06:00,-0.00371,2025-11-06 10:00:00-06:00,-0.00632,-156.73,stop,11.7,1
2025-11-07,1,60000,2025-11-07 09:30:00-06:00,-0.00257,2025-11-07 10:30:00-06:00,-0.00486,-135.7,stop,11.88,1
2025-11-12,1,60000,2025-11-12 09:30:00-06:00,-0.00411,2025-11-12 14:52:00-06:00,-0.00394,7.41,flatten,11.58,1
2025-11-13,1,60000,2025-11-13 12:00:00-06:00,-0.00401,2025-11-13 14:52:00-06:00,-0.0024,122.8,flatten,11.75,1
2025-11-14,-1,60000,2025-11-14 09:30:00-06:00,0.00492,2025-11-14 14:52:00-06:00,0.00555,-27.97,flatten,11.82,1
2025-11-19,-1,60000,2025-11-19 09:30:00-06:00,0.00554,2025-11-19 11:00:00-06:00,0.00161,231.44,reverted,11.87,1
2025-11-20,1,60000,2025-11-20 10:30:00-06:00,-0.00458,2025-11-20 11:30:00-06:00,-0.00895,-262.95,stop,11.86,1
2025-11-21,1,60000,2025-11-21 09:30:00-06:00,-0.00363,2025-11-21 11:00:00-06:00,-0.00154,127.63,reverted,12.18,1
2025-11-24,-1,60000,2025-11-24 09:30:00-06:00,0.00452,2025-11-24 14:52:00-06:00,0.00753,-181.55,flatten,11.91,1
2025-12-02,-1,60000,2025-12-02 14:00:00-06:00,0.00486,2025-12-02 14:52:00-06:00,0.00485,22.25,flatten,11.57,1
2026-02-03,1,60000,2026-02-03 09:30:00-06:00,-0.00924,2026-02-03 14:52:00-06:00,-0.00928,-54.4,flatten,11.49,1
2026-02-04,1,60000,2026-02-04 09:30:00-06:00,-0.00478,2026-02-04 11:00:00-06:00,-0.00839,-216.35,stop,11.55,1
2026-02-09,-1,59762,2026-02-09 13:30:00-06:00,0.00512,2026-02-09 14:52:00-06:00,0.00461,2.97,flatten,11.42,1
2026-02-12,1,60000,2026-02-12 10:00:00-06:00,-0.00512,2026-02-12 14:52:00-06:00,-0.0044,24.25,flatten,11.6,1
2026-02-18,-1,60000,2026-02-18 09:30:00-06:00,0.00427,2026-02-18 14:52:00-06:00,0.00266,93.07,flatten,11.6,1
2026-02-20,-1,60000,2026-02-20 10:00:00-06:00,0.0066,2026-02-20 14:52:00-06:00,0.00408,156.77,flatten,11.58,1
2026-02-25,-1,60000,2026-02-25 09:30:00-06:00,0.00538,2026-02-25 14:52:00-06:00,0.00464,70.93,flatten,11.52,1
2026-02-26,1,60000,2026-02-26 09:30:00-06:00,-0.00519,2026-02-26 14:52:00-06:00,-0.00461,-2.75,flatten,11.64,1
2026-03-04,-1,60000,2026-03-04 09:30:00-06:00,0.00463,2026-03-04 14:52:00-06:00,0.00536,-3.13,flatten,11.6,1
2026-03-20,1,60000,2026-03-20 12:30:00-05:00,-0.00366,2026-03-20 14:52:00-05:00,-0.00311,-3.5,flatten,12.18,1
2026-03-24,1,60000,2026-03-24 09:30:00-05:00,-0.00381,2026-03-24 14:52:00-05:00,-0.00439,-31.96,flatten,12.18,1
2026-03-26,1,60000,2026-03-26 10:30:00-05:00,-0.00242,2026-03-26 13:30:00-05:00,-0.00431,-112.47,stop,12.21,1
2026-03-30,1,60000,2026-03-30 10:30:00-05:00,-0.00202,2026-03-30 14:00:00-05:00,-0.00367,-96.15,stop,12.53,1
2026-03-31,-1,60000,2026-03-31 10:30:00-05:00,0.00199,2026-03-31 12:00:00-05:00,0.00463,-161.8,stop,12.45,1
2026-04-01,-1,60000,2026-04-01 10:00:00-05:00,0.00299,2026-04-01 14:52:00-05:00,0.00278,11.86,flatten,12.12,1
2026-04-02,-1,60000,2026-04-02 10:00:00-05:00,0.00325,2026-04-02 14:52:00-05:00,0.00451,-44.43,flatten,12.14,1
2026-04-07,1,60000,2026-04-07 10:00:00-05:00,-0.00345,2026-04-07 11:30:00-05:00,-0.00101,145.61,reverted,12.21,1
2026-04-08,1,60000,2026-04-08 10:00:00-05:00,-0.00309,2026-04-08 14:52:00-05:00,-0.00387,-90.64,flatten,11.8,1
2026-04-09,1,60000,2026-04-09 09:30:00-05:00,-0.00316,2026-04-09 14:52:00-05:00,-0.00067,128.56,flatten,11.79,1
2026-04-15,-1,60000,2026-04-15 10:00:00-05:00,0.00326,2026-04-15 14:52:00-05:00,0.00652,-155.57,flatten,11.35,1
2026-04-17,1,60000,2026-04-17 09:30:00-05:00,-0.00264,2026-04-17 10:30:00-05:00,-0.00084,108.8,reverted,11.14,1
2026-04-20,1,60000,2026-04-20 09:30:00-05:00,-0.00275,2026-04-20 14:52:00-05:00,-0.00177,62.64,flatten,11.14,1
2026-04-22,-1,60000,2026-04-22 11:30:00-05:00,0.00355,2026-04-22 14:52:00-05:00,0.0047,-71.75,flatten,11.11,1
2026-04-24,-1,60000,2026-04-24 11:30:00-05:00,0.00321,2026-04-24 14:52:00-05:00,0.00366,-9.73,flatten,11.01,1
2026-04-29,-1,60000,2026-04-29 10:00:00-05:00,0.00285,2026-04-29 14:52:00-05:00,0.0037,6.52,flatten,11.04,1
2026-04-30,1,60000,2026-04-30 09:30:00-05:00,-0.00578,2026-04-30 14:52:00-05:00,-0.00199,184.39,flatten,11.04,1
2026-05-01,-1,60000,2026-05-01 09:30:00-05:00,0.00436,2026-05-01 12:30:00-05:00,0.00669,-138.74,stop,10.83,1
2026-05-07,-1,60000,2026-05-07 09:30:00-05:00,0.00489,2026-05-07 12:30:00-05:00,0.00099,226.56,reverted,10.61,1
2026-05-08,-1,60000,2026-05-08 09:30:00-05:00,0.00536,2026-05-08 11:00:00-05:00,0.00798,-161.81,stop,10.56,1
2026-05-12,1,60000,2026-05-12 10:30:00-05:00,-0.00551,2026-05-12 12:00:00-05:00,-0.00972,-252.83,stop,10.63,1
2026-05-18,1,60000,2026-05-18 09:30:00-05:00,-0.00583,2026-05-18 11:30:00-05:00,-0.00897,-187.87,stop,10.53,1
2026-05-26,-1,57167,2026-05-26 13:30:00-05:00,0.00525,2026-05-26 14:52:00-05:00,0.0052,-2.75,flatten,9.84,1
2026-05-27,1,60000,2026-05-27 09:30:00-05:00,-0.00791,2026-05-27 14:52:00-05:00,-0.00417,231.9,flatten,10.34,1
2026-06-05,1,60000,2026-06-05 09:30:00-05:00,-0.00289,2026-06-05 11:30:00-05:00,-0.00643,-211.4,stop,10.35,1
2026-06-09,1,60000,2026-06-09 09:30:00-05:00,-0.00651,2026-06-09 10:00:00-05:00,-0.00885,-142.02,stop,10.47,1
2026-06-10,-1,60000,2026-06-10 09:30:00-05:00,0.00565,2026-06-10 10:30:00-05:00,0.00045,309.39,reverted,10.54,1
2026-06-11,-1,60000,2026-06-11 09:30:00-05:00,0.00392,2026-06-11 10:00:00-05:00,0.00072,188.05,reverted,10.66,1
2026-06-16,1,60000,2026-06-16 10:00:00-05:00,-0.00464,2026-06-16 11:00:00-05:00,-0.00882,-247.76,stop,10.27,1
2026-06-24,1,41293,2026-06-24 14:00:00-05:00,-0.00824,2026-06-24 14:52:00-05:00,-0.00402,123.48,flatten,7.3,1
2026-06-25,1,60000,2026-06-25 09:30:00-05:00,-0.01427,2026-06-25 14:52:00-05:00,-0.00572,443.87,flatten,10.54,1
2026-06-29,-1,42474,2026-06-29 12:30:00-05:00,0.00769,2026-06-29 14:52:00-05:00,0.00801,47.56,flatten,7.4,1
2026-06-30,-1,59875,2026-06-30 09:30:00-05:00,0.0078,2026-06-30 14:52:00-05:00,0.0091,-88.06,flatten,10.34,1
2026-07-01,1,60000,2026-07-01 10:00:00-05:00,-0.00426,2026-07-01 14:52:00-05:00,-0.00651,-92.28,flatten,10.36,1
2026-07-02,1,60000,2026-07-02 09:30:00-05:00,-0.00546,2026-07-02 10:30:00-05:00,-0.01022,-287.08,stop,10.38,1
2026-07-15,1,51706,2026-07-15 09:30:00-05:00,-0.00832,2026-07-15 14:52:00-05:00,-0.0092,-44.62,flatten,8.9,1
2026-07-17,-1,42739,2026-07-17 12:00:00-05:00,0.00714,2026-07-17 14:52:00-05:00,0.00383,69.95,flatten,7.47,1
2026-07-24,1,60000,2026-07-24 09:30:00-05:00,-0.00604,2026-07-24 14:52:00-05:00,-0.00947,-217.95,flatten,10.62,1
2026-07-27,1,60000,2026-07-27 09:30:00-05:00,-0.00899,2026-07-27 14:52:00-05:00,-0.00612,162.42,flatten,10.67,1
2026-07-28,1,60000,2026-07-28 09:30:00-05:00,-0.00677,2026-07-28 11:00:00-05:00,-0.00059,372.67,reverted,10.72,1
2026-07-29,1,59584,2026-07-29 09:30:00-05:00,-0.0054,2026-07-29 13:30:00-05:00,-0.00132,238.89,reverted,10.69,1
2026-07-30,-1,53609,2026-07-30 09:30:00-05:00,0.00908,2026-07-30 14:52:00-05:00,0.00537,191.66,flatten,9.51,1
2026-07-31,1,53680,2026-07-31 10:00:00-05:00,-0.0065,2026-07-31 14:52:00-05:00,-0.00893,-70.81,flatten,9.48,1
2026-08-03,-1,48279,2026-08-03 13:00:00-05:00,0.00662,2026-08-03 14:52:00-05:00,0.00602,20.58,flatten,8.35,1
2026-08-06,-1,47039,2026-08-06 09:30:00-05:00,0.00821,2026-08-06 14:52:00-05:00,0.00753,10.78,flatten,7.99,1
2026-08-13,-1,43402,2026-08-13 10:30:00-05:00,0.0076,2026-08-13 14:52:00-05:00,0.00571,66.37,flatten,7.29,1
2026-08-19,1,60000,2026-08-19 09:30:00-05:00,-0.00684,2026-08-19 14:52:00-05:00,-0.00424,144.34,flatten,10.2,1
