,S1r,S2r,S3r,combined
2016-01-07,-18.48,-187.2,0.0,-205.67999999999998
2016-01-08,-118.36,0.0,0.0,-118.36
2016-01-11,-107.92,91.96,0.0,-15.960000000000008
2016-01-12,0.0,112.88,40.95,153.82999999999998
2016-01-13,628.38,-188.16,-264.47,175.75
2016-01-14,33.08,115.29,-12.96,135.41
2016-01-15,0.0,36.63,0.0,36.63
2016-01-19,0.0,20.37,0.0,20.37
2016-01-20,-153.72,0.0,-24.56,-178.28
2016-01-21,-215.3,-45.9,-129.54,-390.74
2016-01-22,0.0,0.0,-70.07,-70.07
2016-01-25,0.0,69.6,109.18,178.78
2016-01-26,0.0,-89.4,81.36,-8.040000000000006
2016-01-27,-150.75,-14.4,-237.3,-402.45000000000005
2016-01-28,0.0,15.6,194.61,210.21
2016-01-29,362.1,42.6,0.0,404.70000000000005
2016-02-01,0.0,0.0,0.0,0.0
2016-02-02,164.38,0.0,-196.13,-31.75
2016-02-03,-274.78,-58.74,-189.29,-522.81
2016-02-04,0.0,0.0,0.0,0.0
2016-02-05,580.32,0.0,-233.06,347.26000000000005
2016-02-08,-47.08,0.0,0.0,-47.08
2016-02-09,0.0,0.0,268.53,268.53
2016-02-10,-59.92,0.0,0.0,-59.92
2016-02-11,0.0,0.0,-154.05,-154.05
2016-02-12,0.0,-15.9,23.32,7.42
2016-02-16,0.0,12.6,0.0,12.6
2016-02-17,84.32,0.0,0.0,84.32
2016-02-18,0.0,42.6,-181.62,-139.02
2016-02-19,0.0,0.0,140.59,140.59
2016-02-22,0.0,0.0,0.0,0.0
2016-02-23,0.0,2.45,0.0,2.45
2016-02-24,0.0,0.0,7.54,7.54
2016-02-25,0.0,0.0,0.0,0.0
2016-02-26,0.0,-12.88,0.0,-12.88
2016-02-29,-46.92,0.0,0.0,-46.92
2016-03-01,212.76,0.0,-125.41,87.35
2016-03-02,0.0,-176.5,24.72,-151.78
2016-03-03,-94.48,-69.0,-105.24,-268.72
2016-03-04,-66.6,0.0,0.0,-66.6
2016-03-07,-7.13,0.0,-26.4,-33.53
2016-03-08,0.0,104.14,83.92,188.06
2016-03-09,0.0,0.0,0.0,0.0
2016-03-10,-175.79,-189.0,97.68,-267.10999999999996
2016-03-11,0.0,33.5,0.0,33.5
2016-03-14,0.0,0.0,9.26,9.26
2016-03-15,0.0,0.0,0.0,0.0
2016-03-16,70.18,-48.95,0.0,21.230000000000004
2016-03-17,0.0,0.0,65.61,65.61
2016-03-18,-184.8,0.0,161.64,-23.160000000000025
2016-03-21,0.0,0.0,0.0,0.0
2016-03-22,-7.28,-4.8,0.0,-12.08
2016-03-23,-13.16,-64.8,0.0,-77.96
2016-03-24,0.0,0.0,0.0,0.0
2016-03-28,0.0,0.0,0.0,0.0
2016-03-29,441.04,0.0,-174.94,266.1
2016-03-30,-166.17,-154.8,213.33,-107.64000000000001
2016-03-31,0.0,0.0,0.0,0.0
2016-04-01,97.59,0.0,-0.95,96.64
2016-04-04,-62.16,-70.8,0.0,-132.95999999999998
2016-04-05,0.0,163.2,0.0,163.2
2016-04-06,229.08,109.2,-101.59,236.69000000000003
2016-04-07,26.56,0.0,19.52,46.08
2016-04-08,0.0,0.0,-141.35,-141.35
2016-04-11,-168.48,0.0,0.0,-168.48
2016-04-12,-159.36,0.0,113.98,-45.38000000000001
2016-04-13,-75.9,64.2,183.55,171.85000000000002
2016-04-14,0.0,0.0,0.0,0.0
2016-04-15,0.0,7.2,0.0,7.2
2016-04-18,-115.2,0.0,81.74,-33.46000000000001
2016-04-19,-162.02,0.0,-169.97,-331.99
2016-04-20,0.0,0.0,0.0,0.0
2016-04-21,0.0,0.0,0.0,0.0
2016-04-22,0.0,0.0,0.0,0.0
2016-04-25,0.0,0.0,0.0,0.0
2016-04-26,0.0,0.0,0.0,0.0
2016-04-27,0.0,0.0,0.0,0.0
2016-04-28,0.0,0.0,0.0,0.0
2016-04-29,0.0,0.0,0.0,0.0
2016-05-02,0.0,0.0,0.0,0.0
2016-05-03,0.0,0.0,0.0,0.0
2016-05-04,0.0,0.0,0.0,0.0
2016-05-05,0.0,0.0,0.0,0.0
2016-05-06,0.0,0.0,0.0,0.0
2016-05-09,0.0,0.0,0.0,0.0
2016-05-10,0.0,0.0,0.0,0.0
2016-05-11,0.0,0.0,0.0,0.0
2016-05-12,0.0,0.0,0.0,0.0
2016-05-13,0.0,0.0,0.0,0.0
2016-05-16,188.0,0.0,0.0,188.0
2016-05-17,199.06,-90.06,-46.88,62.12
2016-05-18,0.0,0.0,0.0,0.0
2016-05-19,0.0,0.0,0.0,0.0
2016-05-20,0.0,0.0,0.0,0.0
2016-05-23,0.0,0.0,0.0,0.0
2016-05-24,302.18,-31.8,-129.05,141.32999999999998
2016-05-25,0.0,-96.84,0.0,-96.84
2016-05-26,0.0,0.0,0.0,0.0
2016-05-27,0.0,0.0,0.0,0.0
2016-05-31,0.0,0.0,0.0,0.0
2016-06-01,0.0,0.0,0.0,0.0
2016-06-02,0.0,0.0,0.0,0.0
2016-06-03,0.0,0.0,0.0,0.0
2016-06-06,0.0,0.0,0.0,0.0
2016-06-07,0.0,0.0,0.0,0.0
2016-06-08,0.0,0.0,0.0,0.0
2016-06-09,0.0,0.0,0.0,0.0
2016-06-10,0.0,0.0,0.0,0.0
2016-06-13,0.0,0.0,0.0,0.0
2016-06-14,0.0,0.0,0.0,0.0
2016-06-15,0.0,0.0,0.0,0.0
2016-06-16,0.0,0.0,0.0,0.0
2016-06-17,0.0,0.0,0.0,0.0
2016-06-20,0.0,0.0,0.0,0.0
2016-06-21,0.0,0.0,0.0,0.0
2016-06-22,0.0,0.0,0.0,0.0
2016-06-23,0.0,0.0,0.0,0.0
2016-06-24,0.0,-160.8,32.02,-128.78
2016-06-27,165.24,0.0,-20.85,144.39000000000001
2016-06-28,-23.52,0.0,82.4,58.88000000000001
2016-06-29,17.1,-187.62,86.29,-84.23
2016-06-30,0.78,0.0,0.0,0.78
2016-07-01,-104.76,-16.52,-1.68,-122.96000000000001
2016-07-05,3.48,0.0,0.0,3.48
2016-07-06,-42.66,-178.8,-126.48,-347.94
2016-07-07,0.0,54.28,-56.66,-2.3799999999999955
2016-07-08,133.02,0.0,26.53,159.55
2016-07-11,-51.48,-124.8,0.0,-176.28
2016-07-12,0.0,-33.18,62.23,29.049999999999997
2016-07-13,0.0,0.0,0.0,0.0
2016-07-14,0.0,-70.8,0.0,-70.8
2016-07-15,0.0,-61.8,0.0,-61.8
2016-07-18,56.8,0.0,-48.95,7.849999999999994
2016-07-19,0.0,0.0,0.0,0.0
2016-07-20,0.0,0.0,0.0,0.0
2016-07-21,0.0,0.0,0.0,0.0
2016-07-22,0.0,0.0,0.0,0.0
2016-07-25,0.0,0.0,0.0,0.0
2016-07-26,0.0,0.0,0.0,0.0
2016-07-27,0.0,0.0,0.0,0.0
2016-07-28,0.0,0.0,0.0,0.0
2016-07-29,0.0,0.0,0.0,0.0
2016-08-01,0.0,0.0,0.0,0.0
2016-08-02,0.0,0.0,0.0,0.0
2016-08-03,0.0,0.0,0.0,0.0
2016-08-04,0.0,0.0,0.0,0.0
2016-08-05,0.0,0.0,0.0,0.0
2016-08-08,0.0,0.0,0.0,0.0
2016-08-09,0.0,0.0,0.0,0.0
2016-08-10,0.0,0.0,0.0,0.0
2016-08-11,0.0,0.0,0.0,0.0
2016-08-12,0.0,0.0,0.0,0.0
2016-08-15,0.0,0.0,0.0,0.0
2016-08-16,0.0,0.0,0.0,0.0
2016-08-17,0.0,0.0,0.0,0.0
2016-08-18,0.0,0.0,0.0,0.0
2016-08-19,0.0,0.0,0.0,0.0
2016-08-22,0.0,0.0,0.0,0.0
2016-08-23,0.0,0.0,0.0,0.0
2016-08-24,0.0,0.0,0.0,0.0
2016-08-25,0.0,0.0,0.0,0.0
2016-08-26,0.0,0.0,0.0,0.0
2016-08-29,0.0,0.0,0.0,0.0
2016-08-30,0.0,0.0,0.0,0.0
2016-08-31,0.0,0.0,0.0,0.0
2016-09-01,0.0,0.0,0.0,0.0
2016-09-02,0.0,0.0,0.0,0.0
2016-09-06,0.0,0.0,0.0,0.0
2016-09-07,0.0,0.0,0.0,0.0
2016-09-08,0.0,0.0,0.0,0.0
2016-09-09,0.0,0.0,0.0,0.0
2016-09-12,0.0,0.0,0.0,0.0
2016-09-13,0.0,0.0,0.0,0.0
2016-09-14,0.0,0.0,0.0,0.0
2016-09-15,805.2,0.0,-54.92,750.2800000000001
2016-09-16,0.0,0.0,0.0,0.0
2016-09-19,-156.6,0.0,-34.57,-191.17
2016-09-20,0.0,0.0,0.0,0.0
2016-09-21,0.0,115.2,0.0,115.2
2016-09-22,0.0,7.2,0.0,7.2
2016-09-23,0.0,0.0,0.0,0.0
2016-09-26,0.0,0.0,0.0,0.0
2016-09-27,289.2,0.0,-59.42,229.77999999999997
2016-09-28,0.0,0.0,0.0,0.0
2016-09-29,-210.58,0.0,0.0,-210.58
2016-09-30,-4.44,0.0,0.0,-4.44
2016-10-03,0.0,0.0,0.0,0.0
2016-10-04,0.0,0.0,0.0,0.0
2016-10-05,0.0,0.0,0.0,0.0
2016-10-06,0.0,0.0,0.0,0.0
2016-10-07,0.0,0.0,0.0,0.0
2016-10-10,0.0,0.0,0.0,0.0
2016-10-11,0.0,0.0,0.0,0.0
2016-10-12,0.0,0.0,0.0,0.0
2016-10-13,0.0,0.0,0.0,0.0
2016-10-14,0.0,0.0,0.0,0.0
2016-10-17,0.0,0.0,0.0,0.0
2016-10-18,0.0,0.0,0.0,0.0
2016-10-19,0.0,0.0,0.0,0.0
2016-10-20,0.0,0.0,0.0,0.0
2016-10-21,0.0,0.0,0.0,0.0
2016-10-24,0.0,0.0,0.0,0.0
2016-10-25,0.0,0.0,0.0,0.0
2016-10-26,0.0,0.0,0.0,0.0
2016-10-27,0.0,0.0,0.0,0.0
2016-10-28,0.0,0.0,0.0,0.0
2016-10-31,0.0,0.0,0.0,0.0
2016-11-01,0.0,0.0,0.0,0.0
2016-11-02,0.0,0.0,0.0,0.0
2016-11-03,0.0,0.0,0.0,0.0
2016-11-04,0.0,0.0,0.0,0.0
2016-11-07,102.72,0.0,59.61,162.32999999999998
2016-11-08,123.48,0.0,2.5,125.98
2016-11-09,0.0,0.0,106.53,106.53
2016-11-10,-383.8,103.2,-113.33,-393.93
2016-11-11,-191.66,0.0,0.0,-191.66
2016-11-14,-241.38,101.48,-147.4,-287.29999999999995
2016-11-15,28.0,0.0,161.54,189.54
2016-11-16,0.0,-60.18,-236.4,-296.58
2016-11-17,0.0,41.82,0.0,41.82
2016-11-18,0.0,0.0,0.0,0.0
2016-11-21,-190.08,44.28,0.0,-145.8
2016-11-22,0.0,79.2,0.0,79.2
2016-11-23,0.0,0.0,0.0,0.0
2016-11-25,0.0,0.0,0.0,0.0
2016-11-28,0.0,0.0,0.0,0.0
2016-11-29,0.0,0.0,0.0,0.0
2016-11-30,93.95,0.0,-28.14,65.81
2016-12-01,127.88,-94.8,-246.66,-213.57999999999998
2016-12-02,0.0,4.2,0.0,4.2
2016-12-05,-14.82,17.82,0.0,3.0
2016-12-06,0.0,0.0,0.0,0.0
2016-12-07,0.0,0.0,0.0,0.0
2016-12-08,0.0,0.0,0.0,0.0
2016-12-09,0.0,0.0,0.0,0.0
2016-12-12,0.0,0.0,0.0,0.0
2016-12-13,65.94,-142.8,180.16,103.29999999999998
2016-12-14,0.0,0.0,0.0,0.0
2016-12-15,0.0,0.0,0.0,0.0
2016-12-16,-135.6,-40.8,0.0,-176.39999999999998
2016-12-19,-119.68,0.0,148.63,28.94999999999999
2016-12-20,0.0,0.0,0.0,0.0
2016-12-21,0.0,0.0,0.0,0.0
2016-12-22,0.0,0.0,0.0,0.0
2016-12-23,0.0,0.0,0.0,0.0
2016-12-27,0.0,0.0,0.0,0.0
2016-12-28,0.0,0.0,0.0,0.0
2016-12-29,0.0,0.0,0.0,0.0
2016-12-30,0.0,0.0,0.0,0.0
2017-01-03,0.0,0.0,0.0,0.0
2017-01-04,0.0,0.0,0.0,0.0
2017-01-05,0.0,0.0,0.0,0.0
2017-01-06,0.0,0.0,0.0,0.0
2017-01-09,0.0,0.0,0.0,0.0
2017-01-10,0.0,0.0,0.0,0.0
2017-01-11,0.0,0.0,0.0,0.0
2017-01-12,0.0,0.0,0.0,0.0
2017-01-13,0.0,0.0,0.0,0.0
2017-01-17,0.0,0.0,0.0,0.0
2017-01-18,0.0,0.0,0.0,0.0
2017-01-19,0.0,0.0,0.0,0.0
2017-01-20,0.0,0.0,0.0,0.0
2017-01-23,0.0,0.0,0.0,0.0
2017-01-24,0.0,0.0,0.0,0.0
2017-01-25,0.0,0.0,0.0,0.0
2017-01-26,0.0,0.0,0.0,0.0
2017-01-27,0.0,0.0,0.0,0.0
2017-01-30,0.0,0.0,0.0,0.0
2017-01-31,0.0,0.0,0.0,0.0
2017-02-01,0.0,0.0,0.0,0.0
2017-02-02,0.0,0.0,0.0,0.0
2017-02-03,0.0,0.0,0.0,0.0
2017-02-06,0.0,0.0,0.0,0.0
2017-02-07,0.0,0.0,0.0,0.0
2017-02-08,0.0,0.0,0.0,0.0
2017-02-09,0.0,0.0,0.0,0.0
2017-02-10,0.0,0.0,0.0,0.0
2017-02-13,0.0,0.0,0.0,0.0
2017-02-14,0.0,0.0,0.0,0.0
2017-02-15,0.0,0.0,0.0,0.0
2017-02-16,0.0,0.0,0.0,0.0
2017-02-17,0.0,0.0,0.0,0.0
2017-02-21,0.0,0.0,0.0,0.0
2017-02-22,0.0,0.0,0.0,0.0
2017-02-23,0.0,0.0,0.0,0.0
2017-02-24,0.0,0.0,0.0,0.0
2017-02-27,0.0,0.0,0.0,0.0
2017-02-28,0.0,0.0,0.0,0.0
2017-03-01,0.0,0.0,0.0,0.0
2017-03-02,0.0,0.0,0.0,0.0
2017-03-03,0.0,0.0,0.0,0.0
2017-03-06,0.0,0.0,0.0,0.0
2017-03-07,0.0,0.0,0.0,0.0
2017-03-08,0.0,0.0,0.0,0.0
2017-03-09,0.0,0.0,0.0,0.0
2017-03-10,0.0,0.0,0.0,0.0
2017-03-13,0.0,0.0,0.0,0.0
2017-03-14,0.0,0.0,0.0,0.0
2017-03-15,0.0,0.0,0.0,0.0
2017-03-16,0.0,0.0,0.0,0.0
2017-03-17,0.0,0.0,0.0,0.0
2017-03-20,0.0,0.0,0.0,0.0
2017-03-21,0.0,0.0,0.0,0.0
2017-03-22,0.0,0.0,0.0,0.0
2017-03-23,0.0,0.0,0.0,0.0
2017-03-24,0.0,0.0,0.0,0.0
2017-03-27,0.0,0.0,0.0,0.0
2017-03-28,0.0,0.0,0.0,0.0
2017-03-29,0.0,0.0,0.0,0.0
2017-03-30,0.0,0.0,0.0,0.0
2017-03-31,0.0,0.0,0.0,0.0
2017-04-03,0.0,0.0,0.0,0.0
2017-04-04,0.0,0.0,0.0,0.0
2017-04-05,0.0,0.0,0.0,0.0
2017-04-06,0.0,0.0,0.0,0.0
2017-04-07,0.0,0.0,0.0,0.0
2017-04-10,0.0,0.0,0.0,0.0
2017-04-11,0.0,0.0,0.0,0.0
2017-04-12,0.0,0.0,0.0,0.0
2017-04-13,0.0,0.0,0.0,0.0
2017-04-17,0.0,0.0,0.0,0.0
2017-04-18,0.0,0.0,0.0,0.0
2017-04-19,0.0,0.0,0.0,0.0
2017-04-20,0.0,0.0,0.0,0.0
2017-04-21,0.0,0.0,0.0,0.0
2017-04-24,0.0,0.0,0.0,0.0
2017-04-25,0.0,0.0,0.0,0.0
2017-04-26,0.0,0.0,0.0,0.0
2017-04-27,0.0,0.0,0.0,0.0
2017-04-28,0.0,0.0,0.0,0.0
2017-05-01,0.0,0.0,0.0,0.0
2017-05-02,0.0,0.0,0.0,0.0
2017-05-03,0.0,0.0,0.0,0.0
2017-05-04,0.0,0.0,0.0,0.0
2017-05-05,0.0,0.0,0.0,0.0
2017-05-08,0.0,0.0,0.0,0.0
2017-05-09,0.0,0.0,0.0,0.0
2017-05-10,0.0,0.0,0.0,0.0
2017-05-11,0.0,0.0,0.0,0.0
2017-05-12,0.0,0.0,0.0,0.0
2017-05-15,0.0,0.0,0.0,0.0
2017-05-16,0.0,0.0,0.0,0.0
2017-05-17,0.0,0.0,0.0,0.0
2017-05-18,0.0,0.0,0.0,0.0
2017-05-19,0.0,0.0,0.0,0.0
2017-05-22,85.23,37.2,-63.94,58.49000000000001
2017-05-23,0.0,0.0,0.0,0.0
2017-05-24,0.0,55.2,0.0,55.2
2017-05-25,30.24,0.0,77.9,108.14
2017-05-26,0.0,-28.74,0.0,-28.74
2017-05-30,0.0,-23.4,0.0,-23.4
2017-05-31,-102.86,0.0,-1.91,-104.77
2017-06-01,0.0,61.2,17.66,78.86
2017-06-02,126.17,25.2,0.0,151.37
2017-06-05,0.0,-28.8,0.0,-28.8
2017-06-06,0.0,0.0,0.0,0.0
2017-06-07,0.0,0.0,0.0,0.0
2017-06-08,0.0,0.0,0.0,0.0
2017-06-09,1587.92,0.0,-246.29,1341.63
2017-06-12,-314.32,-130.8,163.29,-281.83000000000004
2017-06-13,0.0,-130.8,155.57,24.769999999999982
2017-06-14,0.0,0.0,-36.54,-36.54
2017-06-15,-96.84,0.0,224.62,127.78
2017-06-16,-137.94,-52.8,102.53,-88.21000000000001
2017-06-19,55.02,103.2,-55.41,102.81
2017-06-20,-39.2,205.2,0.0,166.0
2017-06-21,166.53,-10.74,-111.1,44.69
2017-06-22,0.0,148.68,0.0,148.68
2017-06-23,74.48,-187.62,-15.05,-128.19
2017-06-26,-54.5,0.0,-132.19,-186.69
2017-06-27,232.06,99.84,-190.72,141.17999999999998
2017-06-28,255.52,0.0,0.0,255.52
2017-06-29,251.72,0.0,-190.85,60.870000000000005
2017-06-30,0.0,0.0,0.0,0.0
2017-07-03,-215.42,0.0,-282.59,-498.01
2017-07-05,-26.18,0.0,-82.8,-108.97999999999999
2017-07-06,-43.6,-55.62,0.0,-99.22
2017-07-07,-3.02,0.0,-31.57,-34.59
2017-07-10,0.0,0.0,0.0,0.0
2017-07-11,-57.72,0.0,-0.07,-57.79
2017-07-12,0.0,-12.42,0.0,-12.42
2017-07-13,-189.0,0.0,0.0,-189.0
2017-07-14,0.0,-10.26,0.0,-10.26
2017-07-17,0.0,28.96,0.0,28.96
2017-07-18,0.0,0.0,0.0,0.0
2017-07-19,0.0,-112.8,0.0,-112.8
2017-07-20,0.0,-52.8,0.0,-52.8
2017-07-21,0.0,-103.8,0.0,-103.8
2017-07-24,0.0,-40.8,0.0,-40.8
2017-07-25,0.0,0.0,0.0,0.0
2017-07-26,0.0,0.0,0.0,0.0
2017-07-27,0.0,0.0,0.0,0.0
2017-07-28,0.0,0.0,0.0,0.0
2017-07-31,0.0,0.0,0.0,0.0
2017-08-01,0.0,0.0,0.0,0.0
2017-08-02,0.0,0.0,0.0,0.0
2017-08-03,0.0,0.0,0.0,0.0
2017-08-04,0.0,0.0,0.0,0.0
2017-08-07,0.0,0.0,0.0,0.0
2017-08-08,0.0,0.0,0.0,0.0
2017-08-09,0.0,0.0,0.0,0.0
2017-08-10,0.0,0.0,0.0,0.0
2017-08-11,0.0,0.0,0.0,0.0
2017-08-14,9.88,64.2,0.0,74.08
2017-08-15,0.0,0.0,0.0,0.0
2017-08-16,0.0,0.0,0.0,0.0
2017-08-17,351.52,106.2,-38.69,419.03
2017-08-18,-187.68,0.0,0.0,-187.68
2017-08-21,-188.16,0.0,70.16,-118.0
2017-08-22,263.79,0.0,0.0,263.79
2017-08-23,0.0,0.0,0.0,0.0
2017-08-24,-145.59,0.0,-135.73,-281.32
2017-08-25,0.0,0.0,-48.81,-48.81
2017-08-28,0.0,0.0,90.51,90.51
2017-08-29,0.0,0.0,-108.27,-108.27
2017-08-30,376.8,-187.92,-182.95,5.930000000000035
2017-08-31,-6.74,1.08,0.0,-5.66
2017-09-01,0.0,0.0,0.0,0.0
2017-09-05,-89.88,0.0,0.0,-89.88
2017-09-06,0.0,-189.81,0.0,-189.81
2017-09-07,0.0,0.0,0.0,0.0
2017-09-08,68.12,-100.8,-166.14,-198.82
2017-09-11,-80.2,-52.8,0.0,-133.0
2017-09-12,0.0,0.0,0.0,0.0
2017-09-13,0.0,0.0,0.0,0.0
2017-09-14,0.0,67.2,0.0,67.2
2017-09-15,-188.16,1.2,184.52,-2.4399999999999977
2017-09-18,0.0,55.14,0.0,55.14
2017-09-19,0.0,0.0,0.0,0.0
2017-09-20,0.0,0.0,0.0,0.0
2017-09-21,0.0,0.0,0.0,0.0
2017-09-22,0.0,0.0,0.0,0.0
2017-09-25,0.0,0.0,0.0,0.0
2017-09-26,0.0,0.0,0.0,0.0
2017-09-27,0.0,0.0,0.0,0.0
2017-09-28,0.0,0.0,0.0,0.0
2017-09-29,0.0,0.0,0.0,0.0
2017-10-02,0.0,0.0,0.0,0.0
2017-10-03,0.0,0.0,0.0,0.0
2017-10-04,0.0,0.0,0.0,0.0
2017-10-05,0.0,0.0,0.0,0.0
2017-10-06,0.0,0.0,0.0,0.0
2017-10-09,0.0,0.0,0.0,0.0
2017-10-10,0.0,0.0,0.0,0.0
2017-10-11,0.0,0.0,0.0,0.0
2017-10-12,0.0,0.0,0.0,0.0
2017-10-13,0.0,0.0,0.0,0.0
2017-10-16,0.0,0.0,0.0,0.0
2017-10-17,0.0,0.0,0.0,0.0
2017-10-18,0.0,0.0,0.0,0.0
2017-10-19,0.0,0.0,0.0,0.0
2017-10-20,0.0,0.0,0.0,0.0
2017-10-23,0.0,0.0,0.0,0.0
2017-10-24,0.0,0.0,0.0,0.0
2017-10-25,0.0,0.0,0.0,0.0
2017-10-26,0.0,0.0,0.0,0.0
2017-10-27,0.0,0.0,0.0,0.0
2017-10-30,0.0,0.0,0.0,0.0
2017-10-31,0.0,0.0,0.0,0.0
2017-11-01,0.0,0.0,0.0,0.0
2017-11-02,0.0,0.0,0.0,0.0
2017-11-03,0.0,0.0,0.0,0.0
2017-11-06,-42.29,-16.8,0.0,-59.09
2017-11-07,0.0,0.0,0.0,0.0
2017-11-08,-3.12,0.0,0.0,-3.12
2017-11-09,-86.04,0.0,0.0,-86.04
2017-11-10,0.0,0.0,0.0,0.0
2017-11-13,0.0,0.0,0.0,0.0
2017-11-14,0.0,0.0,0.0,0.0
2017-11-15,0.0,0.0,0.0,0.0
2017-11-16,0.0,0.0,0.0,0.0
2017-11-17,0.0,0.0,0.0,0.0
2017-11-20,0.0,0.0,0.0,0.0
2017-11-21,0.0,0.0,0.0,0.0
2017-11-22,0.0,0.0,0.0,0.0
2017-11-24,0.0,0.0,0.0,0.0
2017-11-27,0.0,0.0,0.0,0.0
2017-11-28,0.0,0.0,0.0,0.0
2017-11-29,0.0,0.0,0.0,0.0
2017-11-30,-15.64,-130.8,0.0,-146.44
2017-12-01,-137.09,0.0,33.86,-103.23
2017-12-04,-35.13,0.0,-241.54,-276.67
2017-12-05,-189.41,-136.8,80.13,-246.08000000000004
2017-12-06,-34.6,0.0,-70.61,-105.21000000000001
2017-12-07,-87.88,4.2,0.0,-83.67999999999999
2017-12-08,0.0,-78.47,0.0,-78.47
2017-12-11,5.5,0.0,0.0,5.5
2017-12-12,0.0,0.0,0.0,0.0
2017-12-13,0.0,0.0,0.0,0.0
2017-12-14,0.0,0.0,0.0,0.0
2017-12-15,49.64,-186.16,0.0,-136.51999999999998
2017-12-18,0.0,0.0,0.0,0.0
2017-12-19,0.0,0.0,0.0,0.0
2017-12-20,0.0,0.0,0.0,0.0
2017-12-21,0.0,0.0,0.0,0.0
2017-12-22,0.0,0.0,0.0,0.0
2017-12-26,0.0,0.0,0.0,0.0
2017-12-27,0.0,0.0,0.0,0.0
2017-12-28,0.0,0.0,0.0,0.0
2017-12-29,0.0,0.0,0.0,0.0
2018-01-02,0.0,0.0,0.0,0.0
2018-01-03,0.0,0.0,0.0,0.0
2018-01-04,0.0,0.0,0.0,0.0
2018-01-05,70.84,115.2,100.01,286.05
2018-01-08,0.0,0.0,0.0,0.0
2018-01-09,0.0,0.0,0.0,0.0
2018-01-10,0.0,0.0,0.0,0.0
2018-01-11,0.0,0.0,0.0,0.0
2018-01-12,272.32,0.0,-32.06,240.26
2018-01-16,-136.08,-130.8,0.0,-266.88
2018-01-17,-6.48,0.0,0.0,-6.48
2018-01-18,0.0,0.0,0.0,0.0
2018-01-19,0.0,-148.8,0.0,-148.8
2018-01-22,274.54,151.2,0.0,425.74
2018-01-23,-49.8,28.2,0.0,-21.599999999999998
2018-01-24,-17.4,0.0,-86.35,-103.75
2018-01-25,0.0,0.0,131.07,131.07
2018-01-26,-58.46,151.2,0.0,92.73999999999998
2018-01-29,0.0,-87.32,0.0,-87.32
2018-01-30,-84.66,0.0,26.68,-57.98
2018-01-31,0.0,71.28,0.0,71.28
2018-02-01,0.0,47.84,-170.94,-123.1
2018-02-02,238.0,263.12,0.0,501.12
2018-02-05,-87.21,0.0,237.38,150.17000000000002
2018-02-06,-338.06,-188.32,-224.0,-750.38
2018-02-07,-35.72,0.0,-160.57,-196.29
2018-02-08,966.42,696.8,-58.66,1604.5599999999997
2018-02-09,-271.26,540.82,298.78,568.34
2018-02-12,-67.6,-191.21,139.64,-119.17000000000002
2018-02-13,0.0,0.0,91.3,91.3
2018-02-14,307.52,0.0,-27.05,280.46999999999997
2018-02-15,0.0,3.24,210.62,213.86
2018-02-16,0.0,0.0,0.0,0.0
2018-02-20,-37.56,0.0,-204.87,-242.43
2018-02-21,0.0,0.0,0.0,0.0
2018-02-22,0.0,-25.48,0.0,-25.48
2018-02-23,0.0,13.65,0.0,13.65
2018-02-26,0.0,-48.06,0.0,-48.06
2018-02-27,0.0,44.08,0.0,44.08
2018-02-28,0.0,0.0,0.0,0.0
2018-03-01,-142.56,0.0,4.09,-138.47
2018-03-02,0.0,0.0,-145.94,-145.94
2018-03-05,-1.04,-24.07,0.0,-25.11
2018-03-06,0.0,0.0,201.27,201.27
2018-03-07,0.0,0.0,0.0,0.0
2018-03-08,0.0,-189.84,0.0,-189.84
2018-03-09,115.44,28.59,0.0,144.03
2018-03-12,-115.56,-5.04,39.99,-80.61000000000001
2018-03-13,88.21,0.0,-181.46,-93.25000000000001
2018-03-14,0.0,0.0,-6.21,-6.21
2018-03-15,0.0,0.0,0.0,0.0
2018-03-16,0.0,39.76,74.75,114.50999999999999
2018-03-19,297.9,0.0,-188.94,108.95999999999998
2018-03-20,55.08,-44.24,135.01,145.85
2018-03-21,0.0,0.0,99.73,99.73
2018-03-22,-72.81,224.64,97.43,249.26
2018-03-23,321.68,295.04,0.0,616.72
2018-03-26,17.14,301.44,144.76,463.34
2018-03-27,587.86,0.0,-126.09,461.77
2018-03-28,28.0,0.0,348.45,376.45
2018-03-29,-378.0,101.36,238.49,-38.14999999999998
2018-04-02,526.22,-189.28,199.05,535.99
2018-04-03,0.0,-195.04,68.58,-126.46
2018-04-04,0.0,0.0,-185.6,-185.6
2018-04-05,0.0,-37.64,-32.14,-69.78
2018-04-06,-12.64,0.0,0.0,-12.64
2018-04-09,112.8,0.0,194.8,307.6
2018-04-10,0.0,-82.44,0.0,-82.44
2018-04-11,0.0,23.76,0.0,23.76
2018-04-12,-32.48,-86.04,0.0,-118.52000000000001
2018-04-13,0.0,0.0,0.0,0.0
2018-04-16,0.0,0.0,0.0,0.0
2018-04-17,16.68,-67.76,-216.08,-267.16
2018-04-18,0.0,0.0,0.0,0.0
2018-04-19,0.0,-54.72,0.0,-54.72
2018-04-20,156.54,-82.68,-10.89,62.969999999999985
2018-04-23,0.0,23.78,-4.02,19.76
2018-04-24,466.56,-193.72,-109.78,163.06000000000003
2018-04-25,-380.64,42.69,198.8,-139.14999999999998
2018-04-26,6.5,0.0,0.0,6.5
2018-04-27,0.0,0.0,-31.87,-31.87
2018-04-30,0.0,-27.28,0.0,-27.28
2018-05-01,0.0,228.47,-221.4,7.069999999999993
2018-05-04,651.82,-109.43,-16.14,526.2500000000001
2018-05-07,2.16,0.0,0.0,2.16
2018-05-08,0.0,0.0,0.0,0.0
2018-05-09,0.0,0.0,0.0,0.0
2018-05-10,0.0,10.24,0.0,10.24
2018-05-11,0.0,0.0,0.0,0.0
2018-05-14,0.0,0.0,0.0,0.0
2018-05-15,-89.68,-191.8,0.0,-281.48
2018-05-16,0.0,0.0,0.0,0.0
2018-05-17,0.0,-12.21,0.0,-12.21
2018-05-18,0.0,8.4,0.0,8.4
2018-05-21,0.0,0.0,90.21,90.21
2018-05-22,0.0,-188.32,120.09,-68.22999999999999
2018-05-23,0.0,0.0,-144.85,-144.85
2018-05-24,0.0,0.0,0.0,0.0
2018-05-25,0.0,0.0,0.0,0.0
2018-05-29,0.0,0.0,0.0,0.0
2018-05-30,0.0,0.0,0.0,0.0
2018-05-31,0.0,0.0,0.0,0.0
2018-06-01,0.0,0.0,0.0,0.0
2018-06-04,13.02,0.0,-17.21,-4.190000000000001
2018-06-05,0.0,0.0,0.0,0.0
2018-06-06,0.0,0.0,0.0,0.0
2018-06-07,46.86,0.0,-33.69,13.170000000000002
2018-06-08,0.0,0.0,0.0,0.0
2018-06-11,0.0,0.0,0.0,0.0
2018-06-12,0.0,0.0,0.0,0.0
2018-06-13,0.0,0.0,0.0,0.0
2018-06-14,0.0,0.0,0.0,0.0
2018-06-15,0.0,49.68,0.0,49.68
2018-06-18,0.0,0.0,0.0,0.0
2018-06-19,0.0,0.0,0.0,0.0
2018-06-20,-111.92,-160.92,-6.06,-278.9
2018-06-21,0.0,0.0,0.0,0.0
2018-06-22,0.0,0.0,0.0,0.0
2018-06-25,263.53,0.0,-205.97,57.559999999999974
2018-06-26,0.0,0.0,0.0,0.0
2018-06-27,50.2,-187.68,-56.34,-193.82000000000002
2018-06-28,-375.12,0.0,-1.85,-376.97
2018-06-29,-103.48,0.0,0.0,-103.48
2018-07-02,0.0,0.0,-153.44,-153.44
2018-07-03,171.52,15.52,-234.13,-47.089999999999975
2018-07-05,0.0,74.8,0.0,74.8
2018-07-06,378.27,-193.12,0.0,185.14999999999998
2018-07-09,0.0,0.0,160.94,160.94
2018-07-10,0.0,0.0,0.0,0.0
2018-07-11,0.0,-18.49,0.0,-18.49
2018-07-12,282.4,0.0,-202.75,79.64999999999998
2018-07-13,0.0,0.0,0.0,0.0
2018-07-16,0.0,0.0,0.0,0.0
2018-07-17,-24.53,0.0,-273.44,-297.97
2018-07-18,0.0,0.0,0.0,0.0
2018-07-19,0.0,25.48,0.0,25.48
2018-07-20,0.0,0.0,0.0,0.0
2018-07-23,0.0,0.0,0.0,0.0
2018-07-24,0.0,0.0,-80.27,-80.27
2018-07-25,363.36,0.0,0.0,363.36
2018-07-26,0.0,0.0,0.0,0.0
2018-07-27,315.78,0.0,-125.43,190.34999999999997
2018-07-30,162.68,-189.41,-45.3,-72.02999999999999
2018-07-31,-10.08,0.0,0.0,-10.08
2018-08-01,-57.35,-14.54,0.0,-71.89
2018-08-02,228.48,0.0,-213.36,15.119999999999976
2018-08-03,0.0,0.0,0.0,0.0
2018-08-06,0.0,-11.63,0.0,-11.63
2018-08-07,0.0,0.0,0.0,0.0
2018-08-08,0.0,0.0,0.0,0.0
2018-08-09,0.0,0.0,0.0,0.0
2018-08-10,0.0,0.0,0.0,0.0
2018-08-13,-191.4,0.0,99.1,-92.30000000000001
2018-08-14,0.0,-104.28,0.0,-104.28
2018-08-15,51.52,0.0,0.0,51.52
2018-08-16,0.0,0.0,-99.51,-99.51
2018-08-17,0.0,0.0,0.0,0.0
2018-08-20,0.0,0.0,0.0,0.0
2018-08-21,0.0,0.0,0.0,0.0
2018-08-22,0.0,0.0,0.0,0.0
2018-08-23,0.0,0.0,0.0,0.0
2018-08-24,0.0,0.0,0.0,0.0
2018-08-27,0.0,0.0,0.0,0.0
2018-08-28,0.0,0.0,0.0,0.0
2018-08-29,0.0,0.0,0.0,0.0
2018-08-30,0.0,0.0,0.0,0.0
2018-08-31,0.0,0.0,0.0,0.0
2018-09-04,0.0,0.0,0.0,0.0
2018-09-05,0.0,0.0,0.0,0.0
2018-09-06,0.0,0.0,0.0,0.0
2018-09-07,0.0,0.0,0.0,0.0
2018-09-10,0.0,0.0,0.0,0.0
2018-09-11,-65.67,0.0,-9.56,-75.23
2018-09-12,-273.2,0.0,170.02,-103.17999999999998
2018-09-13,0.0,0.0,0.0,0.0
2018-09-14,0.0,0.0,0.0,0.0
2018-09-17,219.87,162.54,-133.01,249.39999999999998
2018-09-18,13.52,-187.78,156.04,-18.22
2018-09-19,2.28,0.0,254.74,257.02
2018-09-20,0.0,-105.78,0.0,-105.78
2018-09-21,0.0,0.0,0.0,0.0
2018-09-24,0.0,0.0,-86.69,-86.69
2018-09-25,0.0,0.0,0.0,0.0
2018-09-26,0.0,0.0,0.0,0.0
2018-09-27,0.0,0.0,0.0,0.0
2018-09-28,0.0,0.0,0.0,0.0
2018-10-01,0.0,0.0,0.0,0.0
2018-10-02,0.0,0.0,0.0,0.0
2018-10-03,0.0,0.0,0.0,0.0
2018-10-04,0.0,0.0,0.0,0.0
2018-10-05,0.0,0.0,0.0,0.0
2018-10-08,0.0,0.0,0.0,0.0
2018-10-09,0.0,0.0,0.0,0.0
2018-10-10,682.4,927.94,-177.45,1432.89
2018-10-11,-194.88,-188.34,-280.34,-663.56
2018-10-12,0.0,376.8,0.0,376.8
2018-10-15,-186.84,121.11,61.31,-4.420000000000002
2018-10-16,236.7,156.52,0.0,393.22
2018-10-17,-103.32,0.0,-3.44,-106.75999999999999
2018-10-18,110.75,62.56,-178.39,-5.079999999999984
2018-10-19,-107.64,-93.61,0.0,-201.25
2018-10-22,0.0,0.0,-1.08,-1.08
2018-10-23,-14.56,105.42,0.0,90.86
2018-10-24,828.3,358.4,-252.55,934.1499999999999
2018-10-25,148.16,-195.6,-242.04,-289.48
2018-10-26,0.0,0.0,-275.53,-275.53
2018-10-29,139.91,0.0,-446.75,-306.84000000000003
2018-10-30,-79.04,95.54,0.0,16.5
2018-10-31,-16.92,0.0,-37.53,-54.45
2018-11-01,-25.92,0.0,0.0,-25.92
2018-11-02,11.48,0.0,0.0,11.48
2018-11-05,40.28,-62.32,224.34,202.3
2018-11-06,-192.24,82.08,0.0,-110.16000000000001
2018-11-07,98.28,82.08,39.44,219.8
2018-11-08,0.0,-70.87,0.0,-70.87
2018-11-09,-38.42,0.0,0.0,-38.42
2018-11-12,258.24,0.0,126.25,384.49
2018-11-13,0.0,0.0,0.0,0.0
2018-11-14,0.0,0.0,0.0,0.0
2018-11-15,2.88,-194.04,0.0,-191.16
2018-11-16,0.0,0.0,0.0,0.0
2018-11-19,558.3,141.4,-232.73,466.9699999999999
2018-11-20,0.0,0.0,212.13,212.13
2018-11-21,0.0,0.0,0.0,0.0
2018-11-23,0.0,0.0,0.0,0.0
2018-11-26,-54.8,0.0,0.0,-54.8
2018-11-27,0.0,-91.92,0.0,-91.92
2018-11-28,165.7,125.28,0.0,290.98
2018-11-29,0.0,154.08,0.0,154.08
2018-11-30,0.0,0.0,0.0,0.0
2018-12-03,0.0,-19.5,0.0,-19.5
2018-12-04,290.64,150.5,250.87,692.01
2018-12-06,0.0,0.0,-339.24,-339.24
2018-12-07,601.56,0.0,0.0,601.56
2018-12-10,0.0,0.0,-155.68,-155.68
2018-12-11,0.0,-192.0,0.0,-192.0
2018-12-12,-22.58,0.0,0.0,-22.58
2018-12-13,0.0,88.92,0.0,88.92
2018-12-14,-43.65,19.68,0.0,-23.97
2018-12-17,-43.4,-107.64,0.0,-151.04
2018-12-18,-33.18,183.04,-19.34,130.51999999999998
2018-12-19,-163.14,0.0,0.0,-163.14
2018-12-20,-88.52,0.0,162.82,74.3
2018-12-21,407.16,0.0,-223.82,183.34000000000003
2018-12-24,-99.74,0.0,351.57,251.82999999999998
2018-12-26,480.78,309.12,36.95,826.85
2018-12-27,-26.8,0.0,61.38,34.58
2018-12-28,-189.6,0.0,0.0,-189.6
2018-12-31,0.0,0.0,0.0,0.0
2019-01-02,0.0,-79.68,-266.24,-345.92
2019-01-03,-121.7,38.16,0.0,-83.54
2019-01-04,280.2,0.0,-94.56,185.64
2019-01-07,14.64,-42.88,0.0,-28.240000000000002
2019-01-08,0.0,-18.88,0.0,-18.88
2019-01-09,0.0,-84.24,0.0,-84.24
2019-01-10,0.0,0.0,0.0,0.0
2019-01-11,0.0,0.0,0.0,0.0
2019-01-14,0.0,76.4,0.0,76.4
2019-01-15,-24.78,33.44,4.13,12.789999999999996
2019-01-16,-95.68,-103.5,0.0,-199.18
2019-01-17,0.0,14.88,0.0,14.88
2019-01-18,0.0,0.0,0.0,0.0
2019-01-22,107.2,0.0,34.02,141.22
2019-01-23,0.0,-39.68,0.0,-39.68
2019-01-24,0.0,47.12,0.0,47.12
2019-01-25,0.0,0.0,-7.74,-7.74
2019-01-28,-98.3,0.0,0.0,-98.3
2019-01-29,-88.9,0.0,-207.68,-296.58000000000004
2019-01-30,12.32,0.0,-34.1,-21.78
2019-01-31,134.33,0.0,0.0,134.33
2019-02-01,0.0,0.0,113.54,113.54
2019-02-04,317.44,0.0,84.37,401.81
2019-02-05,3.24,-86.8,-45.41,-128.97
2019-02-06,-187.92,0.0,49.37,-138.54999999999998
2019-02-07,27.56,0.0,0.0,27.56
2019-02-08,0.0,0.0,-5.97,-5.97
2019-02-11,0.0,-4.81,0.0,-4.81
2019-02-12,165.4,-76.96,0.0,88.44000000000001
2019-02-13,0.0,0.0,0.0,0.0
2019-02-14,0.0,0.0,0.0,0.0
2019-02-15,0.0,0.0,-133.38,-133.38
2019-02-19,0.0,0.0,0.0,0.0
2019-02-20,0.0,0.0,0.0,0.0
2019-02-21,0.0,0.0,0.0,0.0
2019-02-22,0.0,0.0,0.0,0.0
2019-02-25,0.0,0.0,0.0,0.0
2019-02-26,0.0,0.0,0.0,0.0
2019-02-27,0.0,0.0,0.0,0.0
2019-02-28,0.0,0.0,0.0,0.0
2019-03-01,0.0,0.0,0.0,0.0
2019-03-04,0.0,0.0,0.0,0.0
2019-03-05,0.0,0.0,0.0,0.0
2019-03-06,0.0,0.0,0.0,0.0
2019-03-07,0.0,0.0,0.0,0.0
2019-03-08,0.0,0.0,0.0,0.0
2019-03-11,0.0,0.0,0.0,0.0
2019-03-12,0.0,0.0,0.0,0.0
2019-03-13,0.0,0.0,0.0,0.0
2019-03-14,0.0,0.0,0.0,0.0
2019-03-15,0.0,0.0,0.0,0.0
2019-03-18,0.0,0.0,0.0,0.0
2019-03-19,0.0,0.0,0.0,0.0
2019-03-20,0.0,0.0,0.0,0.0
2019-03-21,520.5,0.0,-141.59,378.90999999999997
2019-03-22,86.08,297.56,-48.28,335.36
2019-03-25,-43.56,0.0,0.0,-43.56
2019-03-26,-85.2,0.0,0.0,-85.2
2019-03-27,-141.6,0.0,21.96,-119.63999999999999
2019-03-28,0.0,60.8,0.0,60.8
2019-03-29,0.0,0.0,0.0,0.0
2019-04-01,0.0,0.0,111.47,111.47
2019-04-02,0.0,0.0,-29.11,-29.11
2019-04-03,2.04,0.0,-92.95,-90.91
2019-04-04,0.0,0.0,95.45,95.45
2019-04-05,0.0,-43.2,0.0,-43.2
2019-04-08,0.0,0.0,0.0,0.0
2019-04-09,0.0,46.8,84.09,130.89
2019-04-10,0.0,-55.04,88.7,33.660000000000004
2019-04-11,0.0,0.0,0.0,0.0
2019-04-12,0.0,0.0,0.0,0.0
2019-04-15,0.0,0.0,0.0,0.0
2019-04-16,0.0,0.0,0.0,0.0
2019-04-17,0.0,0.0,0.0,0.0
2019-04-18,0.0,0.0,0.0,0.0
2019-04-22,0.0,0.0,0.0,0.0
2019-04-23,0.0,0.0,0.0,0.0
2019-04-24,0.0,0.0,0.0,0.0
2019-04-25,0.0,0.0,0.0,0.0
2019-04-26,0.0,0.0,0.0,0.0
2019-04-29,0.0,0.0,0.0,0.0
2019-04-30,0.0,0.0,0.0,0.0
2019-05-01,0.0,0.0,0.0,0.0
2019-05-02,0.0,0.0,0.0,0.0
2019-05-03,0.0,0.0,0.0,0.0
2019-05-06,0.0,0.0,0.0,0.0
2019-05-07,79.42,-186.16,0.0,-106.74
2019-05-08,0.0,0.0,0.0,0.0
2019-05-09,-23.14,0.0,124.95,101.81
2019-05-10,-87.97,0.0,54.11,-33.86
2019-05-13,-48.96,-7.38,-73.91,-130.25
2019-05-14,-37.08,-191.66,0.0,-228.74
2019-05-15,186.3,0.0,-131.44,54.860000000000014
2019-05-16,-44.28,0.0,3.29,-40.99
2019-05-17,0.0,68.68,0.0,68.68
2019-05-20,0.0,0.0,0.0,0.0
2019-05-21,0.0,0.0,0.0,0.0
2019-05-22,0.0,78.6,0.0,78.6
2019-05-23,-19.68,0.0,0.0,-19.68
2019-05-24,0.0,-122.4,0.0,-122.4
2019-05-28,-189.12,0.0,0.0,-189.12
2019-05-29,0.0,0.0,0.0,0.0
2019-05-30,-29.5,37.44,0.0,7.939999999999998
2019-05-31,0.0,17.68,0.0,17.68
2019-06-03,-238.76,-191.8,-205.63,-636.19
2019-06-04,206.64,135.45,22.61,364.7
2019-06-05,0.0,137.2,29.26,166.45999999999998
2019-06-06,0.0,0.0,0.0,0.0
2019-06-07,210.33,-69.02,-112.74,28.570000000000007
2019-06-10,1.12,0.0,39.37,40.489999999999995
2019-06-11,0.0,-2.8,0.0,-2.8
2019-06-12,0.0,0.68,0.0,0.68
2019-06-13,0.0,0.0,0.0,0.0
2019-06-14,0.0,0.0,0.0,0.0
2019-06-17,-69.36,-146.3,-3.23,-218.89000000000001
2019-06-18,-48.18,0.0,0.0,-48.18
2019-06-19,0.0,0.0,0.0,0.0
2019-06-20,0.0,122.36,0.0,122.36
2019-06-21,0.0,0.0,0.0,0.0
2019-06-24,0.0,20.8,0.0,20.8
2019-06-25,499.17,-7.56,-238.14,253.47000000000003
2019-06-26,-73.28,-7.56,175.29,94.44999999999999
2019-06-27,0.0,-20.16,0.0,-20.16
2019-06-28,0.0,0.0,0.0,0.0
2019-07-01,0.0,38.28,0.0,38.28
2019-07-02,0.0,0.0,0.0,0.0
2019-07-03,100.62,0.0,0.0,100.62
2019-07-05,0.32,162.9,0.0,163.22
2019-07-08,-98.44,0.0,0.0,-98.44
2019-07-09,0.0,0.0,0.0,0.0
2019-07-10,-158.27,56.12,0.0,-102.15
2019-07-11,0.0,0.0,0.0,0.0
2019-07-12,-23.52,0.0,57.0,33.480000000000004
2019-07-15,0.0,-49.68,0.0,-49.68
2019-07-16,0.0,0.0,0.0,0.0
2019-07-17,0.0,0.0,0.0,0.0
2019-07-18,0.0,0.0,0.0,0.0
2019-07-19,0.0,0.0,0.0,0.0
2019-07-22,0.0,0.0,0.0,0.0
2019-07-23,0.0,0.0,0.0,0.0
2019-07-24,0.0,0.0,0.0,0.0
2019-07-25,0.0,0.0,0.0,0.0
2019-07-26,-80.3,-57.82,0.0,-138.12
2019-07-29,-188.4,-62.72,192.78,-58.34
2019-07-30,0.0,0.0,0.0,0.0
2019-07-31,0.0,-189.0,-23.44,-212.44
2019-08-01,-210.58,-191.5,-125.15,-527.23
2019-08-02,121.8,0.0,-30.47,91.33
2019-08-05,145.39,0.0,0.0,145.39
2019-08-06,-41.22,91.16,0.0,49.94
2019-08-07,0.0,0.0,160.53,160.53
2019-08-08,246.41,137.56,0.0,383.97
2019-08-09,-165.48,0.0,0.0,-165.48
2019-08-12,0.0,0.0,0.0,0.0
2019-08-13,-380.52,0.0,17.12,-363.4
2019-08-14,52.92,0.0,0.0,52.92
2019-08-15,0.0,55.68,0.0,55.68
2019-08-16,-78.84,24.48,0.0,-54.36
2019-08-19,0.0,-18.72,0.0,-18.72
2019-08-20,0.0,0.0,0.0,0.0
2019-08-21,0.0,25.68,0.0,25.68
2019-08-22,-141.12,0.0,101.1,-40.02000000000001
2019-08-23,264.2,162.98,-94.19,332.98999999999995
2019-08-26,0.0,0.0,0.0,0.0
2019-08-27,0.0,0.0,0.0,0.0
2019-08-28,0.0,-33.48,-10.53,-44.01
2019-08-29,-26.18,0.0,79.79,53.61000000000001
2019-08-30,-48.96,122.24,-112.71,-39.42999999999999
2019-09-03,0.0,0.0,18.69,18.69
2019-09-04,0.0,-1.05,15.81,14.76
2019-09-05,20.01,-46.08,0.66,-25.409999999999997
2019-09-06,0.0,0.0,25.25,25.25
2019-09-09,-83.72,0.0,150.36,66.64000000000001
2019-09-10,-197.89,-189.24,0.0,-387.13
2019-09-11,61.48,19.76,91.94,173.18
2019-09-12,-196.74,0.0,0.0,-196.74
2019-09-13,0.0,-48.38,0.0,-48.38
2019-09-16,0.0,-69.52,0.0,-69.52
2019-09-17,0.0,0.0,0.0,0.0
2019-09-18,-277.36,0.0,155.8,-121.56
2019-09-19,0.0,0.0,0.0,0.0
2019-09-20,0.0,0.0,0.0,0.0
2019-09-23,0.0,0.0,0.0,0.0
2019-09-24,0.0,0.0,0.0,0.0
2019-09-25,0.0,0.0,0.0,0.0
2019-09-26,0.0,0.0,0.0,0.0
2019-09-27,0.0,0.0,0.0,0.0
2019-09-30,31.92,0.0,0.0,31.92
2019-10-01,-263.51,-188.32,14.29,-437.53999999999996
2019-10-02,171.38,52.46,0.0,223.84
2019-10-03,-280.8,0.0,19.01,-261.79
2019-10-04,-38.88,0.0,0.0,-38.88
2019-10-07,0.0,0.0,83.89,83.89
2019-10-08,-104.8,366.96,0.0,262.15999999999997
2019-10-09,0.0,-191.36,0.0,-191.36
2019-10-10,-82.56,-8.96,0.0,-91.52000000000001
2019-10-11,-16.94,-192.96,0.0,-209.9
2019-10-14,0.0,-79.36,72.91,-6.450000000000003
2019-10-15,156.4,-104.94,-93.92,-42.459999999999994
2019-10-16,0.0,-83.3,0.0,-83.3
2019-10-17,0.0,0.0,43.5,43.5
2019-10-18,-110.08,0.0,-68.47,-178.55
2019-10-21,0.0,15.96,0.0,15.96
2019-10-22,0.0,-190.32,-128.13,-318.45
2019-10-23,0.0,0.0,0.0,0.0
2019-10-24,0.0,56.8,-37.84,18.959999999999994
2019-10-25,67.8,0.0,-127.29,-59.49000000000001
2019-10-28,-40.13,-111.72,-2.4,-154.25
2019-10-29,0.0,0.0,-110.91,-110.91
2019-10-30,0.0,0.0,0.0,0.0
2019-10-31,0.0,0.0,0.0,0.0
2019-11-01,-22.42,0.0,0.0,-22.42
2019-11-04,0.0,0.0,0.0,0.0
2019-11-05,0.0,0.0,0.0,0.0
2019-11-06,0.0,0.0,0.0,0.0
2019-11-07,0.0,0.0,0.0,0.0
2019-11-08,0.0,0.0,0.0,0.0
2019-11-11,0.0,0.0,0.0,0.0
2019-11-12,0.0,0.0,0.0,0.0
2019-11-13,0.0,0.0,0.0,0.0
2019-11-14,0.0,0.0,0.0,0.0
2019-11-15,0.0,0.0,0.0,0.0
2019-11-18,0.0,0.0,0.0,0.0
2019-11-19,0.0,0.0,0.0,0.0
2019-11-20,0.0,0.0,0.0,0.0
2019-11-21,0.0,0.0,0.0,0.0
2019-11-22,0.0,0.0,0.0,0.0
2019-11-25,0.0,0.0,0.0,0.0
2019-11-26,0.0,0.0,0.0,0.0
2019-11-27,0.0,0.0,0.0,0.0
2019-11-29,0.0,0.0,0.0,0.0
2019-12-02,0.0,0.0,0.0,0.0
2019-12-03,0.0,0.0,0.0,0.0
2019-12-04,0.0,0.0,0.0,0.0
2019-12-05,0.0,0.0,0.0,0.0
2019-12-06,0.0,0.0,0.0,0.0
2019-12-09,0.0,0.0,0.0,0.0
2019-12-10,0.0,0.0,0.0,0.0
2019-12-11,0.0,0.0,0.0,0.0
2019-12-12,0.0,0.0,0.0,0.0
2019-12-13,0.0,0.0,0.0,0.0
2019-12-16,0.0,0.0,0.0,0.0
2019-12-17,0.0,0.0,0.0,0.0
2019-12-18,0.0,0.0,0.0,0.0
2019-12-19,0.0,0.0,0.0,0.0
2019-12-20,0.0,0.0,0.0,0.0
2019-12-23,0.0,0.0,0.0,0.0
2019-12-24,0.0,0.0,0.0,0.0
2019-12-26,0.0,0.0,0.0,0.0
2019-12-27,0.0,0.0,0.0,0.0
2019-12-30,0.0,0.0,0.0,0.0
2019-12-31,0.0,0.0,0.0,0.0
2020-01-02,0.0,0.0,0.0,0.0
2020-01-03,0.0,0.0,0.0,0.0
2020-01-06,0.0,0.0,0.0,0.0
2020-01-07,0.0,0.0,0.0,0.0
2020-01-08,0.0,0.0,0.0,0.0
2020-01-09,0.0,0.0,0.0,0.0
2020-01-10,0.0,0.0,0.0,0.0
2020-01-13,0.0,0.0,0.0,0.0
2020-01-14,0.0,0.0,0.0,0.0
2020-01-15,0.0,0.0,0.0,0.0
2020-01-16,0.0,281.52,0.0,281.52
2020-01-17,0.0,277.3,91.17,368.47
2020-01-21,0.0,0.0,0.0,0.0
2020-01-22,0.0,0.0,0.0,0.0
2020-01-23,0.0,0.0,0.0,0.0
2020-01-24,0.0,0.0,0.0,0.0
2020-01-27,0.0,0.0,0.0,0.0
2020-01-28,192.32,-188.16,-7.89,-3.730000000000003
2020-01-29,0.0,0.0,103.62,103.62
2020-01-30,-157.28,0.0,0.0,-157.28
2020-01-31,343.33,-143.64,60.58,260.27
2020-02-03,-33.66,-191.66,-117.66,-342.98
2020-02-04,64.54,-188.3,-131.35,-255.11
2020-02-05,0.0,0.0,-102.46,-102.46
2020-02-06,-40.56,0.0,-89.45,-130.01
2020-02-07,0.0,-83.3,0.0,-83.3
2020-02-10,140.26,82.95,-50.06,173.14999999999998
2020-02-11,0.0,0.0,0.0,0.0
2020-02-12,0.0,58.48,0.0,58.48
2020-02-13,0.0,98.91,0.0,98.91
2020-02-14,0.0,0.0,0.0,0.0
2020-02-18,0.0,61.95,-63.11,-1.1599999999999966
2020-02-19,0.0,0.0,0.0,0.0
2020-02-20,-56.98,-190.08,-3.76,-250.82
2020-02-21,192.3,-190.08,-104.97,-102.75
2020-02-24,0.0,432.72,0.0,432.72
2020-02-25,620.64,0.0,0.0,620.64
2020-02-26,-192.92,-107.8,-136.76,-437.47999999999996
2020-02-27,-103.4,768.88,0.0,665.48
2020-02-28,0.0,-190.74,-182.72,-373.46000000000004
2020-03-02,-81.06,965.79,0.0,884.73
2020-03-03,-386.16,0.0,-34.74,-420.90000000000003
2020-03-04,-35.12,196.08,0.0,160.96
2020-03-05,0.0,-195.72,66.85,-128.87
2020-03-06,0.0,0.0,0.0,0.0
2020-03-09,0.0,0.0,-232.96,-232.96
2020-03-10,0.0,221.2,0.0,221.2
2020-03-11,49.86,-192.8,0.0,-142.94
2020-03-12,0.0,-178.92,300.03,121.10999999999999
2020-03-13,0.0,-189.72,249.09,59.370000000000005
2020-03-16,0.0,452.16,0.0,452.16
2020-03-17,68.46,0.0,-80.87,-12.41000000000001
2020-03-18,-102.54,-183.26,260.91,-24.889999999999986
2020-03-19,-307.59,0.0,226.61,-80.97999999999996
2020-03-20,0.0,-193.76,0.0,-193.76
2020-03-23,-110.9,0.0,-252.78,-363.68
2020-03-24,0.0,66.12,-287.34,-221.21999999999997
2020-03-25,-14.28,270.72,-357.82,-101.37999999999994
2020-03-26,274.92,149.52,0.0,424.44000000000005
2020-03-27,0.0,0.0,0.0,0.0
2020-03-30,8.16,0.0,0.0,8.16
2020-03-31,0.0,-56.28,235.87,179.59
2020-04-01,0.0,-46.68,0.0,-46.68
2020-04-02,-126.48,105.14,0.0,-21.340000000000003
2020-04-03,-6.51,0.0,0.0,-6.51
2020-04-06,-7.14,226.53,0.0,219.39000000000001
2020-04-07,0.0,0.0,0.0,0.0
2020-04-08,0.0,0.0,0.0,0.0
2020-04-09,0.0,44.64,133.65,178.29000000000002
2020-04-13,0.0,0.0,-301.22,-301.22
2020-04-14,-5.91,0.0,-54.74,-60.650000000000006
2020-04-15,0.0,92.68,0.0,92.68
2020-04-16,-122.65,150.08,124.38,151.81
2020-04-17,0.0,121.38,0.0,121.38
2020-04-20,0.0,0.0,0.0,0.0
2020-04-21,434.2,0.0,-309.77,124.43
2020-04-22,0.0,0.0,0.0,0.0
2020-04-23,13.92,0.0,0.0,13.92
2020-04-24,-192.24,0.0,0.0,-192.24
2020-04-27,0.0,2.16,-36.32,-34.16
2020-04-28,-93.65,-195.84,0.0,-289.49
2020-04-29,11.29,-195.84,0.0,-184.55
2020-04-30,0.0,74.16,0.0,74.16
2020-05-01,-31.72,116.33,0.0,84.61
2020-05-04,0.0,81.36,34.89,116.25
2020-05-05,-91.47,0.0,0.0,-91.47
2020-05-06,0.0,-195.79,-147.96,-343.75
2020-05-07,0.0,0.0,0.0,0.0
2020-05-08,0.0,40.11,0.0,40.11
2020-05-11,1.76,0.0,0.0,1.76
2020-05-12,0.0,524.86,0.0,524.86
2020-05-13,-155.8,385.44,0.0,229.64
2020-05-14,-102.44,0.0,81.98,-20.459999999999994
2020-05-15,0.0,0.0,0.0,0.0
2020-05-18,-8.96,-58.6,0.0,-67.56
2020-05-19,42.4,-195.36,0.0,-152.96
2020-05-20,0.63,2.64,0.0,3.27
2020-05-21,-21.83,0.0,0.0,-21.83
2020-05-22,0.0,0.0,0.0,0.0
2020-05-26,0.0,0.0,-150.2,-150.2
2020-05-27,-193.46,0.0,0.0,-193.46
2020-05-28,-127.66,212.06,74.03,158.43
2020-05-29,0.0,253.47,0.0,253.47
2020-06-01,0.0,2.28,0.0,2.28
2020-06-02,-28.34,-188.67,191.54,-25.47
2020-06-03,0.0,-104.58,48.82,-55.76
2020-06-04,0.0,89.28,0.0,89.28
2020-06-05,154.96,-193.92,-124.34,-163.29999999999998
2020-06-08,0.0,-195.12,0.0,-195.12
2020-06-09,-27.48,0.0,-229.24,-256.72
2020-06-10,-81.41,-192.74,-268.18,-542.3299999999999
2020-06-11,215.6,-188.76,0.0,26.840000000000003
2020-06-12,-65.92,0.0,0.0,-65.92
2020-06-15,-56.4,-53.6,0.0,-110.0
2020-06-16,0.0,0.0,0.0,0.0
2020-06-17,0.0,0.0,0.0,0.0
2020-06-18,0.0,0.0,0.0,0.0
2020-06-19,0.0,18.04,-43.23,-25.189999999999998
2020-06-22,-38.5,0.0,0.0,-38.5
2020-06-23,-4.0,0.0,59.56,55.56
2020-06-24,491.76,0.0,0.0,491.76
2020-06-25,-191.52,0.0,0.0,-191.52
2020-06-26,851.46,0.0,0.0,851.46
2020-06-29,-189.5,0.0,0.0,-189.5
2020-06-30,803.92,173.74,0.0,977.66
2020-07-01,28.09,-101.34,-95.68,-168.93
2020-07-02,-112.77,0.0,0.0,-112.77
2020-07-06,73.64,134.64,-186.0,22.279999999999973
2020-07-07,-13.26,0.0,0.0,-13.26
2020-07-08,-77.64,90.9,0.0,13.260000000000005
2020-07-09,0.0,0.0,-141.91,-141.91
2020-07-10,-186.84,0.0,0.0,-186.84
2020-07-13,-59.35,0.0,-233.63,-292.98
2020-07-14,0.0,-191.6,263.63,72.03
2020-07-15,-74.06,5.13,277.43,208.5
2020-07-16,0.0,0.0,303.66,303.66
2020-07-17,-128.44,0.0,0.0,-128.44
2020-07-20,636.94,85.4,-292.44,429.90000000000003
2020-07-21,-45.26,0.0,-332.25,-377.51
2020-07-22,-151.6,161.88,0.0,10.280000000000001
2020-07-23,430.2,-12.24,-191.15,226.80999999999997
2020-07-24,-113.96,-79.68,102.47,-91.16999999999999
2020-07-27,-110.72,-58.52,0.0,-169.24
2020-07-28,-113.28,115.04,0.0,1.7600000000000051
2020-07-29,0.0,-43.12,0.0,-43.12
2020-07-30,0.0,0.0,7.6,7.6
2020-07-31,0.0,137.12,178.68,315.8
2020-08-03,-25.8,0.0,0.0,-25.8
2020-08-04,0.0,162.16,0.0,162.16
2020-08-05,0.0,0.0,0.0,0.0
2020-08-06,38.56,-39.0,0.0,-0.4399999999999977
2020-08-07,41.58,0.0,-122.3,-80.72
2020-08-10,32.68,-87.91,-254.99,-310.22
2020-08-11,0.0,372.78,0.0,372.78
2020-08-12,208.2,-35.72,-250.45,-77.97
2020-08-13,-84.64,-78.6,0.0,-163.24
2020-08-14,-37.44,0.0,217.87,180.43
2020-08-17,0.0,-64.6,0.0,-64.6
2020-08-18,0.0,-60.6,0.0,-60.6
2020-08-19,-189.6,-190.6,0.0,-380.2
2020-08-20,201.2,101.64,-53.2,249.64
2020-08-21,-192.14,-23.69,0.0,-215.82999999999998
2020-08-24,0.0,57.96,-304.98,-247.02
2020-08-25,0.0,0.0,-285.48,-285.48
2020-08-26,208.56,107.41,-93.38,222.59000000000003
2020-08-27,-96.46,-192.74,0.0,-289.2
2020-08-28,0.0,61.41,0.0,61.41
2020-08-31,40.59,0.0,-111.65,-71.06
2020-09-01,-84.56,0.0,0.0,-84.56
2020-09-02,-191.84,0.0,-293.17,-485.01
2020-09-03,667.02,-188.14,-45.22,433.65999999999997
2020-09-04,-369.0,0.0,696.43,327.42999999999995
2020-09-08,0.0,0.0,757.77,757.77
2020-09-09,-14.64,-195.6,0.0,-210.24
2020-09-10,-35.36,0.0,80.45,45.09
2020-09-11,-25.52,0.0,-105.76,-131.28
2020-09-14,-15.4,42.28,0.0,26.880000000000003
2020-09-15,0.0,0.0,0.0,0.0
2020-09-16,0.0,0.0,-83.56,-83.56
2020-09-17,0.0,-189.36,0.0,-189.36
2020-09-18,73.92,0.0,99.73,173.65
2020-09-21,0.0,0.0,-287.93,-287.93
2020-09-22,0.0,62.69,0.0,62.69
2020-09-23,173.02,0.0,0.0,173.02
2020-09-24,-28.32,0.0,-12.11,-40.43
2020-09-25,4.87,-13.3,0.0,-8.43
2020-09-28,0.0,-0.88,231.57,230.69
2020-09-29,0.0,22.77,0.0,22.77
2020-09-30,-183.36,0.0,0.0,-183.36
2020-10-01,0.0,0.0,0.0,0.0
2020-10-02,0.0,98.41,-226.02,-127.61000000000001
2020-10-05,-32.24,2.86,0.0,-29.380000000000003
2020-10-06,0.0,113.36,0.0,113.36
2020-10-07,-10.4,0.0,0.0,-10.4
2020-10-08,0.0,0.0,-17.88,-17.88
2020-10-09,-33.44,14.43,0.0,-19.009999999999998
2020-10-12,58.48,0.0,-252.31,-193.83
2020-10-13,0.0,-185.92,0.0,-185.92
2020-10-14,-53.06,-48.72,204.84,103.06
2020-10-15,0.0,0.0,277.05,277.05
2020-10-16,0.0,0.0,-36.83,-36.83
2020-10-19,0.0,0.0,28.73,28.73
2020-10-20,-29.44,0.0,0.0,-29.44
2020-10-21,-387.02,0.0,0.0,-387.02
2020-10-22,-103.78,-79.04,-176.97,-359.78999999999996
2020-10-23,70.52,0.0,0.0,70.52
2020-10-26,86.24,0.0,334.52,420.76
2020-10-27,0.0,1.68,-264.73,-263.05
2020-10-28,178.32,0.0,2.99,181.31
2020-10-29,346.2,-115.92,67.83,298.10999999999996
2020-10-30,376.83,0.0,-232.25,144.57999999999998
2020-11-02,-65.4,89.96,-79.33,-54.77000000000001
2020-11-03,47.88,-36.14,0.0,11.740000000000002
2020-11-04,-16.44,0.0,0.0,-16.44
2020-11-05,0.0,0.0,256.04,256.04
2020-11-06,-193.38,-101.14,0.0,-294.52
2020-11-09,0.0,0.0,562.5,562.5
2020-11-10,-115.4,0.0,-3.69,-119.09
2020-11-11,106.34,69.81,-139.74,36.41
2020-11-12,0.0,0.0,0.0,0.0
2020-11-13,0.0,54.21,0.0,54.21
2020-11-16,0.0,29.68,0.0,29.68
2020-11-17,0.0,-21.42,0.0,-21.42
2020-11-18,0.0,0.0,0.0,0.0
2020-11-19,0.0,0.0,0.0,0.0
2020-11-20,0.0,97.69,0.0,97.69
2020-11-23,-38.7,-114.41,0.0,-153.11
2020-11-24,132.02,10.54,0.0,142.56
2020-11-25,0.0,-84.24,0.0,-84.24
2020-11-27,-79.01,7.98,0.0,-71.03
2020-11-30,-65.28,8.4,0.0,-56.88
2020-12-01,-9.66,0.0,60.74,51.08
2020-12-02,0.0,0.0,0.0,0.0
2020-12-03,0.0,0.0,0.0,0.0
2020-12-04,0.0,0.0,0.0,0.0
2020-12-07,0.0,0.0,0.0,0.0
2020-12-08,0.0,0.0,0.0,0.0
2020-12-09,709.8,0.0,-341.89,367.90999999999997
2020-12-10,0.0,0.0,0.0,0.0
2020-12-11,0.0,0.0,0.0,0.0
2020-12-14,0.0,0.0,0.0,0.0
2020-12-15,0.0,0.0,0.0,0.0
2020-12-16,0.0,0.0,0.0,0.0
2020-12-17,0.0,0.0,0.0,0.0
2020-12-18,0.0,0.0,0.0,0.0
2020-12-21,0.0,0.0,0.0,0.0
2020-12-22,0.0,0.0,0.0,0.0
2020-12-23,0.0,0.0,0.0,0.0
2020-12-24,0.0,0.0,0.0,0.0
2020-12-28,0.0,0.0,0.0,0.0
2020-12-29,0.0,0.0,0.0,0.0
2020-12-30,0.0,0.0,0.0,0.0
2020-12-31,0.0,0.0,0.0,0.0
2021-01-04,0.0,0.0,0.0,0.0
2021-01-05,0.0,0.0,0.0,0.0
2021-01-06,0.0,0.0,0.0,0.0
2021-01-07,233.28,-61.04,-126.28,45.96000000000001
2021-01-08,0.0,226.72,-56.92,169.8
2021-01-11,0.0,-189.12,-140.67,-329.78999999999996
2021-01-12,-80.0,0.0,116.72,36.72
2021-01-13,-64.33,0.0,55.17,-9.159999999999997
2021-01-14,0.0,0.0,0.0,0.0
2021-01-15,-190.12,0.0,-27.24,-217.36
2021-01-19,26.52,2.4,-70.34,-41.42
2021-01-20,108.72,-69.62,-24.26,14.839999999999993
2021-01-21,0.0,0.0,0.0,0.0
2021-01-22,0.0,43.47,0.0,43.47
2021-01-25,-41.86,0.0,71.5,29.64
2021-01-26,0.0,0.0,0.0,0.0
2021-01-27,132.04,-188.58,0.0,-56.54000000000002
2021-01-28,150.72,0.0,0.0,150.72
2021-01-29,-107.73,0.0,0.0,-107.73
2021-02-01,146.82,0.0,-218.6,-71.78
2021-02-02,103.75,0.0,175.88,279.63
2021-02-03,-72.72,0.0,-177.93,-250.65
2021-02-04,0.0,42.18,239.47,281.65
2021-02-05,0.0,-115.52,0.0,-115.52
2021-02-08,0.0,104.37,0.0,104.37
2021-02-09,0.0,0.0,166.58,166.58
2021-02-10,-15.17,0.0,167.17,152.0
2021-02-11,0.0,53.58,0.0,53.58
2021-02-12,0.0,0.0,0.0,0.0
2021-02-16,0.0,0.0,0.0,0.0
2021-02-17,0.0,0.0,177.29,177.29
2021-02-18,0.0,0.0,0.0,0.0
2021-02-19,-66.24,-115.52,59.68,-122.07999999999998
2021-02-22,-59.88,100.13,-214.18,-173.93
2021-02-23,0.0,0.0,0.0,0.0
2021-02-24,0.0,0.0,0.0,0.0
2021-02-25,532.78,-188.64,-89.42,254.71999999999997
2021-02-26,-222.72,0.0,-103.58,-326.3
2021-03-01,80.1,-50.04,166.0,196.06
2021-03-02,545.92,199.26,-207.72,537.4599999999999
2021-03-03,153.32,46.24,-235.59,-36.03
2021-03-04,-179.04,75.52,0.0,-103.52
2021-03-05,-57.44,-93.0,321.05,170.61
2021-03-08,-144.89,89.88,-381.07,-436.08
2021-03-09,56.76,-190.08,223.91,90.58999999999997
2021-03-10,0.0,0.0,-407.75,-407.75
2021-03-11,8.54,-85.32,0.0,-76.78
2021-03-12,0.0,-74.07,0.0,-74.07
2021-03-15,0.0,0.0,0.0,0.0
2021-03-16,33.74,-31.68,317.15,319.21
2021-03-17,0.0,104.74,53.14,157.88
2021-03-18,0.0,164.64,0.0,164.64
2021-03-19,-23.04,0.0,0.0,-23.04
2021-03-22,142.56,0.0,123.28,265.84000000000003
2021-03-23,0.0,0.0,0.0,0.0
2021-03-24,-44.28,161.76,-158.18,-40.70000000000002
2021-03-25,0.0,0.0,0.0,0.0
2021-03-26,-138.42,281.06,0.0,142.64000000000001
2021-03-29,-89.44,0.0,0.0,-89.44
2021-03-30,0.0,0.0,0.0,0.0
2021-03-31,170.28,-197.12,-90.92,-117.76
2021-04-01,0.0,0.0,0.0,0.0
2021-04-05,183.54,0.0,34.78,218.32
2021-04-06,-94.3,0.0,0.0,-94.3
2021-04-07,0.0,0.0,0.0,0.0
2021-04-08,0.0,0.0,0.0,0.0
2021-04-09,0.0,0.0,0.0,0.0
2021-04-12,0.0,0.0,0.0,0.0
2021-04-13,27.81,-86.6,0.0,-58.78999999999999
2021-04-14,250.08,0.0,-156.8,93.28
2021-04-15,-23.76,0.0,0.0,-23.76
2021-04-16,-190.12,-25.99,0.0,-216.11
2021-04-19,16.38,-142.14,57.96,-67.79999999999998
2021-04-20,-11.16,0.0,136.07,124.91
2021-04-21,-49.32,0.0,0.0,-49.32
2021-04-22,-37.62,-188.14,0.0,-225.76
2021-04-23,429.12,-188.14,0.0,240.98000000000002
2021-04-26,0.0,0.0,-136.72,-136.72
2021-04-27,-59.58,0.0,-53.79,-113.37
2021-04-28,0.0,0.0,0.0,0.0
2021-04-29,0.0,0.0,-154.75,-154.75
2021-04-30,0.0,0.0,201.31,201.31
2021-05-03,-91.38,0.0,-202.28,-293.65999999999997
2021-05-04,76.56,-188.58,-143.73,-255.75
2021-05-05,0.0,0.0,0.0,0.0
2021-05-06,-231.66,0.0,0.0,-231.66
2021-05-07,-15.26,-43.74,9.32,-49.68
2021-05-10,373.2,0.0,-164.25,208.95
2021-05-11,0.0,0.0,-202.04,-202.04
2021-05-12,-47.04,34.56,0.0,-12.479999999999997
2021-05-13,-127.35,-138.24,-228.74,-494.33000000000004
2021-05-14,97.1,0.0,0.0,97.1
2021-05-17,-27.9,-186.66,0.0,-214.56
2021-05-18,0.0,-191.76,0.0,-191.76
2021-05-19,0.0,0.0,-23.54,-23.54
2021-05-20,217.98,-121.21,0.0,96.77
2021-05-21,0.0,-194.31,-94.01,-288.32
2021-05-24,127.54,0.0,0.0,127.54
2021-05-25,0.0,-8.16,0.0,-8.16
2021-05-26,0.0,0.0,0.0,0.0
2021-05-27,0.0,-61.74,0.0,-61.74
2021-05-28,0.0,0.0,0.0,0.0
2021-06-01,-68.64,0.0,0.0,-68.64
2021-06-02,0.0,125.81,0.0,125.81
2021-06-03,-35.84,0.0,0.0,-35.84
2021-06-04,0.0,0.0,0.0,0.0
2021-06-07,0.0,0.0,0.0,0.0
2021-06-08,0.0,0.0,0.0,0.0
2021-06-09,0.0,0.0,0.0,0.0
2021-06-10,0.0,0.0,0.0,0.0
2021-06-11,0.0,0.0,0.0,0.0
2021-06-14,0.0,0.0,0.0,0.0
2021-06-15,0.0,0.0,0.0,0.0
2021-06-16,0.0,0.0,0.0,0.0
2021-06-17,0.0,0.0,0.0,0.0
2021-06-18,0.0,0.0,0.0,0.0
2021-06-21,0.0,0.0,0.0,0.0
2021-06-22,0.0,0.0,0.0,0.0
2021-06-23,0.0,0.0,0.0,0.0
2021-06-24,0.0,0.0,0.0,0.0
2021-06-25,0.0,0.0,0.0,0.0
2021-06-28,0.0,0.0,0.0,0.0
2021-06-29,0.0,0.0,0.0,0.0
2021-06-30,0.0,0.0,0.0,0.0
2021-07-01,0.0,0.0,0.0,0.0
2021-07-02,0.0,0.0,0.0,0.0
2021-07-06,0.0,0.0,0.0,0.0
2021-07-07,0.0,0.0,0.0,0.0
2021-07-08,0.0,0.0,0.0,0.0
2021-07-09,0.0,0.0,0.0,0.0
2021-07-12,0.0,0.0,0.0,0.0
2021-07-13,0.0,0.0,0.0,0.0
2021-07-14,0.0,0.0,0.0,0.0
2021-07-15,0.0,0.0,0.0,0.0
2021-07-16,0.0,0.0,0.0,0.0
2021-07-19,0.0,0.0,0.0,0.0
2021-07-20,0.0,0.0,0.0,0.0
2021-07-21,0.0,0.0,0.0,0.0
2021-07-22,0.0,0.0,0.0,0.0
2021-07-23,0.0,0.0,0.0,0.0
2021-07-26,0.0,0.0,0.0,0.0
2021-07-27,0.0,0.0,0.0,0.0
2021-07-28,0.0,0.0,0.0,0.0
2021-07-29,0.0,0.0,0.0,0.0
2021-07-30,0.0,0.0,0.0,0.0
2021-08-02,0.0,0.0,0.0,0.0
2021-08-03,0.0,0.0,0.0,0.0
2021-08-04,0.0,0.0,0.0,0.0
2021-08-05,0.0,0.0,0.0,0.0
2021-08-06,0.0,0.0,0.0,0.0
2021-08-09,0.0,0.0,0.0,0.0
2021-08-10,0.0,0.0,0.0,0.0
2021-08-11,0.0,0.0,0.0,0.0
2021-08-12,0.0,0.0,0.0,0.0
2021-08-13,0.0,0.0,0.0,0.0
2021-08-16,0.0,0.0,0.0,0.0
2021-08-17,0.0,0.0,0.0,0.0
2021-08-18,0.0,0.0,0.0,0.0
2021-08-19,0.0,0.0,0.0,0.0
2021-08-20,0.0,0.0,0.0,0.0
2021-08-23,0.0,0.0,0.0,0.0
2021-08-24,0.0,0.0,0.0,0.0
2021-08-25,0.0,0.0,0.0,0.0
2021-08-26,0.0,0.0,0.0,0.0
2021-08-27,0.0,0.0,0.0,0.0
2021-08-30,0.0,0.0,0.0,0.0
2021-08-31,0.0,0.0,0.0,0.0
2021-09-01,0.0,0.0,0.0,0.0
2021-09-02,0.0,0.0,0.0,0.0
2021-09-03,0.0,0.0,0.0,0.0
2021-09-07,0.0,0.0,0.0,0.0
2021-09-08,0.0,0.0,0.0,0.0
2021-09-09,0.0,0.0,0.0,0.0
2021-09-10,0.0,0.0,0.0,0.0
2021-09-13,0.0,0.0,0.0,0.0
2021-09-14,0.0,0.0,0.0,0.0
2021-09-15,0.0,0.0,0.0,0.0
2021-09-16,0.0,0.0,0.0,0.0
2021-09-17,0.0,0.0,0.0,0.0
2021-09-20,0.0,0.0,0.0,0.0
2021-09-21,0.0,0.0,0.0,0.0
2021-09-22,0.0,0.0,0.0,0.0
2021-09-23,0.0,0.0,0.0,0.0
2021-09-24,0.0,0.0,0.0,0.0
2021-09-27,0.0,0.0,0.0,0.0
2021-09-28,216.1,138.4,0.0,354.5
2021-09-29,-70.18,0.0,54.33,-15.850000000000009
2021-09-30,0.0,0.0,-148.54,-148.54
2021-10-01,-175.3,-41.28,6.55,-210.03
2021-10-04,463.2,-188.48,-77.36,197.36
2021-10-05,265.32,0.0,72.44,337.76
2021-10-06,0.0,0.0,195.65,195.65
2021-10-07,11.2,-190.82,0.0,-179.62
2021-10-08,0.0,112.28,-55.65,56.63
2021-10-11,0.0,0.0,101.4,101.4
2021-10-12,0.0,43.52,117.73,161.25
2021-10-13,0.0,0.0,0.0,0.0
2021-10-14,-4.44,0.0,0.0,-4.44
2021-10-15,0.0,48.32,0.0,48.32
2021-10-18,42.35,0.0,-59.96,-17.61
2021-10-19,0.0,-31.14,0.0,-31.14
2021-10-20,0.0,0.0,-37.03,-37.03
2021-10-21,0.0,0.0,-38.75,-38.75
2021-10-22,-22.38,-93.84,-93.82,-210.04
2021-10-25,-34.08,0.0,0.0,-34.08
2021-10-26,-30.66,0.0,214.12,183.46
2021-10-27,-212.76,0.0,-135.53,-348.28999999999996
2021-10-28,-103.32,0.0,0.0,-103.32
2021-10-29,0.0,-192.74,5.85,-186.89000000000001
2021-11-01,0.0,0.0,0.0,0.0
2021-11-02,-238.08,-9.12,98.24,-148.96000000000004
2021-11-03,0.0,0.0,0.0,0.0
2021-11-04,0.0,0.0,0.0,0.0
2021-11-05,0.0,0.0,0.0,0.0
2021-11-08,0.0,0.0,0.0,0.0
2021-11-09,0.0,0.0,0.0,0.0
2021-11-10,0.0,0.0,0.0,0.0
2021-11-11,0.0,0.0,0.0,0.0
2021-11-12,0.0,0.0,0.0,0.0
2021-11-15,0.0,0.0,0.0,0.0
2021-11-16,0.0,0.0,0.0,0.0
2021-11-17,0.0,0.0,0.0,0.0
2021-11-18,0.0,0.0,0.0,0.0
2021-11-19,0.0,0.0,0.0,0.0
2021-11-22,0.0,0.0,0.0,0.0
2021-11-23,0.0,0.0,0.0,0.0
2021-11-24,0.0,0.0,0.0,0.0
2021-11-26,269.65,-31.92,108.11,345.84
2021-11-29,-7.87,-37.62,-176.4,-221.89
2021-11-30,31.68,0.0,222.22,253.9
2021-12-01,0.0,0.0,97.57,97.57
2021-12-02,-190.72,0.0,-2.55,-193.27
2021-12-03,563.2,0.0,-187.87,375.33000000000004
2021-12-06,-58.8,0.0,197.65,138.85000000000002
2021-12-07,34.08,0.0,0.0,34.08
2021-12-08,0.0,0.0,0.0,0.0
2021-12-09,0.0,24.78,-33.33,-8.549999999999997
2021-12-10,0.0,165.48,0.0,165.48
2021-12-13,102.2,187.88,0.0,290.08
2021-12-14,0.0,0.0,0.0,0.0
2021-12-15,-77.76,0.0,0.0,-77.76
2021-12-16,595.97,0.0,-264.72,331.25
2021-12-17,0.0,47.52,-120.51,-72.99000000000001
2021-12-20,0.0,0.0,157.1,157.1
2021-12-21,1.26,0.0,204.52,205.78
2021-12-22,22.89,109.12,0.0,132.01
2021-12-23,38.56,0.0,0.0,38.56
2021-12-27,225.76,0.0,128.29,354.04999999999995
2021-12-28,0.0,-83.72,0.0,-83.72
2021-12-29,0.0,0.0,0.0,0.0
2021-12-30,0.0,0.0,0.0,0.0
2021-12-31,0.0,0.0,0.0,0.0
2022-01-03,0.0,0.0,0.0,0.0
2022-01-04,232.2,0.0,-401.5,-169.3
2022-01-05,128.56,147.3,0.0,275.86
2022-01-06,0.0,154.8,185.01,339.81
2022-01-07,60.06,0.0,43.46,103.52000000000001
2022-01-10,-126.84,0.0,0.0,-126.84
2022-01-11,68.85,0.0,-241.23,-172.38
2022-01-12,0.0,0.0,0.0,0.0
2022-01-13,94.52,0.0,-224.62,-130.10000000000002
2022-01-14,-196.92,113.36,0.0,-83.55999999999999
2022-01-18,0.0,131.04,290.89,421.92999999999995
2022-01-19,-187.88,0.0,310.25,122.37
2022-01-20,-60.76,0.0,0.0,-60.76
2022-01-21,-34.54,-191.55,0.0,-226.09
2022-01-24,-81.12,0.0,0.0,-81.12
2022-01-25,-174.66,171.18,0.0,-3.4799999999999898
2022-01-26,0.0,0.0,0.0,0.0
2022-01-27,-67.3,0.0,-163.74,-231.04000000000002
2022-01-28,-349.76,0.0,0.0,-349.76
2022-01-31,404.04,0.0,-157.38,246.66000000000003
2022-02-01,0.0,0.0,0.0,0.0
2022-02-02,0.0,24.96,-201.65,-176.69
2022-02-03,0.0,0.0,0.0,0.0
2022-02-04,83.52,-164.64,12.95,-68.16999999999999
2022-02-07,0.0,0.0,0.0,0.0
2022-02-08,-44.21,0.0,-2.45,-46.660000000000004
2022-02-09,0.0,53.28,0.0,53.28
2022-02-10,0.0,44.28,0.0,44.28
2022-02-11,341.28,-21.42,-257.99,61.86999999999995
2022-02-14,-69.74,38.88,-246.24,-277.1
2022-02-15,0.0,-2.52,0.0,-2.52
2022-02-16,-38.88,0.0,0.0,-38.88
2022-02-17,-76.12,85.2,0.0,9.079999999999998
2022-02-18,-70.24,0.0,-9.08,-79.32
2022-02-22,-169.22,-192.8,417.44,55.420000000000016
2022-02-23,123.28,0.0,-209.65,-86.37
2022-02-24,197.76,0.0,-225.28,-27.52000000000001
2022-02-25,-256.72,0.0,69.69,-187.03000000000003
2022-02-28,0.0,0.0,0.0,0.0
2022-03-01,-37.52,-7.04,0.0,-44.56
2022-03-02,-5.44,-37.44,0.0,-42.879999999999995
2022-03-03,-134.64,0.0,-179.73,-314.37
2022-03-04,-7.12,0.0,0.0,-7.12
2022-03-07,703.08,117.76,0.0,820.84
2022-03-08,-194.4,149.76,50.77,6.129999999999988
2022-03-09,0.0,-103.84,0.0,-103.84
2022-03-10,-38.34,-30.24,107.56,38.980000000000004
2022-03-11,-21.24,0.0,-23.65,-44.89
2022-03-14,-24.86,35.36,0.0,10.5
2022-03-15,-91.38,34.38,0.0,-56.99999999999999
2022-03-16,87.6,131.58,231.37,450.55
2022-03-17,0.0,0.0,0.0,0.0
2022-03-18,83.88,24.48,-140.12,-31.760000000000005
2022-03-21,-80.64,0.0,409.85,329.21000000000004
2022-03-22,459.2,0.0,-114.88,344.32
2022-03-23,0.0,0.0,0.0,0.0
2022-03-24,0.0,57.2,0.0,57.2
2022-03-25,-70.9,-192.8,0.0,-263.70000000000005
2022-03-28,-278.8,62.7,0.0,-216.10000000000002
2022-03-29,0.0,-67.8,0.0,-67.8
2022-03-30,0.0,-48.8,0.0,-48.8
2022-03-31,0.0,253.2,0.0,253.2
2022-04-01,0.0,-197.73,0.0,-197.73
2022-04-04,230.58,0.22,-171.1,59.70000000000002
2022-04-05,214.32,18.24,-75.05,157.51
2022-04-06,-29.56,-197.34,79.66,-147.24
2022-04-07,0.0,-111.06,0.0,-111.06
2022-04-08,-177.26,0.0,-55.72,-232.98
2022-04-11,-54.42,140.64,0.0,86.21999999999998
2022-04-12,0.0,0.0,84.74,84.74
2022-04-13,395.2,-50.93,-102.48,241.78999999999996
2022-04-14,570.01,121.22,-264.13,427.1
2022-04-18,-69.86,3.84,0.0,-66.02
2022-04-19,485.28,-54.96,-74.98,355.34
2022-04-20,-137.72,0.0,-243.28,-381.0
2022-04-21,55.56,-182.38,0.0,-126.82
2022-04-22,123.26,0.0,0.0,123.26
2022-04-25,0.0,0.0,226.41,226.41
2022-04-26,292.32,98.7,4.1,395.12
2022-04-27,-250.82,0.0,0.0,-250.82
2022-04-28,27.06,-193.8,0.0,-166.74
2022-04-29,180.36,237.2,0.0,417.56
2022-05-02,-134.26,234.18,0.0,99.92000000000002
2022-05-03,0.0,0.0,0.0,0.0
2022-05-04,1.92,0.0,194.51,196.42999999999998
2022-05-05,336.88,-188.82,-98.48,49.58
2022-05-06,-175.4,-179.04,0.0,-354.44
2022-05-09,-40.98,48.48,0.0,7.5
2022-05-10,0.0,0.0,0.0,0.0
2022-05-11,6.88,0.0,-179.36,-172.48000000000002
2022-05-12,0.0,0.0,403.28,403.28
2022-05-13,3.68,-88.61,1.22,-83.71
2022-05-16,0.0,93.35,0.0,93.35
2022-05-17,0.0,-20.86,0.0,-20.86
2022-05-18,158.46,-19.81,0.0,138.65
2022-05-19,0.0,15.56,0.0,15.56
2022-05-20,-68.72,266.83,80.13,278.24
2022-05-23,0.0,0.0,0.0,0.0
2022-05-24,16.48,0.0,-27.74,-11.259999999999998
2022-05-25,-11.4,-90.16,0.0,-101.56
2022-05-26,392.58,0.0,-363.78,28.80000000000001
2022-05-27,6.96,27.76,0.0,34.72
2022-05-31,-37.62,0.0,0.0,-37.62
2022-06-01,0.0,-130.32,0.0,-130.32
2022-06-02,92.08,0.0,-294.52,-202.44
2022-06-03,0.0,-2.07,29.48,27.41
2022-06-06,0.0,0.0,0.0,0.0
2022-06-07,0.0,0.0,0.0,0.0
2022-06-08,0.0,-63.8,0.0,-63.8
2022-06-09,0.0,0.0,0.0,0.0
2022-06-10,72.88,0.0,0.0,72.88
2022-06-13,-23.34,-9.68,0.0,-33.019999999999996
2022-06-14,0.0,86.02,0.0,86.02
2022-06-15,0.0,-192.28,0.0,-192.28
2022-06-16,-35.88,0.0,35.52,-0.35999999999999943
2022-06-17,-287.12,-92.75,-84.06,-463.93
2022-06-21,-36.4,0.0,218.35,181.95
2022-06-22,-47.88,0.0,0.0,-47.88
2022-06-23,0.0,108.02,0.0,108.02
2022-06-24,195.72,0.0,0.0,195.72
2022-06-27,-143.04,63.47,-82.31,-161.88
2022-06-28,262.92,0.0,-172.33,90.59
2022-06-29,0.0,-57.53,0.0,-57.53
2022-06-30,-133.67,0.0,367.34,233.67
2022-07-01,0.0,0.0,0.0,0.0
2022-07-05,0.0,0.0,-191.36,-191.36
2022-07-06,0.0,-185.68,0.0,-185.68
2022-07-07,200.16,13.42,-195.49,18.089999999999975
2022-07-08,0.0,-22.88,18.35,-4.529999999999998
2022-07-11,-132.47,57.84,-118.45,-193.07999999999998
2022-07-12,0.0,-90.96,19.37,-71.58999999999999
2022-07-13,0.0,19.44,-63.99,-44.55
2022-07-14,13.32,0.0,0.0,13.32
2022-07-15,0.0,0.0,0.0,0.0
2022-07-18,0.0,0.0,0.0,0.0
2022-07-19,116.1,46.44,0.0,162.54
2022-07-20,15.93,-101.14,-56.71,-141.92000000000002
2022-07-21,-44.66,84.76,0.0,40.10000000000001
2022-07-22,99.54,0.0,0.0,99.54
2022-07-25,-63.72,-187.31,0.0,-251.03
2022-07-26,48.37,-53.7,-10.43,-15.760000000000005
2022-07-27,86.1,-188.7,-74.08,-176.68
2022-07-28,-189.54,0.0,0.0,-189.54
2022-07-29,-82.07,-76.2,0.0,-158.26999999999998
2022-08-01,-84.48,0.0,273.93,189.45
2022-08-02,0.0,0.0,64.53,64.53
2022-08-03,375.48,0.0,-204.72,170.76000000000002
2022-08-04,0.0,-58.88,0.0,-58.88
2022-08-05,0.0,0.0,0.0,0.0
2022-08-08,-182.8,53.55,0.0,-129.25
2022-08-09,-63.39,0.0,185.33,121.94000000000001
2022-08-10,0.0,46.78,0.0,46.78
2022-08-11,0.0,0.0,0.0,0.0
2022-08-12,0.1,39.3,0.0,39.4
2022-08-15,0.0,-64.5,0.0,-64.5
2022-08-16,-141.44,0.0,122.43,-19.00999999999999
2022-08-17,-93.05,95.48,110.5,112.93
2022-08-18,0.0,0.0,0.0,0.0
2022-08-19,48.72,0.0,98.59,147.31
2022-08-22,84.1,0.0,0.0,84.1
2022-08-23,0.0,0.0,0.0,0.0
2022-08-24,-130.56,-77.7,0.0,-208.26
2022-08-25,-125.16,228.3,0.0,103.14000000000001
2022-08-26,984.24,204.32,-165.48,1023.0799999999999
2022-08-29,0.0,144.32,0.0,144.32
2022-08-30,155.36,0.0,-13.55,141.81
2022-08-31,0.0,-107.7,159.83,52.13000000000001
2022-09-01,-80.4,0.0,323.84,243.43999999999997
2022-09-02,60.08,-191.7,106.45,-25.17
2022-09-06,-233.66,0.0,191.47,-42.19
2022-09-07,-64.69,-118.72,0.0,-183.41
2022-09-08,0.0,0.0,0.0,0.0
2022-09-09,159.36,5.88,0.0,165.24
2022-09-12,-89.8,63.28,0.0,-26.519999999999996
2022-09-13,157.92,42.98,-7.06,193.83999999999997
2022-09-14,0.0,0.0,0.0,0.0
2022-09-15,-104.3,-196.04,129.09,-171.24999999999997
2022-09-16,-80.28,0.0,0.0,-80.28
2022-09-19,0.0,0.0,0.0,0.0
2022-09-20,0.0,0.0,72.91,72.91
2022-09-21,0.0,0.0,256.27,256.27
2022-09-22,-119.65,0.0,0.0,-119.65
2022-09-23,-67.53,0.0,0.0,-67.53
2022-09-26,-185.68,0.0,162.98,-22.700000000000017
2022-09-27,0.0,0.0,0.0,0.0
2022-09-28,326.52,0.0,0.0,326.52
2022-09-29,33.6,0.0,-152.89,-119.28999999999999
2022-09-30,-165.44,0.0,190.73,25.289999999999992
2022-10-03,76.46,-190.56,0.0,-114.10000000000001
2022-10-04,-49.52,0.0,-17.09,-66.61
2022-10-05,-54.4,0.0,183.96,129.56
2022-10-06,0.0,-117.36,98.22,-19.14
2022-10-07,143.85,-95.76,-112.44,-64.35000000000001
2022-10-10,-272.28,0.0,243.27,-29.009999999999962
2022-10-11,-48.24,-94.56,-146.61,-289.41
2022-10-12,0.0,-39.36,0.0,-39.36
2022-10-13,95.82,-21.36,36.36,110.82
2022-10-14,176.6,141.02,-165.95,151.67000000000002
2022-10-17,14.68,-64.13,0.0,-49.449999999999996
2022-10-18,0.0,62.64,-170.88,-108.24
2022-10-19,0.0,0.0,206.19,206.19
2022-10-20,-71.88,0.0,138.68,66.80000000000001
2022-10-21,142.6,-24.96,0.0,117.63999999999999
2022-10-24,0.0,-86.68,299.47,212.79000000000002
2022-10-25,-13.56,-19.03,0.0,-32.59
2022-10-26,0.0,48.07,0.0,48.07
2022-10-27,-175.56,0.0,-56.99,-232.55
2022-10-28,524.16,-11.88,-152.93,359.34999999999997
2022-10-31,0.0,28.82,166.35,195.17
2022-11-01,0.0,0.0,-92.92,-92.92
2022-11-02,0.0,158.64,0.0,158.64
2022-11-03,-172.38,207.84,-88.81,-53.349999999999994
2022-11-04,0.0,86.64,0.0,86.64
2022-11-07,0.0,0.0,0.0,0.0
2022-11-08,-104.98,-47.76,0.0,-152.74
2022-11-09,-27.9,0.0,0.0,-27.9
2022-11-10,-17.05,144.56,0.0,127.51
2022-11-11,-58.98,0.0,-273.56,-332.54
2022-11-14,0.0,278.46,0.0,278.46
2022-11-15,0.0,-114.36,0.0,-114.36
2022-11-16,-29.26,-41.76,214.72,143.7
2022-11-17,0.0,-197.34,71.93,-125.41
2022-11-18,0.0,-74.16,-118.26,-192.42000000000002
2022-11-21,0.0,-5.76,0.0,-5.76
2022-11-22,0.0,0.0,0.0,0.0
2022-11-23,-190.2,-74.76,191.63,-73.32999999999998
2022-11-25,0.0,0.0,0.0,0.0
2022-11-28,0.0,-98.54,0.0,-98.54
2022-11-29,-220.4,0.0,-94.85,-315.25
2022-11-30,349.92,173.88,-495.77,28.029999999999973
2022-12-01,-384.12,0.0,0.0,-384.12
2022-12-02,0.0,0.0,0.0,0.0
2022-12-05,43.68,-173.7,0.0,-130.01999999999998
2022-12-06,424.08,-194.88,-24.0,205.2
2022-12-07,0.0,-89.28,0.0,-89.28
2022-12-08,-111.81,-60.48,0.0,-172.29
2022-12-09,-44.8,285.92,0.0,241.12
2022-12-12,0.0,88.32,0.0,88.32
2022-12-13,0.0,19.52,-208.9,-189.38
2022-12-14,-26.32,0.0,0.0,-26.32
2022-12-15,178.92,0.0,-163.26,15.659999999999997
2022-12-16,94.7,0.0,0.0,94.7
2022-12-19,45.5,-196.48,-118.06,-269.03999999999996
2022-12-20,0.0,0.0,0.0,0.0
2022-12-21,-0.62,0.0,0.0,-0.62
2022-12-22,140.84,0.0,-33.02,107.82
2022-12-23,-186.8,-77.28,0.0,-264.08000000000004
2022-12-27,-214.96,0.0,-209.43,-424.39
2022-12-28,-13.86,0.0,0.0,-13.86
2022-12-29,156.24,-21.76,0.0,134.48000000000002
2022-12-30,0.0,0.0,0.0,0.0
2023-01-03,14.1,0.0,-8.57,5.529999999999999
2023-01-04,0.0,0.0,64.79,64.79
2023-01-05,0.0,56.32,0.0,56.32
2023-01-06,110.22,0.0,-35.01,75.21000000000001
2023-01-09,-50.96,0.0,-213.78,-264.74
2023-01-10,0.0,0.0,0.0,0.0
2023-01-11,0.0,104.04,0.0,104.04
2023-01-12,-187.8,-65.96,0.0,-253.76
2023-01-13,0.0,0.0,0.0,0.0
2023-01-17,0.0,-26.86,0.0,-26.86
2023-01-18,-29.58,0.0,0.0,-29.58
2023-01-19,0.0,220.49,0.0,220.49
2023-01-20,184.92,71.76,-28.62,228.06
2023-01-23,342.87,111.69,-201.42,253.14000000000001
2023-01-24,0.0,-1.36,0.0,-1.36
2023-01-25,-52.9,0.0,0.0,-52.9
2023-01-26,0.0,75.78,0.0,75.78
2023-01-27,-51.0,-193.32,-234.81,-479.13
2023-01-30,0.0,38.16,110.45,148.61
2023-01-31,38.64,0.0,125.61,164.25
2023-02-01,0.0,0.0,-158.64,-158.64
2023-02-02,-62.34,220.86,-195.45,-36.92999999999998
2023-02-03,0.0,0.0,329.78,329.78
2023-02-06,0.0,-93.16,0.0,-93.16
2023-02-07,91.28,0.0,243.63,334.90999999999997
2023-02-08,70.02,-21.45,-29.09,19.479999999999993
2023-02-09,0.0,0.0,0.0,0.0
2023-02-10,0.0,-184.52,0.0,-184.52
2023-02-13,17.66,15.68,0.0,33.34
2023-02-14,0.0,37.38,-264.43,-227.05
2023-02-15,0.0,0.0,0.0,0.0
2023-02-16,0.0,86.38,0.0,86.38
2023-02-17,-61.62,-94.92,0.0,-156.54
2023-02-21,-5.92,46.48,0.0,40.559999999999995
2023-02-22,0.0,24.08,0.0,24.08
2023-02-23,0.0,-116.7,140.13,23.429999999999993
2023-02-24,0.0,-88.2,0.0,-88.2
2023-02-27,0.0,0.0,0.0,0.0
2023-02-28,0.0,0.0,0.0,0.0
2023-03-01,-306.56,-58.2,-63.05,-427.81
2023-03-02,0.0,0.0,0.0,0.0
2023-03-03,299.64,8.32,7.73,315.69
2023-03-06,-88.02,0.0,160.99,72.97000000000001
2023-03-07,-383.96,21.96,152.05,-209.95
2023-03-08,0.0,0.0,0.0,0.0
2023-03-09,-222.7,0.0,217.56,-5.139999999999986
2023-03-10,-373.78,95.76,0.0,-278.02
2023-03-13,-37.09,0.0,-91.44,-128.53
2023-03-14,20.44,0.0,-173.4,-152.96
2023-03-15,0.0,0.0,45.1,45.1
2023-03-16,443.2,-30.08,-98.37,314.75
2023-03-17,-18.24,-87.68,138.99,33.07000000000001
2023-03-20,-115.28,-104.72,219.54,-0.46000000000000796
2023-03-21,0.0,26.26,0.0,26.26
2023-03-22,0.0,-189.54,118.8,-70.74
2023-03-23,-18.55,0.0,0.0,-18.55
2023-03-24,0.0,0.0,32.4,32.4
2023-03-27,-90.1,0.0,29.85,-60.24999999999999
2023-03-28,-60.58,0.0,141.52,80.94000000000001
2023-03-29,0.0,-59.76,0.0,-59.76
2023-03-30,0.0,-4.62,0.0,-4.62
2023-03-31,234.31,15.86,0.0,250.17000000000002
2023-04-03,0.0,0.0,0.0,0.0
2023-04-04,0.0,0.0,0.0,0.0
2023-04-05,178.08,-125.46,-90.87,-38.249999999999986
2023-04-06,38.56,0.0,-45.14,-6.579999999999998
2023-04-10,-66.24,-60.84,0.0,-127.08
2023-04-11,0.0,0.0,0.0,0.0
2023-04-12,0.0,0.0,0.0,0.0
2023-04-13,364.87,-71.6,13.17,306.44
2023-04-14,0.0,0.0,0.0,0.0
2023-04-17,0.0,0.0,0.0,0.0
2023-04-18,0.0,0.0,0.0,0.0
2023-04-19,0.0,0.0,0.0,0.0
2023-04-20,0.0,0.0,0.0,0.0
2023-04-21,0.0,0.0,0.0,0.0
2023-04-24,0.0,0.0,0.0,0.0
2023-04-25,0.0,0.0,0.0,0.0
2023-04-26,0.0,0.0,0.0,0.0
2023-04-27,0.0,0.0,0.0,0.0
2023-04-28,0.0,0.0,0.0,0.0
2023-05-01,0.0,0.0,0.0,0.0
2023-05-02,0.0,0.0,0.0,0.0
2023-05-03,0.0,0.0,0.0,0.0
2023-05-04,0.0,0.0,0.0,0.0
2023-05-05,0.0,0.0,0.0,0.0
2023-05-08,0.0,0.0,0.0,0.0
2023-05-09,0.0,-6.44,0.0,-6.44
2023-05-10,0.0,-161.69,29.4,-132.29
2023-05-11,0.0,18.86,0.0,18.86
2023-05-12,-139.74,0.0,0.0,-139.74
2023-05-15,0.0,0.0,0.0,0.0
2023-05-16,0.0,0.0,0.0,0.0
2023-05-17,0.0,0.0,0.0,0.0
2023-05-18,0.0,0.0,0.0,0.0
2023-05-19,0.0,0.0,0.0,0.0
2023-05-22,0.0,0.0,0.0,0.0
2023-05-23,0.0,0.0,0.0,0.0
2023-05-24,0.0,0.0,0.0,0.0
2023-05-25,0.0,0.0,0.0,0.0
2023-05-26,670.41,-15.64,-196.41,458.36
2023-05-30,0.0,0.0,0.0,0.0
2023-05-31,0.0,-190.68,0.0,-190.68
2023-06-01,290.64,0.0,0.0,290.64
2023-06-02,0.0,0.0,-129.42,-129.42
2023-06-05,-37.18,0.0,-7.76,-44.94
2023-06-06,0.0,0.0,0.0,0.0
2023-06-07,369.27,0.0,-241.16,128.10999999999999
2023-06-08,264.81,58.99,-199.54,124.26000000000002
2023-06-09,-186.8,0.0,228.02,41.22
2023-06-12,0.0,51.34,0.0,51.34
2023-06-13,0.0,61.54,271.61,333.15000000000003
2023-06-14,-66.88,-188.36,0.0,-255.24
2023-06-15,-17.08,0.0,0.0,-17.08
2023-06-16,0.0,0.0,0.0,0.0
2023-06-20,0.0,0.0,0.0,0.0
2023-06-21,-20.13,196.69,-173.7,2.8600000000000136
2023-06-22,-170.1,0.0,-166.37,-336.47
2023-06-23,0.0,0.0,0.0,0.0
2023-06-26,-149.0,0.0,-42.03,-191.03
2023-06-27,121.92,-129.28,0.0,-7.359999999999999
2023-06-28,0.0,-4.48,111.0,106.52
2023-06-29,0.0,0.0,-41.14,-41.14
2023-06-30,-21.1,-38.08,0.0,-59.18
2023-07-03,0.0,9.92,0.0,9.92
2023-07-05,0.0,0.0,0.0,0.0
2023-07-06,0.0,0.0,0.0,0.0
2023-07-07,0.0,0.0,0.0,0.0
2023-07-10,0.0,0.0,0.0,0.0
2023-07-11,0.0,0.0,0.0,0.0
2023-07-12,0.0,0.0,0.0,0.0
2023-07-13,0.0,0.0,0.0,0.0
2023-07-14,0.0,0.0,0.0,0.0
2023-07-17,0.0,0.0,0.0,0.0
2023-07-18,0.0,0.0,0.0,0.0
2023-07-19,0.0,0.0,0.0,0.0
2023-07-20,0.0,0.0,0.0,0.0
2023-07-21,0.0,0.0,0.0,0.0
2023-07-24,0.0,0.0,0.0,0.0
2023-07-25,0.0,0.0,0.0,0.0
2023-07-26,0.0,0.0,0.0,0.0
2023-07-27,0.0,0.0,0.0,0.0
2023-07-28,0.0,0.0,0.0,0.0
2023-07-31,0.0,0.0,0.0,0.0
2023-08-01,0.0,0.0,0.0,0.0
2023-08-02,0.0,0.0,0.0,0.0
2023-08-03,0.0,0.0,0.0,0.0
2023-08-04,0.0,0.0,0.0,0.0
2023-08-07,0.0,0.0,0.0,0.0
2023-08-08,0.0,0.0,0.0,0.0
2023-08-09,0.0,0.0,0.0,0.0
2023-08-10,0.0,0.0,0.0,0.0
2023-08-11,0.0,0.0,0.0,0.0
2023-08-14,0.0,0.0,0.0,0.0
2023-08-15,0.0,0.0,0.0,0.0
2023-08-16,0.0,0.0,0.0,0.0
2023-08-17,0.0,0.0,0.0,0.0
2023-08-18,0.0,0.0,0.0,0.0
2023-08-21,-42.89,3.52,-191.14,-230.51
2023-08-22,0.0,0.0,0.0,0.0
2023-08-23,241.38,-135.68,-32.81,72.88999999999999
2023-08-24,216.85,0.0,-133.01,83.84
2023-08-25,-173.53,-185.28,0.0,-358.81
2023-08-28,0.0,0.0,0.0,0.0
2023-08-29,662.31,-78.08,-70.15,514.0799999999999
2023-08-30,0.0,0.0,0.0,0.0
2023-08-31,41.99,-108.08,0.0,-66.09
2023-09-01,0.0,35.52,0.0,35.52
2023-09-05,0.0,33.12,-35.35,-2.230000000000004
2023-09-06,28.16,-118.08,0.0,-89.92
2023-09-07,0.0,0.34,0.0,0.34
2023-09-08,-195.58,0.0,0.0,-195.58
2023-09-11,0.0,0.0,0.0,0.0
2023-09-12,0.0,-24.31,0.0,-24.31
2023-09-13,0.0,0.0,0.0,0.0
2023-09-14,0.0,0.0,0.0,0.0
2023-09-15,0.0,0.0,0.0,0.0
2023-09-18,0.0,0.0,0.0,0.0
2023-09-19,0.0,0.0,0.0,0.0
2023-09-20,0.0,0.0,0.0,0.0
2023-09-21,0.0,0.0,0.0,0.0
2023-09-22,0.0,0.0,0.0,0.0
2023-09-25,0.0,0.0,0.0,0.0
2023-09-26,0.0,0.0,0.0,0.0
2023-09-27,0.0,0.0,0.0,0.0
2023-09-28,63.18,0.0,48.41,111.59
2023-09-29,0.0,0.0,0.0,0.0
2023-10-02,0.0,0.0,0.0,0.0
2023-10-03,144.18,-164.48,0.0,-20.299999999999983
2023-10-04,-203.8,62.72,-160.26,-301.34000000000003
2023-10-05,0.0,0.0,0.0,0.0
2023-10-06,99.1,0.0,-148.08,-48.98000000000002
2023-10-09,0.0,8.32,0.0,8.32
2023-10-10,-8.7,-90.88,0.0,-99.58
2023-10-11,0.0,0.0,0.0,0.0
2023-10-12,0.0,0.0,0.0,0.0
2023-10-13,187.38,0.0,-52.09,135.29
2023-10-16,0.0,0.0,0.0,0.0
2023-10-17,0.0,0.0,0.0,0.0
2023-10-18,0.0,19.52,0.0,19.52
2023-10-19,0.0,-8.48,0.0,-8.48
2023-10-20,41.44,111.84,0.0,153.28
2023-10-23,-3.4,123.52,-22.52,97.6
2023-10-24,47.52,-13.2,0.0,34.32000000000001
2023-10-25,372.33,0.0,-176.13,196.2
2023-10-26,-178.71,213.3,-174.3,-139.71
2023-10-27,0.0,-32.33,-61.81,-94.14
2023-10-30,-191.07,-108.92,0.0,-299.99
2023-10-31,-186.84,0.0,0.0,-186.84
2023-11-01,-103.8,57.46,0.0,-46.339999999999996
2023-11-02,0.0,0.0,-66.37,-66.37
2023-11-03,-65.96,0.0,0.0,-65.96
2023-11-06,0.0,0.0,0.0,0.0
2023-11-07,37.64,-106.12,-14.48,-82.96000000000001
2023-11-08,0.0,41.55,0.0,41.55
2023-11-09,0.0,0.0,0.0,0.0
2023-11-10,208.36,1.92,-179.95,30.330000000000013
2023-11-13,0.0,0.0,0.0,0.0
2023-11-14,6.48,-195.84,0.0,-189.36
2023-11-15,0.0,0.0,0.0,0.0
2023-11-16,0.0,0.0,0.0,0.0
2023-11-17,0.0,32.4,0.0,32.4
2023-11-20,522.4,-127.6,20.08,414.87999999999994
2023-11-21,0.0,0.0,0.0,0.0
2023-11-22,0.0,0.0,0.0,0.0
2023-11-24,0.0,0.0,0.0,0.0
2023-11-27,0.0,0.0,0.0,0.0
2023-11-28,0.0,0.0,0.0,0.0
2023-11-29,0.0,0.0,0.0,0.0
2023-11-30,0.0,0.0,0.0,0.0
2023-12-01,0.0,0.0,0.0,0.0
2023-12-04,0.0,0.0,0.0,0.0
2023-12-05,0.0,0.0,0.0,0.0
2023-12-06,0.0,0.0,0.0,0.0
2023-12-07,0.0,0.0,0.0,0.0
2023-12-08,0.0,0.0,0.0,0.0
2023-12-11,0.0,0.0,0.0,0.0
2023-12-12,0.0,0.0,0.0,0.0
2023-12-13,0.0,0.0,0.0,0.0
2023-12-14,0.0,0.0,0.0,0.0
2023-12-15,0.0,0.0,0.0,0.0
2023-12-18,0.0,0.0,0.0,0.0
2023-12-19,0.0,0.0,0.0,0.0
2023-12-20,0.0,0.0,0.0,0.0
2023-12-21,0.0,0.0,0.0,0.0
2023-12-22,0.0,0.0,0.0,0.0
2023-12-26,0.0,0.0,0.0,0.0
2023-12-27,0.0,0.0,0.0,0.0
2023-12-28,0.0,0.0,0.0,0.0
2023-12-29,0.0,0.0,0.0,0.0
2024-01-02,0.0,0.0,0.0,0.0
2024-01-03,0.0,0.0,0.0,0.0
2024-01-04,0.0,0.0,0.0,0.0
2024-01-05,0.0,0.0,0.0,0.0
2024-01-08,0.0,0.0,0.0,0.0
2024-01-09,0.0,0.0,0.0,0.0
2024-01-10,0.0,0.0,0.0,0.0
2024-01-11,0.0,0.0,0.0,0.0
2024-01-12,0.0,0.0,0.0,0.0
2024-01-16,0.0,0.0,0.0,0.0
2024-01-17,0.0,0.0,0.0,0.0
2024-01-18,0.0,0.0,0.0,0.0
2024-01-19,0.0,0.0,0.0,0.0
2024-01-22,0.0,0.0,0.0,0.0
2024-01-23,0.0,0.0,0.0,0.0
2024-01-24,0.0,0.0,0.0,0.0
2024-01-25,0.0,0.0,0.0,0.0
2024-01-26,0.0,0.0,0.0,0.0
2024-01-29,0.0,0.0,0.0,0.0
2024-01-30,0.0,0.0,0.0,0.0
2024-01-31,0.0,0.0,0.0,0.0
2024-02-01,0.0,0.0,0.0,0.0
2024-02-02,546.26,-82.08,-26.88,437.3
2024-02-05,-195.32,-6.08,0.0,-201.4
2024-02-06,-56.32,-75.68,-111.73,-243.73000000000002
2024-02-07,-105.05,-65.28,0.0,-170.32999999999998
2024-02-08,0.0,0.0,0.0,0.0
2024-02-09,0.0,0.0,0.0,0.0
2024-02-12,0.0,0.0,0.0,0.0
2024-02-13,0.0,-192.24,125.44,-66.80000000000001
2024-02-14,0.0,161.46,0.0,161.46
2024-02-15,-193.42,-78.84,61.47,-210.79
2024-02-16,-324.52,176.76,4.12,-143.64
2024-02-20,-55.62,0.0,290.07,234.45
2024-02-21,0.0,0.0,0.0,0.0
2024-02-22,50.46,-7.28,0.0,43.18
2024-02-23,0.0,0.0,0.0,0.0
2024-02-26,0.0,0.0,0.0,0.0
2024-02-27,0.0,0.0,0.0,0.0
2024-02-28,0.0,0.0,0.0,0.0
2024-02-29,0.0,0.0,0.0,0.0
2024-03-01,369.2,0.0,-166.39,202.81
2024-03-04,0.0,225.92,0.0,225.92
2024-03-05,242.34,-185.28,17.24,74.3
2024-03-06,0.0,0.0,0.0,0.0
2024-03-07,95.82,0.0,-9.6,86.22
2024-03-08,174.8,0.0,-186.55,-11.75
2024-03-11,-82.28,-60.48,0.0,-142.76
2024-03-12,-28.44,47.52,0.0,19.080000000000002
2024-03-13,-36.14,-69.28,11.12,-94.3
2024-03-14,-188.98,-191.76,0.0,-380.74
2024-03-15,-57.3,0.0,-95.07,-152.37
2024-03-18,-62.9,-193.28,0.0,-256.18
2024-03-19,0.0,-190.2,0.0,-190.2
2024-03-20,0.0,0.0,150.78,150.78
2024-03-21,0.0,-82.2,0.0,-82.2
2024-03-22,0.0,-59.7,0.0,-59.7
2024-03-25,0.0,0.0,0.0,0.0
2024-03-26,0.0,0.0,0.0,0.0
2024-03-27,0.0,0.0,0.0,0.0
2024-03-28,0.0,0.0,0.0,0.0
2024-04-01,0.0,0.0,0.0,0.0
2024-04-02,0.0,0.0,0.0,0.0
2024-04-03,0.0,0.0,0.0,0.0
2024-04-04,0.0,0.0,0.0,0.0
2024-04-05,0.0,0.0,0.0,0.0
2024-04-08,0.0,0.0,0.0,0.0
2024-04-09,0.0,0.0,0.0,0.0
2024-04-10,0.0,0.0,0.0,0.0
2024-04-11,0.0,0.0,0.0,0.0
2024-04-12,0.0,0.0,0.0,0.0
2024-04-15,0.0,0.0,0.0,0.0
2024-04-16,0.0,0.0,0.0,0.0
2024-04-17,143.64,0.0,-164.55,-20.910000000000025
2024-04-18,0.0,0.0,0.0,0.0
2024-04-19,539.2,0.0,-129.57,409.63000000000005
2024-04-22,0.0,0.0,91.22,91.22
2024-04-23,269.2,0.0,-21.59,247.60999999999999
2024-04-24,0.0,12.24,0.0,12.24
2024-04-25,0.0,0.0,33.64,33.64
2024-04-26,116.96,-126.36,-28.39,-37.790000000000006
2024-04-29,0.0,0.0,0.0,0.0
2024-04-30,7.6,0.0,0.0,7.6
2024-05-01,0.0,762.24,0.0,762.24
2024-05-02,0.0,-99.36,0.0,-99.36
2024-05-03,0.0,-61.56,0.0,-61.56
2024-05-06,0.0,0.0,0.0,0.0
2024-05-07,0.0,0.0,0.0,0.0
2024-05-08,0.0,0.0,128.99,128.99
2024-05-09,0.0,13.8,-29.16,-15.36
2024-05-10,-197.78,15.64,0.0,-182.14
2024-05-13,0.0,0.0,0.0,0.0
2024-05-14,0.0,0.0,0.0,0.0
2024-05-15,217.76,13.02,30.4,261.18
2024-05-16,0.0,0.0,0.0,0.0
2024-05-17,0.0,0.0,0.0,0.0
2024-05-20,0.0,0.0,0.0,0.0
2024-05-21,0.0,0.0,0.0,0.0
2024-05-22,0.0,0.0,0.0,0.0
2024-05-23,0.0,0.0,0.0,0.0
2024-05-24,0.0,0.0,0.0,0.0
2024-05-28,0.0,0.0,0.0,0.0
2024-05-29,0.0,0.0,0.0,0.0
2024-05-30,0.0,0.0,0.0,0.0
2024-05-31,0.0,0.0,0.0,0.0
2024-06-03,0.0,0.0,0.0,0.0
2024-06-04,0.0,0.0,0.0,0.0
2024-06-05,0.0,0.0,0.0,0.0
2024-06-06,0.0,0.0,0.0,0.0
2024-06-07,0.0,0.0,0.0,0.0
2024-06-10,0.0,0.0,0.0,0.0
2024-06-11,0.0,0.0,0.0,0.0
2024-06-12,0.0,0.0,0.0,0.0
2024-06-13,0.0,0.0,0.0,0.0
2024-06-14,0.0,0.0,0.0,0.0
2024-06-17,0.0,0.0,0.0,0.0
2024-06-18,0.0,0.0,0.0,0.0
2024-06-20,0.0,0.0,0.0,0.0
2024-06-21,0.0,0.0,0.0,0.0
2024-06-24,0.0,0.0,0.0,0.0
2024-06-25,0.0,0.0,0.0,0.0
2024-06-26,0.0,0.0,0.0,0.0
2024-06-27,0.0,0.0,0.0,0.0
2024-06-28,0.0,0.0,0.0,0.0
2024-07-01,0.0,0.0,0.0,0.0
2024-07-02,0.0,0.0,0.0,0.0
2024-07-03,0.0,0.0,0.0,0.0
2024-07-05,0.0,0.0,0.0,0.0
2024-07-08,0.0,0.0,0.0,0.0
2024-07-09,0.0,0.0,0.0,0.0
2024-07-10,0.0,0.0,0.0,0.0
2024-07-11,0.0,0.0,0.0,0.0
2024-07-12,0.0,0.0,0.0,0.0
2024-07-15,0.0,0.0,0.0,0.0
2024-07-16,0.0,0.0,0.0,0.0
2024-07-17,44.46,0.0,-95.61,-51.15
2024-07-18,-127.96,0.0,209.05,81.09000000000002
2024-07-19,-90.08,0.0,0.0,-90.08
2024-07-22,0.0,0.0,0.0,0.0
2024-07-23,0.0,-189.54,0.0,-189.54
2024-07-24,262.88,-189.54,-42.17,31.17
2024-07-25,-375.42,0.0,17.65,-357.77000000000004
2024-07-26,0.0,-194.74,0.0,-194.74
2024-07-29,-187.46,-107.64,0.0,-295.1
2024-07-30,151.92,0.0,-354.03,-202.10999999999999
2024-07-31,0.0,0.0,0.0,0.0
2024-08-01,312.54,113.52,-103.77,322.29
2024-08-02,-66.48,0.0,0.0,-66.48
2024-08-05,0.0,0.0,-233.85,-233.85
2024-08-06,-230.82,0.0,0.0,-230.82
2024-08-07,0.0,-188.82,-5.34,-194.16
2024-08-08,6.72,0.0,0.0,6.72
2024-08-09,0.0,0.0,0.0,0.0
2024-08-12,0.0,23.58,0.0,23.58
2024-08-13,15.06,0.0,0.0,15.06
2024-08-14,0.0,-155.07,280.61,125.54000000000002
2024-08-15,19.92,0.0,-55.49,-35.57
2024-08-16,0.0,-12.42,0.0,-12.42
2024-08-19,0.0,0.0,0.0,0.0
2024-08-20,0.0,0.0,0.0,0.0
2024-08-21,0.0,0.0,0.0,0.0
2024-08-22,-103.41,0.0,-191.55,-294.96000000000004
2024-08-23,-175.12,-190.08,14.61,-350.59000000000003
2024-08-26,-29.94,54.12,63.9,88.08
2024-08-27,0.0,14.52,52.44,66.96
2024-08-28,-102.59,0.0,98.5,-4.090000000000003
2024-08-29,-155.6,-82.28,278.42,40.54000000000002
2024-08-30,0.0,163.02,0.0,163.02
2024-09-03,585.72,93.72,-148.18,531.26
2024-09-04,0.0,0.0,63.25,63.25
2024-09-05,-154.44,0.0,115.46,-38.980000000000004
2024-09-06,653.2,0.0,-45.33,607.87
2024-09-09,0.0,75.2,0.0,75.2
2024-09-10,0.0,-6.8,0.0,-6.8
2024-09-11,-99.4,0.0,-43.69,-143.09
2024-09-12,-31.52,0.0,0.0,-31.52
2024-09-13,0.0,14.2,0.0,14.2
2024-09-16,0.0,-71.8,0.0,-71.8
2024-09-17,0.0,41.2,0.0,41.2
2024-09-18,0.0,-185.81,0.0,-185.81
2024-09-19,0.0,0.0,120.16,120.16
2024-09-20,-83.4,0.0,0.0,-83.4
2024-09-23,0.0,0.0,0.0,0.0
2024-09-24,0.0,-5.28,127.33,122.05
2024-09-25,-23.98,0.0,-32.46,-56.44
2024-09-26,0.0,0.0,0.0,0.0
2024-09-27,0.0,0.0,0.0,0.0
2024-09-30,0.0,0.0,0.0,0.0
2024-10-01,0.0,0.0,0.0,0.0
2024-10-02,0.0,0.0,0.0,0.0
2024-10-03,0.0,0.0,0.0,0.0
2024-10-04,0.0,0.0,0.0,0.0
2024-10-07,0.0,0.0,0.0,0.0
2024-10-08,0.0,0.0,0.0,0.0
2024-10-09,0.0,0.0,0.0,0.0
2024-10-10,0.0,0.0,0.0,0.0
2024-10-11,0.0,0.0,0.0,0.0
2024-10-14,0.0,0.0,0.0,0.0
2024-10-15,0.0,0.0,0.0,0.0
2024-10-16,0.0,0.0,0.0,0.0
2024-10-17,0.0,0.0,0.0,0.0
2024-10-18,0.0,0.0,0.0,0.0
2024-10-21,0.0,0.0,0.0,0.0
2024-10-22,0.0,0.0,0.0,0.0
2024-10-23,0.0,0.0,0.0,0.0
2024-10-24,0.0,0.0,0.0,0.0
2024-10-25,0.0,0.0,0.0,0.0
2024-10-28,0.0,0.0,0.0,0.0
2024-10-29,0.0,0.0,0.0,0.0
2024-10-30,0.0,0.0,0.0,0.0
2024-10-31,0.0,0.0,0.0,0.0
2024-11-01,0.0,0.0,0.0,0.0
2024-11-04,0.0,0.0,0.0,0.0
2024-11-05,0.0,0.0,0.0,0.0
2024-11-06,8.82,-7.2,-40.86,-39.24
2024-11-07,156.12,0.0,-99.14,56.980000000000004
2024-11-08,0.0,0.0,0.0,0.0
2024-11-11,0.0,0.0,0.0,0.0
2024-11-12,-80.28,0.0,0.0,-80.28
2024-11-13,0.0,145.92,0.0,145.92
2024-11-14,0.0,76.32,0.0,76.32
2024-11-15,219.28,0.0,-165.98,53.30000000000001
2024-11-18,16.03,-114.88,0.0,-98.85
2024-11-19,-37.52,0.0,0.0,-37.52
2024-11-20,0.0,0.0,0.0,0.0
2024-11-21,0.0,0.0,0.0,0.0
2024-11-22,0.0,0.0,0.0,0.0
2024-11-25,0.0,0.0,0.0,0.0
2024-11-26,0.0,0.0,0.0,0.0
2024-11-27,0.0,0.0,0.0,0.0
2024-11-29,0.0,0.0,0.0,0.0
2024-12-02,0.0,0.0,0.0,0.0
2024-12-03,0.0,0.0,0.0,0.0
2024-12-04,0.0,0.0,0.0,0.0
2024-12-05,0.0,0.0,0.0,0.0
2024-12-06,0.0,0.0,0.0,0.0
2024-12-09,0.0,0.0,0.0,0.0
2024-12-10,0.0,0.0,0.0,0.0
2024-12-11,0.0,0.0,0.0,0.0
2024-12-12,0.0,0.0,0.0,0.0
2024-12-13,0.0,0.0,0.0,0.0
2024-12-16,212.94,-190.44,-221.39,-198.89
2024-12-17,-100.66,-191.52,0.0,-292.18
2024-12-18,636.18,-191.52,0.0,444.65999999999997
2024-12-19,0.0,-191.52,-101.42,-292.94
2024-12-20,122.6,526.86,95.29,744.75
2024-12-23,20.52,209.44,0.0,229.96
2024-12-24,290.88,0.0,0.0,290.88
2024-12-26,0.0,0.0,0.0,0.0
2024-12-27,-1.08,-190.06,168.69,-22.450000000000017
2024-12-30,-84.32,89.92,0.0,5.6000000000000085
2024-12-31,-47.92,-186.88,0.0,-234.8
2025-01-02,-57.72,27.3,0.0,-30.419999999999998
2025-01-03,-149.2,0.0,11.28,-137.92
2025-01-06,31.28,-17.94,0.0,13.34
2025-01-07,334.33,-115.44,-102.95,115.93999999999998
2025-01-08,0.0,0.0,0.0,0.0
2025-01-10,30.72,-68.8,0.0,-38.08
2025-01-13,0.0,-158.22,144.35,-13.870000000000005
2025-01-14,0.0,0.0,-101.92,-101.92
2025-01-15,-11.58,-86.8,30.16,-68.22
2025-01-16,0.0,151.2,-172.05,-20.850000000000023
2025-01-17,0.0,0.0,112.57,112.57
2025-01-21,0.0,-60.12,27.03,-33.089999999999996
2025-01-22,-0.16,0.0,31.38,31.22
2025-01-23,0.0,0.0,0.0,0.0
2025-01-24,-16.68,0.0,33.66,16.979999999999997
2025-01-27,0.0,0.0,221.12,221.12
2025-01-28,163.92,-110.88,-81.12,-28.080000000000013
2025-01-29,-170.9,0.0,0.0,-170.9
2025-01-30,0.0,-191.18,79.58,-111.60000000000001
2025-01-31,-63.41,0.0,172.54,109.13
2025-02-03,0.0,106.92,0.0,106.92
2025-02-04,190.08,0.0,63.88,253.96
2025-02-05,0.0,0.0,0.0,0.0
2025-02-06,0.0,218.64,0.0,218.64
2025-02-07,203.52,0.0,0.0,203.52
2025-02-10,0.0,-45.36,73.9,28.540000000000006
2025-02-11,0.0,90.24,0.0,90.24
2025-02-12,0.0,0.0,0.0,0.0
2025-02-13,-74.22,86.64,0.0,12.420000000000002
2025-02-14,0.0,0.0,0.0,0.0
2025-02-18,0.0,0.0,0.0,0.0
2025-02-19,0.0,0.0,0.0,0.0
2025-02-20,0.0,0.0,0.0,0.0
2025-02-21,0.0,0.0,0.0,0.0
2025-02-24,0.0,0.0,0.0,0.0
2025-02-25,0.0,0.0,0.0,0.0
2025-02-26,0.0,0.0,0.0,0.0
2025-02-27,-242.69,273.28,-175.28,-144.69000000000003
2025-02-28,-147.9,0.0,0.0,-147.9
2025-03-03,284.88,-192.14,-195.28,-102.53999999999999
2025-03-04,-119.76,0.0,-222.58,-342.34000000000003
2025-03-05,-35.87,0.0,0.0,-35.87
2025-03-06,37.26,0.0,-56.67,-19.410000000000004
2025-03-07,-192.4,-192.42,0.0,-384.82
2025-03-10,151.86,0.0,-179.82,-27.95999999999998
2025-03-11,-115.52,0.0,81.85,-33.67
2025-03-12,0.0,0.0,0.0,0.0
2025-03-13,-192.4,39.72,0.0,-152.68
2025-03-14,-11.64,0.0,0.0,-11.64
2025-03-17,0.0,0.0,0.0,0.0
2025-03-18,-38.92,12.72,0.0,-26.200000000000003
2025-03-19,0.0,0.0,0.0,0.0
2025-03-20,-13.04,0.0,0.0,-13.04
2025-03-21,0.0,-143.88,-83.75,-227.63
2025-03-24,0.0,25.32,0.0,25.32
2025-03-25,0.0,79.59,0.0,79.59
2025-03-26,270.72,0.0,-53.75,216.97000000000003
2025-03-27,0.0,0.0,0.0,0.0
2025-03-28,223.6,-34.02,-122.35,67.22999999999999
2025-03-31,0.0,0.0,168.41,168.41
2025-04-01,-33.52,0.0,-71.32,-104.84
2025-04-02,-19.44,0.0,-60.27,-79.71000000000001
2025-04-03,-41.64,66.78,179.26,204.39999999999998
2025-04-04,200.76,0.0,0.0,200.76
2025-04-07,-131.94,-196.02,83.51,-244.45000000000005
2025-04-08,24.66,0.0,276.4,301.06
2025-04-09,-372.86,292.16,-319.88,-400.58
2025-04-10,98.82,-198.24,0.0,-99.42000000000002
2025-04-11,-66.84,-5.46,0.0,-72.3
2025-04-14,0.0,-193.76,-168.72,-362.48
2025-04-15,0.0,0.0,0.0,0.0
2025-04-16,0.0,-191.28,0.0,-191.28
2025-04-17,0.0,0.0,-5.87,-5.87
2025-04-21,171.81,0.0,0.0,171.81
2025-04-22,-60.43,0.0,0.0,-60.43
2025-04-23,0.0,0.0,0.0,0.0
2025-04-24,202.88,0.0,-44.87,158.01
2025-04-25,0.0,-65.4,-8.86,-74.26
2025-04-28,-26.96,0.0,179.91,152.95
2025-04-29,0.0,0.0,0.0,0.0
2025-04-30,-142.44,0.0,-120.36,-262.8
2025-05-01,0.0,-176.96,0.0,-176.96
2025-05-02,0.0,-46.24,0.0,-46.24
2025-05-05,0.0,96.56,0.0,96.56
2025-05-06,0.0,65.88,0.0,65.88
2025-05-07,0.0,0.0,0.0,0.0
2025-05-08,-23.04,-193.32,0.0,-216.35999999999999
2025-05-09,0.0,-43.02,0.0,-43.02
2025-05-12,0.0,0.0,122.98,122.98
2025-05-13,249.12,0.0,-119.37,129.75
2025-05-14,0.0,0.0,0.0,0.0
2025-05-15,0.0,-196.56,0.0,-196.56
2025-05-16,0.0,20.04,-32.98,-12.939999999999998
2025-05-19,0.0,-168.96,3.41,-165.55
2025-05-20,0.0,0.0,0.0,0.0
2025-05-21,0.0,-190.84,-158.13,-348.97
2025-05-22,0.0,0.0,0.0,0.0
2025-05-23,0.0,69.84,0.0,69.84
2025-05-27,14.52,0.0,0.0,14.52
2025-05-28,0.0,0.0,0.0,0.0
2025-05-29,0.0,119.86,-142.99,-23.13000000000001
2025-05-30,-308.32,0.0,191.89,-116.43
2025-06-02,0.0,0.0,0.0,0.0
2025-06-03,0.0,0.0,0.0,0.0
2025-06-04,0.0,0.0,0.0,0.0
2025-06-05,0.0,0.0,0.0,0.0
2025-06-06,0.0,0.0,0.0,0.0
2025-06-09,0.0,0.0,0.0,0.0
2025-06-10,0.0,0.0,0.0,0.0
2025-06-11,0.0,0.0,0.0,0.0
2025-06-12,0.0,0.0,0.0,0.0
2025-06-13,0.0,0.0,0.0,0.0
2025-06-16,0.0,0.0,0.0,0.0
2025-06-17,0.0,0.0,0.0,0.0
2025-06-18,0.0,0.0,0.0,0.0
2025-06-20,0.0,0.0,0.0,0.0
2025-06-23,0.0,0.0,0.0,0.0
2025-06-24,0.0,0.0,0.0,0.0
2025-06-25,0.0,0.0,0.0,0.0
2025-06-26,0.0,0.0,0.0,0.0
2025-06-27,0.0,0.0,0.0,0.0
2025-06-30,0.0,0.0,0.0,0.0
2025-07-01,0.0,0.0,0.0,0.0
2025-07-02,0.0,0.0,0.0,0.0
2025-07-03,0.0,0.0,0.0,0.0
2025-07-07,0.0,0.0,0.0,0.0
2025-07-08,0.0,0.0,0.0,0.0
2025-07-09,0.0,0.0,0.0,0.0
2025-07-10,0.0,0.0,0.0,0.0
2025-07-11,0.0,0.0,0.0,0.0
2025-07-14,0.0,0.0,0.0,0.0
2025-07-15,0.0,0.0,0.0,0.0
2025-07-16,0.0,0.0,0.0,0.0
2025-07-17,0.0,0.0,0.0,0.0
2025-07-18,0.0,0.0,0.0,0.0
2025-07-21,0.0,0.0,0.0,0.0
2025-07-22,0.0,0.0,0.0,0.0
2025-07-23,0.0,0.0,0.0,0.0
2025-07-24,0.0,0.0,0.0,0.0
2025-07-25,0.0,0.0,0.0,0.0
2025-07-28,0.0,0.0,0.0,0.0
2025-07-29,0.0,0.0,0.0,0.0
2025-07-30,0.0,0.0,0.0,0.0
2025-07-31,0.0,0.0,0.0,0.0
2025-08-01,0.0,0.0,0.0,0.0
2025-08-04,0.0,0.0,0.0,0.0
2025-08-05,0.0,0.0,0.0,0.0
2025-08-06,0.0,0.0,0.0,0.0
2025-08-07,0.0,0.0,0.0,0.0
2025-08-08,0.0,0.0,0.0,0.0
2025-08-11,0.0,0.0,0.0,0.0
2025-08-12,0.0,0.0,0.0,0.0
2025-08-13,0.0,0.0,0.0,0.0
2025-08-14,0.0,0.0,0.0,0.0
2025-08-15,0.0,0.0,0.0,0.0
2025-08-18,0.0,0.0,0.0,0.0
2025-08-19,0.0,0.0,0.0,0.0
2025-08-20,0.0,0.0,0.0,0.0
2025-08-21,0.0,0.0,0.0,0.0
2025-08-22,0.0,0.0,0.0,0.0
2025-08-25,0.0,0.0,0.0,0.0
2025-08-26,0.0,0.0,0.0,0.0
2025-08-27,0.0,0.0,0.0,0.0
2025-08-28,0.0,0.0,0.0,0.0
2025-08-29,0.0,0.0,0.0,0.0
2025-09-02,0.0,0.0,0.0,0.0
2025-09-03,0.0,0.0,0.0,0.0
2025-09-04,0.0,0.0,0.0,0.0
2025-09-05,0.0,0.0,0.0,0.0
2025-09-08,0.0,0.0,0.0,0.0
2025-09-09,0.0,0.0,0.0,0.0
2025-09-10,0.0,0.0,0.0,0.0
2025-09-11,0.0,0.0,0.0,0.0
2025-09-12,0.0,0.0,0.0,0.0
2025-09-15,0.0,0.0,0.0,0.0
2025-09-16,0.0,0.0,0.0,0.0
2025-09-17,0.0,0.0,0.0,0.0
2025-09-18,0.0,0.0,0.0,0.0
2025-09-19,0.0,0.0,0.0,0.0
2025-09-22,0.0,0.0,0.0,0.0
2025-09-23,0.0,0.0,0.0,0.0
2025-09-24,0.0,0.0,0.0,0.0
2025-09-25,0.0,0.0,0.0,0.0
2025-09-26,0.0,0.0,0.0,0.0
2025-09-29,0.0,0.0,0.0,0.0
2025-09-30,0.0,0.0,0.0,0.0
2025-10-01,0.0,0.0,0.0,0.0
2025-10-02,0.0,0.0,0.0,0.0
2025-10-03,0.0,0.0,0.0,0.0
2025-10-06,0.0,0.0,0.0,0.0
2025-10-07,0.0,0.0,0.0,0.0
2025-10-08,0.0,0.0,0.0,0.0
2025-10-09,0.0,0.0,0.0,0.0
2025-10-10,0.0,0.0,0.0,0.0
2025-10-13,0.0,0.0,0.0,0.0
2025-10-14,-142.32,0.0,0.0,-142.32
2025-10-15,-48.72,0.0,0.0,-48.72
2025-10-16,-73.74,0.0,0.0,-73.74
2025-10-17,-202.3,0.0,155.6,-46.70000000000002
2025-10-20,179.34,0.0,36.48,215.82
2025-10-21,39.48,-33.28,0.0,6.199999999999996
2025-10-22,119.64,0.0,3.29,122.93
2025-10-23,-76.38,-64.56,-33.27,-174.21
2025-10-24,0.0,-125.16,0.0,-125.16
2025-10-27,0.0,0.0,0.0,0.0
2025-10-28,0.0,-184.56,-62.92,-247.48000000000002
2025-10-29,0.0,143.04,0.0,143.04
2025-10-30,-139.32,135.84,-88.17,-91.64999999999999
2025-10-31,0.0,0.0,0.0,0.0
2025-11-03,0.0,0.0,0.0,0.0
2025-11-04,0.0,0.0,-154.8,-154.8
2025-11-05,264.2,0.0,-74.28,189.92
2025-11-06,406.14,320.06,-156.73,569.47
2025-11-07,64.1,-190.19,-135.7,-261.78999999999996
2025-11-10,-81.84,45.76,0.0,-36.080000000000005
2025-11-11,0.0,74.36,0.0,74.36
2025-11-12,0.0,0.0,7.41,7.41
2025-11-13,126.48,0.0,122.8,249.28
2025-11-14,-30.24,145.44,-27.97,87.23
2025-11-17,0.0,187.2,0.0,187.2
2025-11-18,-303.66,159.48,0.0,-144.18000000000004
2025-11-19,-166.4,-104.24,231.44,-39.19999999999999
2025-11-20,212.76,0.0,-262.95,-50.19
2025-11-21,-65.64,0.0,127.63,61.989999999999995
2025-11-24,183.06,14.84,-181.55,16.349999999999994
2025-11-25,0.0,0.0,0.0,0.0
2025-11-26,0.0,-57.26,0.0,-57.26
2025-11-28,0.0,-13.16,0.0,-13.16
2025-12-01,0.0,0.0,0.0,0.0
2025-12-02,0.0,-71.04,22.25,-48.790000000000006
2025-12-03,0.0,0.0,0.0,0.0
2025-12-04,0.0,-90.26,0.0,-90.26
2025-12-05,-114.4,0.0,0.0,-114.4
2025-12-08,0.0,38.7,0.0,38.7
2025-12-09,0.0,0.0,0.0,0.0
2025-12-10,0.0,0.0,0.0,0.0
2025-12-11,0.0,0.0,0.0,0.0
2025-12-12,0.0,0.0,0.0,0.0
2025-12-15,0.0,0.0,0.0,0.0
2025-12-16,0.0,0.0,0.0,0.0
2025-12-17,0.0,0.0,0.0,0.0
2025-12-18,0.0,0.0,0.0,0.0
2025-12-19,0.0,0.0,0.0,0.0
2025-12-22,0.0,0.0,0.0,0.0
2025-12-23,0.0,0.0,0.0,0.0
2025-12-24,0.0,0.0,0.0,0.0
2025-12-26,0.0,0.0,0.0,0.0
2025-12-29,0.0,0.0,0.0,0.0
2025-12-30,0.0,0.0,0.0,0.0
2025-12-31,0.0,0.0,0.0,0.0
2026-01-02,0.0,0.0,0.0,0.0
2026-01-05,0.0,0.0,0.0,0.0
2026-01-06,0.0,0.0,0.0,0.0
2026-01-07,0.0,0.0,0.0,0.0
2026-01-08,0.0,0.0,0.0,0.0
2026-01-09,0.0,0.0,0.0,0.0
2026-01-12,0.0,0.0,0.0,0.0
2026-01-13,0.0,0.0,0.0,0.0
2026-01-14,0.0,0.0,0.0,0.0
2026-01-15,0.0,0.0,0.0,0.0
2026-01-16,0.0,0.0,0.0,0.0
2026-01-20,0.0,0.0,0.0,0.0
2026-01-21,0.0,0.0,0.0,0.0
2026-01-22,0.0,0.0,0.0,0.0
2026-01-23,0.0,0.0,0.0,0.0
2026-01-26,0.0,0.0,0.0,0.0
2026-01-27,0.0,0.0,0.0,0.0
2026-01-28,0.0,0.0,0.0,0.0
2026-01-29,0.0,0.0,0.0,0.0
2026-01-30,0.0,0.0,0.0,0.0
2026-02-02,0.0,0.0,0.0,0.0
2026-02-03,270.1,0.0,-54.4,215.70000000000002
2026-02-04,9.46,182.64,-216.35,-24.25
2026-02-05,-42.54,-65.76,0.0,-108.30000000000001
2026-02-06,154.26,180.2,0.0,334.46
2026-02-09,5.46,-7.8,2.97,0.6300000000000003
2026-02-10,0.0,0.0,0.0,0.0
2026-02-11,0.0,0.0,0.0,0.0
2026-02-12,207.96,104.72,24.25,336.93
2026-02-13,0.0,-69.8,0.0,-69.8
2026-02-17,-41.92,22.56,0.0,-19.360000000000003
2026-02-18,176.52,0.0,93.07,269.59000000000003
2026-02-19,0.0,0.0,0.0,0.0
2026-02-20,-226.98,0.0,156.77,-70.20999999999998
2026-02-23,-31.68,0.0,0.0,-31.68
2026-02-24,-25.86,0.0,0.0,-25.86
2026-02-25,-58.4,0.0,70.93,12.530000000000008
2026-02-26,235.34,-92.3,-2.75,140.29000000000002
2026-02-27,0.0,0.0,0.0,0.0
2026-03-02,0.0,0.0,0.0,0.0
2026-03-03,0.0,0.0,0.0,0.0
2026-03-04,-14.34,0.0,-3.13,-17.47
2026-03-05,0.0,0.0,0.0,0.0
2026-03-06,0.0,0.0,0.0,0.0
2026-03-09,0.0,0.0,0.0,0.0
2026-03-10,-31.44,46.56,0.0,15.120000000000001
2026-03-11,0.0,0.0,0.0,0.0
2026-03-12,36.08,0.0,0.0,36.08
2026-03-13,0.0,0.0,0.0,0.0
2026-03-16,0.0,0.0,0.0,0.0
2026-03-17,0.0,0.0,0.0,0.0
2026-03-18,0.0,0.0,0.0,0.0
2026-03-19,0.0,0.0,0.0,0.0
2026-03-20,359.52,-84.64,-3.5,271.38
2026-03-23,6.66,0.0,0.0,6.66
2026-03-24,0.0,149.58,-31.96,117.62
2026-03-25,0.0,0.0,0.0,0.0
2026-03-26,144.96,100.53,-112.47,133.02
2026-03-27,218.07,19.98,0.0,238.04999999999998
2026-03-30,19.56,0.0,-96.15,-76.59
2026-03-31,-148.38,55.98,-161.8,-254.20000000000002
2026-04-01,-103.12,-71.82,11.86,-163.07999999999998
2026-04-02,0.0,0.0,-44.43,-44.43
2026-04-06,-190.68,0.0,0.0,-190.68
2026-04-07,-69.52,0.0,145.61,76.09000000000002
2026-04-08,0.0,197.28,-90.64,106.64
2026-04-09,0.0,0.0,128.56,128.56
2026-04-10,0.0,-40.32,0.0,-40.32
2026-04-13,0.0,186.48,0.0,186.48
2026-04-14,148.88,9.18,0.0,158.06
2026-04-15,48.44,67.68,-155.57,-39.44999999999999
2026-04-16,0.0,0.0,0.0,0.0
2026-04-17,-29.04,0.0,108.8,79.75999999999999
2026-04-20,-77.4,-22.8,62.64,-37.56
2026-04-21,0.0,-195.58,0.0,-195.58
2026-04-22,-36.63,95.92,-71.75,-12.46
2026-04-23,0.0,0.0,0.0,0.0
2026-04-24,63.66,49.72,-9.73,103.64999999999999
2026-04-27,0.0,0.0,0.0,0.0
2026-04-28,-11.64,44.45,0.0,32.81
2026-04-29,-49.57,-16.64,6.52,-59.69000000000001
2026-04-30,-197.96,0.0,184.39,-13.570000000000022
2026-05-01,-142.92,-189.36,-138.74,-471.02
2026-05-04,-130.68,-50.76,0.0,-181.44
2026-05-05,0.0,0.0,0.0,0.0
2026-05-06,56.24,42.02,0.0,98.26
2026-05-07,-38.24,0.0,226.56,188.32
2026-05-08,194.48,188.32,-161.81,220.98999999999995
2026-05-11,-73.9,-98.78,0.0,-172.68
2026-05-12,-46.02,0.0,-252.83,-298.85
2026-05-13,20.46,0.0,0.0,20.46
2026-05-14,118.79,0.0,0.0,118.79
2026-05-15,-107.94,116.2,0.0,8.260000000000005
2026-05-18,0.88,368.2,-187.87,181.20999999999998
2026-05-19,-67.44,0.0,0.0,-67.44
2026-05-20,68.14,73.08,0.0,141.22
2026-05-21,0.0,0.0,0.0,0.0
2026-05-22,0.0,0.0,0.0,0.0
2026-05-26,-4.14,56.88,-2.75,49.99
2026-05-27,-32.9,0.0,231.9,199.0
2026-05-28,20.48,0.0,0.0,20.48
2026-05-29,0.0,0.0,0.0,0.0
2026-06-01,0.0,0.0,0.0,0.0
2026-06-02,0.0,0.0,0.0,0.0
2026-06-03,0.0,0.0,0.0,0.0
2026-06-04,0.0,0.0,0.0,0.0
2026-06-05,432.48,191.2,-211.4,412.2800000000001
2026-06-08,-35.94,0.0,0.0,-35.94
2026-06-09,169.26,0.0,-142.02,27.23999999999998
2026-06-10,0.0,-193.8,309.39,115.58999999999997
2026-06-11,94.32,156.78,188.05,439.15
2026-06-12,-196.89,0.0,0.0,-196.89
2026-06-15,14.46,0.0,0.0,14.46
2026-06-16,373.6,211.76,-247.76,337.6
2026-06-17,0.0,0.0,0.0,0.0
2026-06-18,0.0,123.34,0.0,123.34
2026-06-22,0.0,0.0,0.0,0.0
2026-06-23,0.0,0.0,0.0,0.0
2026-06-24,-291.56,114.72,123.48,-53.36
2026-06-25,-180.54,-18.48,443.87,244.85000000000002
2026-06-26,0.0,0.0,0.0,0.0
2026-06-29,81.96,0.0,47.56,129.51999999999998
2026-06-30,229.1,17.1,-88.06,158.14
2026-07-01,0.0,0.0,-92.28,-92.28
2026-07-02,154.36,0.0,-287.08,-132.71999999999997
2026-07-06,13.56,-119.56,0.0,-106.0
2026-07-07,-61.14,-92.26,0.0,-153.4
2026-07-08,0.0,0.0,0.0,0.0
2026-07-09,-12.24,0.0,0.0,-12.24
2026-07-10,0.0,0.0,0.0,0.0
2026-07-13,-15.24,-127.96,0.0,-143.2
2026-07-14,0.0,0.0,0.0,0.0
2026-07-15,-24.48,112.16,-44.62,43.059999999999995
2026-07-16,0.0,-104.64,0.0,-104.64
2026-07-17,0.0,-39.84,69.95,30.11
2026-07-20,0.0,0.0,0.0,0.0
2026-07-21,0.0,0.0,0.0,0.0
2026-07-22,0.0,0.0,0.0,0.0
2026-07-23,5.16,0.0,0.0,5.16
2026-07-24,-272.38,-35.84,-217.95,-526.1700000000001
2026-07-27,-151.98,-104.15,162.42,-93.71000000000001
2026-07-28,-167.94,0.0,372.67,204.73000000000002
2026-07-29,-175.08,625.24,238.89,689.05
2026-07-30,4.02,-12.46,191.66,183.22
2026-07-31,0.0,-32.76,-70.81,-103.57
2026-08-03,370.1,-37.38,20.58,353.3
2026-08-04,315.96,-60.18,0.0,255.77999999999997
2026-08-05,0.0,-147.56,0.0,-147.56
2026-08-06,0.0,-18.76,10.78,-7.980000000000002
2026-08-07,0.0,54.39,0.0,54.39
2026-08-10,0.0,87.29,0.0,87.29
2026-08-11,0.0,0.0,0.0,0.0
2026-08-12,0.0,0.0,0.0,0.0
2026-08-13,-40.68,0.0,66.37,25.690000000000005
2026-08-14,0.0,43.36,0.0,43.36
2026-08-17,0.0,0.0,0.0,0.0
2026-08-18,0.0,0.0,0.0,0.0
2026-08-19,0.0,0.0,144.34,144.34
2026-08-20,0.0,0.0,0.0,0.0
2026-08-21,0.0,0.0,0.0,0.0
2026-08-24,0.0,0.0,0.0,0.0
2026-08-25,0.0,0.0,0.0,0.0
2026-08-26,0.0,0.0,0.0,0.0
2026-08-27,0.0,0.0,0.0,0.0
2026-08-28,0.0,0.0,0.0,0.0
2026-08-31,0.0,0.0,0.0,0.0
2026-09-01,0.0,0.0,0.0,0.0
2026-09-02,0.0,0.0,0.0,0.0
2026-09-03,0.0,0.0,0.0,0.0
2026-09-04,0.0,0.0,0.0,0.0
